run_id,run_at,protocol,code,build_id,slice,hypothesis,n_raw,n_declustered,hit_rate,base_rate,edge,expectancy,p,survived
discover-2026-09-24T07:38:18+00:00,2026-09-24T07:38:18+00:00,0106fab4dc2f35a2,ca09aadca6c719d7,5,discover,k3:hammer_shape,12978,10235,0.41866145578895947,0.4334444953028619,-0.014783039513902418,-0.004861428322365498,0.010994502748625687,False
discover-2026-09-24T07:38:18+00:00,2026-09-24T07:38:18+00:00,0106fab4dc2f35a2,ca09aadca6c719d7,5,discover,k3:hammer_shape+above_ma_50,5677,4630,0.4321814254859611,0.4329108446168058,-0.0007294191308446774,-0.004593795861749108,0.9455272363818091,False
discover-2026-09-24T07:38:18+00:00,2026-09-24T07:38:18+00:00,0106fab4dc2f35a2,ca09aadca6c719d7,5,discover,k3:hammer_shape+at_resistance,3747,3017,0.4259197878687438,0.43316091681298347,-0.007241128944239672,-0.0017261077301658771,0.5297351324337831,False
discover-2026-09-24T07:38:18+00:00,2026-09-24T07:38:18+00:00,0106fab4dc2f35a2,ca09aadca6c719d7,5,discover,k3:hammer_shape+at_support,4486,3626,0.4067843353557639,0.43316091681298347,-0.02637658145721955,-0.004220032096375766,0.0069965017491254375,False
discover-2026-09-24T07:38:18+00:00,2026-09-24T07:38:18+00:00,0106fab4dc2f35a2,ca09aadca6c719d7,5,discover,k3:hammer_shape+breadth_positive,5285,4442,0.40972534894191803,0.4346684625657767,-0.024943113623858648,-0.004189473601665387,0.012993503248375811,False
discover-2026-09-24T07:38:18+00:00,2026-09-24T07:38:18+00:00,0106fab4dc2f35a2,ca09aadca6c719d7,5,discover,k3:hammer_shape+ma_50_rising,5877,4746,0.42962494732406237,0.43363549045503663,-0.0040105431309742645,-0.0050176587250652036,0.6966516741629185,False
discover-2026-09-24T07:38:18+00:00,2026-09-24T07:38:18+00:00,0106fab4dc2f35a2,ca09aadca6c719d7,5,discover,k3:hammer_shape+market_up,7098,5712,0.4206932773109244,0.4315507757109892,-0.010857498400064836,-0.003656364842851946,0.255872063968016,False
discover-2026-09-24T07:38:18+00:00,2026-09-24T07:38:18+00:00,0106fab4dc2f35a2,ca09aadca6c719d7,5,discover,k3:hammer_shape+rvol_high,1778,1634,0.40820073439412485,0.4323737099402499,-0.02417297554612502,-0.006582734867525717,0.13993003498250875,False
discover-2026-09-24T07:38:18+00:00,2026-09-24T07:38:18+00:00,0106fab4dc2f35a2,ca09aadca6c719d7,5,discover,k3:hammer_shape+volume_dry,2254,1946,0.4357656731757451,0.4325326910641198,0.0032329821116253155,-0.003566815585474722,0.7956021989005497,False
discover-2026-09-24T07:38:18+00:00,2026-09-24T07:38:18+00:00,0106fab4dc2f35a2,ca09aadca6c719d7,5,discover,k3:hammer_shape+above_ma_50+at_resistance,2382,1958,0.4376915219611849,0.43316091681298347,0.0045306051482014165,-0.0016126782932618126,0.719640179910045,False
discover-2026-09-24T07:38:18+00:00,2026-09-24T07:38:18+00:00,0106fab4dc2f35a2,ca09aadca6c719d7,5,discover,k3:hammer_shape+above_ma_50+at_support,1837,1549,0.42414460942543575,0.43316091681298347,-0.009016307387547717,-0.0028776200821005638,0.526736631684158,False
discover-2026-09-24T07:38:18+00:00,2026-09-24T07:38:18+00:00,0106fab4dc2f35a2,ca09aadca6c719d7,5,discover,k3:hammer_shape+above_ma_50+breadth_positive,2935,2509,0.41331207652451174,0.43324282339373543,-0.019930746869223692,-0.00519231609382586,0.16691654172913542,False
discover-2026-09-24T07:38:18+00:00,2026-09-24T07:38:18+00:00,0106fab4dc2f35a2,ca09aadca6c719d7,5,discover,k3:hammer_shape+above_ma_50+ma_50_rising,4561,3717,0.4387947269303202,0.43363549045503663,0.005159236475283546,-0.004039475777263527,0.6326836581709145,False
discover-2026-09-24T07:38:18+00:00,2026-09-24T07:38:18+00:00,0106fab4dc2f35a2,ca09aadca6c719d7,5,discover,k3:hammer_shape+above_ma_50+market_up,3962,3285,0.4353120243531202,0.43310347137611527,0.0022085529770049517,-0.0033073418769701017,0.8525737131434283,False
discover-2026-09-24T07:38:18+00:00,2026-09-24T07:38:18+00:00,0106fab4dc2f35a2,ca09aadca6c719d7,5,discover,k3:hammer_shape+above_ma_50+rvol_high,946,877,0.4150513112884835,0.4329108446168058,-0.017859533328322297,-0.006872681581014463,0.45077461269365315,False
discover-2026-09-24T07:38:18+00:00,2026-09-24T07:38:18+00:00,0106fab4dc2f35a2,ca09aadca6c719d7,5,discover,k3:hammer_shape+above_ma_50+volume_dry,939,819,0.43833943833943834,0.4329108446168058,0.0054285937226325465,-0.0029686835264665463,0.7726136931534233,False
discover-2026-09-24T07:38:18+00:00,2026-09-24T07:38:18+00:00,0106fab4dc2f35a2,ca09aadca6c719d7,5,discover,k3:hammer_shape+at_resistance+at_support,2359,1915,0.4031331592689295,0.43316091681298347,-0.030027757544053957,-0.00277591457172789,0.03298350824587706,False
discover-2026-09-24T07:38:18+00:00,2026-09-24T07:38:18+00:00,0106fab4dc2f35a2,ca09aadca6c719d7,5,discover,k3:hammer_shape+at_resistance+breadth_positive,1677,1409,0.41092973740241306,0.43349408350078145,-0.022564346098368382,-0.001372450797266954,0.19890054972513743,False
discover-2026-09-24T07:38:18+00:00,2026-09-24T07:38:18+00:00,0106fab4dc2f35a2,ca09aadca6c719d7,5,discover,k3:hammer_shape+at_resistance+ma_50_rising,2318,1884,0.4288747346072187,0.43316091681298347,-0.004286182205764766,-0.0019524891584918563,0.7816091954022989,False
discover-2026-09-24T07:38:18+00:00,2026-09-24T07:38:18+00:00,0106fab4dc2f35a2,ca09aadca6c719d7,5,discover,k3:hammer_shape+at_resistance+market_up,2308,1903,0.4330005254860746,0.4333671945544211,-0.0003666690683464813,-0.000758125573623629,0.993503248375812,False
discover-2026-09-24T07:38:18+00:00,2026-09-24T07:38:18+00:00,0106fab4dc2f35a2,ca09aadca6c719d7,5,discover,k3:hammer_shape+at_resistance+rvol_high,525,490,0.40816326530612246,0.43316091681298347,-0.024997651506861007,-0.004057729255850286,0.3428285857071464,False
discover-2026-09-24T07:38:18+00:00,2026-09-24T07:38:18+00:00,0106fab4dc2f35a2,ca09aadca6c719d7,5,discover,k3:hammer_shape+at_resistance+volume_dry,632,555,0.42882882882882883,0.43316091681298347,-0.004332087984154631,-0.001238044332110199,0.8345827086456772,False
discover-2026-09-24T07:38:18+00:00,2026-09-24T07:38:18+00:00,0106fab4dc2f35a2,ca09aadca6c719d7,5,discover,k3:hammer_shape+at_support+breadth_positive,1749,1489,0.39086635325721963,0.43349408350078145,-0.04262773024356181,-0.004040712316359327,0.010994502748625687,False
discover-2026-09-24T07:38:18+00:00,2026-09-24T07:38:18+00:00,0106fab4dc2f35a2,ca09aadca6c719d7,5,discover,k3:hammer_shape+at_support+ma_50_rising,2194,1811,0.41413583655438985,0.43316091681298347,-0.01902508025859362,-0.004618160065039117,0.1539230384807596,False
discover-2026-09-24T07:38:18+00:00,2026-09-24T07:38:18+00:00,0106fab4dc2f35a2,ca09aadca6c719d7,5,discover,k3:hammer_shape+at_support+market_up,2485,2055,0.4092457420924574,0.4333671945544211,-0.024121452461963677,-0.002390713080110524,0.06196901549225387,False
discover-2026-09-24T07:38:18+00:00,2026-09-24T07:38:18+00:00,0106fab4dc2f35a2,ca09aadca6c719d7,5,discover,k3:hammer_shape+at_support+rvol_high,537,496,0.3790322580645161,0.43316091681298347,-0.05412865874846734,-0.005231313320476531,0.013993003498250875,False
discover-2026-09-24T07:38:18+00:00,2026-09-24T07:38:18+00:00,0106fab4dc2f35a2,ca09aadca6c719d7,5,discover,k3:hammer_shape+at_support+volume_dry,958,856,0.41939252336448596,0.43316091681298347,-0.013768393448497507,-0.0032908379141539075,0.39480259870064965,False
discover-2026-09-24T07:38:18+00:00,2026-09-24T07:38:18+00:00,0106fab4dc2f35a2,ca09aadca6c719d7,5,discover,k3:hammer_shape+breadth_positive+ma_50_rising,2657,2264,0.4209363957597173,0.43397147446991685,-0.013035078710199544,-0.003768744383451086,0.41379310344827586,False
discover-2026-09-24T07:38:18+00:00,2026-09-24T07:38:18+00:00,0106fab4dc2f35a2,ca09aadca6c719d7,5,discover,k3:hammer_shape+breadth_positive+market_up,3810,3187,0.41198619391277064,0.4318531075236451,-0.019866913610874448,-0.003618355780285102,0.13193403298350825,False
discover-2026-09-24T07:38:18+00:00,2026-09-24T07:38:18+00:00,0106fab4dc2f35a2,ca09aadca6c719d7,5,discover,k3:hammer_shape+breadth_positive+rvol_high,890,825,0.40484848484848485,0.43266022757132505,-0.027811742722840205,-0.006577538227134571,0.19890054972513743,False
discover-2026-09-24T07:38:18+00:00,2026-09-24T07:38:18+00:00,0106fab4dc2f35a2,ca09aadca6c719d7,5,discover,k3:hammer_shape+breadth_positive+volume_dry,740,657,0.4322678843226788,0.43281736471831156,-0.0005494803956327399,0.000292928119169462,0.9345327336331835,False
discover-2026-09-24T07:38:18+00:00,2026-09-24T07:38:18+00:00,0106fab4dc2f35a2,ca09aadca6c719d7,5,discover,k3:hammer_shape+ma_50_rising+market_up,3846,3152,0.4333756345177665,0.43385097321763744,-0.0004753386998709308,-0.0032703905554381436,0.9665167416291854,False
discover-2026-09-24T07:38:18+00:00,2026-09-24T07:38:18+00:00,0106fab4dc2f35a2,ca09aadca6c719d7,5,discover,k3:hammer_shape+ma_50_rising+rvol_high,830,773,0.4139715394566624,0.43363549045503663,-0.019663950998374258,-0.00452441809318824,0.4617691154422789,False
discover-2026-09-24T07:38:18+00:00,2026-09-24T07:38:18+00:00,0106fab4dc2f35a2,ca09aadca6c719d7,5,discover,k3:hammer_shape+ma_50_rising+volume_dry,1130,977,0.43807574206755373,0.43363549045503663,0.004440251612517099,-0.0030043571625949454,0.7876061969015492,False
discover-2026-09-24T07:38:18+00:00,2026-09-24T07:38:18+00:00,0106fab4dc2f35a2,ca09aadca6c719d7,5,discover,k3:hammer_shape+market_up+rvol_high,1043,962,0.41995841995842,0.43152250700491335,-0.011564087046493365,-0.005572617249230248,0.5937031484257871,False
discover-2026-09-24T07:38:18+00:00,2026-09-24T07:38:18+00:00,0106fab4dc2f35a2,ca09aadca6c719d7,5,discover,k3:hammer_shape+market_up+volume_dry,1113,951,0.4374342797055731,0.4316923567132672,0.005741922992305859,-0.0017699331704205126,0.7916041979010495,False
discover-2026-09-24T07:38:18+00:00,2026-09-24T07:38:18+00:00,0106fab4dc2f35a2,ca09aadca6c719d7,5,discover,k3:hammer_shape+rvol_high+volume_dry,0,0,,0.4325326910641198,,,1.0,False
discover-2026-09-24T07:38:18+00:00,2026-09-24T07:38:18+00:00,0106fab4dc2f35a2,ca09aadca6c719d7,5,discover,k3:inverted_hammer_shape,11007,9433,0.4455634474716421,0.4334444953028619,0.012118952168780228,-0.001967709486237317,0.0559720139930035,False
discover-2026-09-24T07:38:18+00:00,2026-09-24T07:38:18+00:00,0106fab4dc2f35a2,ca09aadca6c719d7,5,discover,k3:inverted_hammer_shape+above_ma_50,4632,4051,0.4653172056282399,0.4329108446168058,0.032406361011434126,7.218078143200327e-05,0.0009995002498750624,True
discover-2026-09-24T07:38:18+00:00,2026-09-24T07:38:18+00:00,0106fab4dc2f35a2,ca09aadca6c719d7,5,discover,k3:inverted_hammer_shape+at_resistance,3355,3012,0.43260292164674635,0.43316091681298347,-0.000557995166237113,-0.00040576742192240665,0.9655172413793104,False
discover-2026-09-24T07:38:18+00:00,2026-09-24T07:38:18+00:00,0106fab4dc2f35a2,ca09aadca6c719d7,5,discover,k3:inverted_hammer_shape+at_support,3350,2951,0.4188410708234497,0.43316091681298347,-0.014319845989533786,-0.002715587117767081,0.1629185407296352,False
discover-2026-09-24T07:38:18+00:00,2026-09-24T07:38:18+00:00,0106fab4dc2f35a2,ca09aadca6c719d7,5,discover,k3:inverted_hammer_shape+breadth_positive,4840,4316,0.44416126042632065,0.4346684625657767,0.009492797860543967,-0.0015645112739150126,0.3568215892053973,False
discover-2026-09-24T07:38:18+00:00,2026-09-24T07:38:18+00:00,0106fab4dc2f35a2,ca09aadca6c719d7,5,discover,k3:inverted_hammer_shape+ma_50_rising,5087,4408,0.4720961887477314,0.43363549045503663,0.03846069829269477,0.0005829970865250777,0.0009995002498750624,True
discover-2026-09-24T07:38:18+00:00,2026-09-24T07:38:18+00:00,0106fab4dc2f35a2,ca09aadca6c719d7,5,discover,k3:inverted_hammer_shape+market_up,6279,5463,0.44517664287021785,0.4315507757109892,0.013625867159228644,-0.0015318378991884755,0.14192903548225888,False
discover-2026-09-24T07:38:18+00:00,2026-09-24T07:38:18+00:00,0106fab4dc2f35a2,ca09aadca6c719d7,5,discover,k3:inverted_hammer_shape+rvol_high,1932,1845,0.44986449864498645,0.4323737099402499,0.017490788704736582,-0.0018222648669499293,0.31384307846076964,False
discover-2026-09-24T07:38:18+00:00,2026-09-24T07:38:18+00:00,0106fab4dc2f35a2,ca09aadca6c719d7,5,discover,k3:inverted_hammer_shape+volume_dry,1652,1511,0.44606221045665123,0.4325326910641198,0.013529519392531442,-0.0025689399188109584,0.3618190904547726,False
discover-2026-09-24T07:38:18+00:00,2026-09-24T07:38:18+00:00,0106fab4dc2f35a2,ca09aadca6c719d7,5,discover,k3:inverted_hammer_shape+above_ma_50+at_resistance,1786,1615,0.448297213622291,0.43316091681298347,0.015136296809307559,0.0007616911044148057,0.2098950524737631,False
discover-2026-09-24T07:38:18+00:00,2026-09-24T07:38:18+00:00,0106fab4dc2f35a2,ca09aadca6c719d7,5,discover,k3:inverted_hammer_shape+above_ma_50+at_support,1008,901,0.4328523862375139,0.43316091681298347,-0.00030853057546958995,-0.0008291950855479081,0.9895052473763118,False
discover-2026-09-24T07:38:18+00:00,2026-09-24T07:38:18+00:00,0106fab4dc2f35a2,ca09aadca6c719d7,5,discover,k3:inverted_hammer_shape+above_ma_50+breadth_positive,2677,2402,0.4646128226477935,0.43324282339373543,0.03136999925405809,0.000654103394169527,0.014992503748125937,False
discover-2026-09-24T07:38:18+00:00,2026-09-24T07:38:18+00:00,0106fab4dc2f35a2,ca09aadca6c719d7,5,discover,k3:inverted_hammer_shape+above_ma_50+ma_50_rising,3682,3217,0.4787068697544296,0.43363549045503663,0.04507137929939298,0.0010438489114861533,0.0009995002498750624,True
discover-2026-09-24T07:38:18+00:00,2026-09-24T07:38:18+00:00,0106fab4dc2f35a2,ca09aadca6c719d7,5,discover,k3:inverted_hammer_shape+above_ma_50+market_up,3479,3068,0.4657757496740548,0.43310347137611527,0.032672278297939505,0.0005150470277484507,0.004997501249375313,True
discover-2026-09-24T07:38:18+00:00,2026-09-24T07:38:18+00:00,0106fab4dc2f35a2,ca09aadca6c719d7,5,discover,k3:inverted_hammer_shape+above_ma_50+rvol_high,1033,997,0.4704112337011033,0.4329108446168058,0.037500389084297536,0.0007666629119012097,0.047976011994003,False
discover-2026-09-24T07:38:18+00:00,2026-09-24T07:38:18+00:00,0106fab4dc2f35a2,ca09aadca6c719d7,5,discover,k3:inverted_hammer_shape+above_ma_50+volume_dry,563,518,0.4671814671814672,0.4329108446168058,0.0342706225646614,-0.00015111178394077715,0.16691654172913542,False
discover-2026-09-24T07:38:18+00:00,2026-09-24T07:38:18+00:00,0106fab4dc2f35a2,ca09aadca6c719d7,5,discover,k3:inverted_hammer_shape+at_resistance+at_support,1852,1674,0.4169653524492234,0.43316091681298347,-0.016195564363760073,-0.0011223487080280511,0.20689655172413793,False
discover-2026-09-24T07:38:18+00:00,2026-09-24T07:38:18+00:00,0106fab4dc2f35a2,ca09aadca6c719d7,5,discover,k3:inverted_hammer_shape+at_resistance+breadth_positive,1619,1499,0.4216144096064043,0.43349408350078145,-0.011879673894377163,-9.715484962559533e-05,0.3458270864567716,False
discover-2026-09-24T07:38:18+00:00,2026-09-24T07:38:18+00:00,0106fab4dc2f35a2,ca09aadca6c719d7,5,discover,k3:inverted_hammer_shape+at_resistance+ma_50_rising,1930,1742,0.4569460390355913,0.43316091681298347,0.023785122222607813,0.0010703968928231261,0.06196901549225387,False
discover-2026-09-24T07:38:18+00:00,2026-09-24T07:38:18+00:00,0106fab4dc2f35a2,ca09aadca6c719d7,5,discover,k3:inverted_hammer_shape+at_resistance+market_up,2203,1989,0.4228255404725993,0.4333671945544211,-0.010541654081821783,-0.00026514493426320774,0.4057971014492754,False
discover-2026-09-24T07:38:18+00:00,2026-09-24T07:38:18+00:00,0106fab4dc2f35a2,ca09aadca6c719d7,5,discover,k3:inverted_hammer_shape+at_resistance+rvol_high,571,557,0.45960502692998206,0.43316091681298347,0.026444110116998598,0.0022161188220916456,0.24887556221889057,False
discover-2026-09-24T07:38:18+00:00,2026-09-24T07:38:18+00:00,0106fab4dc2f35a2,ca09aadca6c719d7,5,discover,k3:inverted_hammer_shape+at_resistance+volume_dry,501,467,0.4411134903640257,0.43316091681298347,0.00795257355104223,-0.0010833244108340973,0.7336331834082959,False
discover-2026-09-24T07:38:18+00:00,2026-09-24T07:38:18+00:00,0106fab4dc2f35a2,ca09aadca6c719d7,5,discover,k3:inverted_hammer_shape+at_support+breadth_positive,1362,1227,0.41483292583537085,0.43349408350078145,-0.0186611576654106,-0.0011110690212572363,0.2448775612193903,False
discover-2026-09-24T07:38:18+00:00,2026-09-24T07:38:18+00:00,0106fab4dc2f35a2,ca09aadca6c719d7,5,discover,k3:inverted_hammer_shape+at_support+ma_50_rising,1499,1333,0.4463615903975994,0.43316091681298347,0.013200673584615907,3.722460167166206e-05,0.4027986006996502,False
discover-2026-09-24T07:38:18+00:00,2026-09-24T07:38:18+00:00,0106fab4dc2f35a2,ca09aadca6c719d7,5,discover,k3:inverted_hammer_shape+at_support+market_up,1939,1730,0.4115606936416185,0.4333671945544211,-0.021806500912802562,-0.0017041930584715177,0.13193403298350825,False
discover-2026-09-24T07:38:18+00:00,2026-09-24T07:38:18+00:00,0106fab4dc2f35a2,ca09aadca6c719d7,5,discover,k3:inverted_hammer_shape+at_support+rvol_high,452,438,0.4132420091324201,0.43316091681298347,-0.01991890768056337,-0.0026286673429041776,0.4617691154422789,False
discover-2026-09-24T07:38:18+00:00,2026-09-24T07:38:18+00:00,0106fab4dc2f35a2,ca09aadca6c719d7,5,discover,k3:inverted_hammer_shape+at_support+volume_dry,680,626,0.43450479233226835,0.43316091681298347,0.0013438755192848872,-0.0018444788747785901,0.8995502248875562,False
discover-2026-09-24T07:38:18+00:00,2026-09-24T07:38:18+00:00,0106fab4dc2f35a2,ca09aadca6c719d7,5,discover,k3:inverted_hammer_shape+breadth_positive+ma_50_rising,2519,2258,0.4720992028343667,0.43397147446991685,0.03812772836444983,0.00045897668694609456,0.00399800099950025,True
discover-2026-09-24T07:38:18+00:00,2026-09-24T07:38:18+00:00,0106fab4dc2f35a2,ca09aadca6c719d7,5,discover,k3:inverted_hammer_shape+breadth_positive+market_up,3606,3214,0.4508400746733043,0.4318531075236451,0.018986967149659195,-0.0006097557281862963,0.14392803598200898,False
discover-2026-09-24T07:38:18+00:00,2026-09-24T07:38:18+00:00,0106fab4dc2f35a2,ca09aadca6c719d7,5,discover,k3:inverted_hammer_shape+breadth_positive+rvol_high,1019,983,0.44455747711088506,0.43266022757132505,0.011897249539560006,-0.0017728307240143031,0.5477261369315343,False
discover-2026-09-24T07:38:18+00:00,2026-09-24T07:38:18+00:00,0106fab4dc2f35a2,ca09aadca6c719d7,5,discover,k3:inverted_hammer_shape+breadth_positive+volume_dry,564,531,0.4576271186440678,0.43281736471831156,0.02480975392575624,5.844268707875771e-06,0.24187906046976512,False
discover-2026-09-24T07:38:18+00:00,2026-09-24T07:38:18+00:00,0106fab4dc2f35a2,ca09aadca6c719d7,5,discover,k3:inverted_hammer_shape+ma_50_rising+market_up,3460,3039,0.46265218821980914,0.43385097321763744,0.0288012150021717,-0.0003458098495614954,0.013993003498250875,False
discover-2026-09-24T07:38:18+00:00,2026-09-24T07:38:18+00:00,0106fab4dc2f35a2,ca09aadca6c719d7,5,discover,k3:inverted_hammer_shape+ma_50_rising+rvol_high,947,915,0.49398907103825135,0.43363549045503663,0.060353580583214717,0.0028181446141152845,0.010994502748625687,False
discover-2026-09-24T07:38:18+00:00,2026-09-24T07:38:18+00:00,0106fab4dc2f35a2,ca09aadca6c719d7,5,discover,k3:inverted_hammer_shape+ma_50_rising+volume_dry,833,767,0.4771838331160365,0.43363549045503663,0.043548342660999884,0.001035956533643489,0.0399800099950025,False
discover-2026-09-24T07:38:18+00:00,2026-09-24T07:38:18+00:00,0106fab4dc2f35a2,ca09aadca6c719d7,5,discover,k3:inverted_hammer_shape+market_up+rvol_high,1233,1182,0.44416243654822335,0.43152250700491335,0.012639929543310002,-0.0022629981593599584,0.45977011494252873,False
discover-2026-09-24T07:38:18+00:00,2026-09-24T07:38:18+00:00,0106fab4dc2f35a2,ca09aadca6c719d7,5,discover,k3:inverted_hammer_shape+market_up+volume_dry,812,757,0.43989431968295906,0.4316923567132672,0.008201962969691834,-0.0022703468323693014,0.6906546726636682,False
discover-2026-09-24T07:38:18+00:00,2026-09-24T07:38:18+00:00,0106fab4dc2f35a2,ca09aadca6c719d7,5,discover,k3:inverted_hammer_shape+rvol_high+volume_dry,0,0,,0.4325326910641198,,,1.0,False
discover-2026-09-24T07:38:18+00:00,2026-09-24T07:38:18+00:00,0106fab4dc2f35a2,ca09aadca6c719d7,5,discover,k3:doji,32636,23243,0.43570107129028096,0.4334444953028619,0.002256575987419074,-0.002298063264555883,0.6226886556721639,False
discover-2026-09-24T07:38:18+00:00,2026-09-24T07:38:18+00:00,0106fab4dc2f35a2,ca09aadca6c719d7,5,discover,k3:doji+above_ma_50,14664,10723,0.44623706052410705,0.4329108446168058,0.013326215907301264,-0.0006738053855275159,0.038980509745127435,False
discover-2026-09-24T07:38:18+00:00,2026-09-24T07:38:18+00:00,0106fab4dc2f35a2,ca09aadca6c719d7,5,discover,k3:doji+at_resistance,10113,7647,0.43428795606120046,0.43316091681298347,0.0011270392482169989,-0.0003734333834935989,0.8775612193903048,False
discover-2026-09-24T07:38:18+00:00,2026-09-24T07:38:18+00:00,0106fab4dc2f35a2,ca09aadca6c719d7,5,discover,k3:doji+at_support,10686,8038,0.4196317491913411,0.43316091681298347,-0.013529167621642357,-0.002782592032924024,0.05997001499250375,False
discover-2026-09-24T07:38:18+00:00,2026-09-24T07:38:18+00:00,0106fab4dc2f35a2,ca09aadca6c719d7,5,discover,k3:doji+breadth_positive,14805,11251,0.4260065771931384,0.4346684625657767,-0.00866188537263829,-0.002036778222260105,0.30184907546226886,False
discover-2026-09-24T07:38:18+00:00,2026-09-24T07:38:18+00:00,0106fab4dc2f35a2,ca09aadca6c719d7,5,discover,k3:doji+ma_50_rising,15045,10903,0.452719435017885,0.43363549045503663,0.019083944562848343,-0.0010824538734524743,0.005997001499250375,False
discover-2026-09-24T07:38:18+00:00,2026-09-24T07:38:18+00:00,0106fab4dc2f35a2,ca09aadca6c719d7,5,discover,k3:doji+market_up,18475,13677,0.4335014988667105,0.4315507757109892,0.0019507231557213123,-0.0018019896874979034,0.8065967016491754,False
discover-2026-09-24T07:38:18+00:00,2026-09-24T07:38:18+00:00,0106fab4dc2f35a2,ca09aadca6c719d7,5,discover,k3:doji+rvol_high,4716,4223,0.42457968269003077,0.4323737099402499,-0.007794027250219104,-0.0023380473617833327,0.48575712143928035,False
discover-2026-09-24T07:38:18+00:00,2026-09-24T07:38:18+00:00,0106fab4dc2f35a2,ca09aadca6c719d7,5,discover,k3:doji+volume_dry,4821,3941,0.43237756914488706,0.4325326910641198,-0.00015512191923272578,-0.002889246222009498,0.9715142428785607,False
discover-2026-09-24T07:38:18+00:00,2026-09-24T07:38:18+00:00,0106fab4dc2f35a2,ca09aadca6c719d7,5,discover,k3:doji+above_ma_50+at_resistance,6063,4663,0.44284795196225607,0.43316091681298347,0.009687035149272605,0.000534605592023868,0.24187906046976512,False
discover-2026-09-24T07:38:18+00:00,2026-09-24T07:38:18+00:00,0106fab4dc2f35a2,ca09aadca6c719d7,5,discover,k3:doji+above_ma_50+at_support,3900,3094,0.4211376858435682,0.43316091681298347,-0.012023230969415266,-0.0013333571827474702,0.25087456271864067,False
discover-2026-09-24T07:38:18+00:00,2026-09-24T07:38:18+00:00,0106fab4dc2f35a2,ca09aadca6c719d7,5,discover,k3:doji+above_ma_50+breadth_positive,8417,6479,0.43340021608272883,0.43324282339373543,0.0001573926889933963,-0.0009375296208320963,0.9765117441279361,False
discover-2026-09-24T07:38:18+00:00,2026-09-24T07:38:18+00:00,0106fab4dc2f35a2,ca09aadca6c719d7,5,discover,k3:doji+above_ma_50+ma_50_rising,11617,8471,0.45626254279305867,0.43363549045503663,0.022627052338022036,-0.00021909125334236004,0.005997001499250375,False
discover-2026-09-24T07:38:18+00:00,2026-09-24T07:38:18+00:00,0106fab4dc2f35a2,ca09aadca6c719d7,5,discover,k3:doji+above_ma_50+market_up,10760,8089,0.44949932006428484,0.43310347137611527,0.016395848688169568,0.00012927353096946873,0.079960019990005,False
discover-2026-09-24T07:38:18+00:00,2026-09-24T07:38:18+00:00,0106fab4dc2f35a2,ca09aadca6c719d7,5,discover,k3:doji+above_ma_50+rvol_high,2611,2344,0.41467576791808874,0.4329108446168058,-0.018235076698717045,-0.0022965002494655566,0.1549225387306347,False
discover-2026-09-24T07:38:18+00:00,2026-09-24T07:38:18+00:00,0106fab4dc2f35a2,ca09aadca6c719d7,5,discover,k3:doji+above_ma_50+volume_dry,1913,1612,0.45595533498759305,0.4329108446168058,0.023044490370787263,-0.0010065002694988885,0.15592203898050974,False
discover-2026-09-24T07:38:18+00:00,2026-09-24T07:38:18+00:00,0106fab4dc2f35a2,ca09aadca6c719d7,5,discover,k3:doji+at_resistance+at_support,5830,4480,0.41808035714285713,0.43316091681298347,-0.015080559670126337,-0.0011162722240330835,0.10694652673663169,False
discover-2026-09-24T07:38:18+00:00,2026-09-24T07:38:18+00:00,0106fab4dc2f35a2,ca09aadca6c719d7,5,discover,k3:doji+at_resistance+breadth_positive,5117,4088,0.42759295499021527,0.43349408350078145,-0.005901128510566178,-4.959693305350316e-05,0.6166916541729135,False
discover-2026-09-24T07:38:18+00:00,2026-09-24T07:38:18+00:00,0106fab4dc2f35a2,ca09aadca6c719d7,5,discover,k3:doji+at_resistance+ma_50_rising,5988,4561,0.4531900898925674,0.43316091681298347,0.020029173079583962,-5.205043372621078e-05,0.03298350824587706,False
discover-2026-09-24T07:38:18+00:00,2026-09-24T07:38:18+00:00,0106fab4dc2f35a2,ca09aadca6c719d7,5,discover,k3:doji+at_resistance+market_up,6577,5119,0.4377808165657355,0.4333671945544211,0.0044136220113144,0.000574380503704163,0.657671164417791,False
discover-2026-09-24T07:38:18+00:00,2026-09-24T07:38:18+00:00,0106fab4dc2f35a2,ca09aadca6c719d7,5,discover,k3:doji+at_resistance+rvol_high,1508,1378,0.41944847605224966,0.43316091681298347,-0.013712440760733802,0.00014755090087303961,0.38980509745127434,False
discover-2026-09-24T07:38:18+00:00,2026-09-24T07:38:18+00:00,0106fab4dc2f35a2,ca09aadca6c719d7,5,discover,k3:doji+at_resistance+volume_dry,1506,1255,0.4398406374501992,0.43316091681298347,0.006679720637215725,-0.0006754879497301053,0.6446776611694153,False
discover-2026-09-24T07:38:18+00:00,2026-09-24T07:38:18+00:00,0106fab4dc2f35a2,ca09aadca6c719d7,5,discover,k3:doji+at_support+breadth_positive,4605,3657,0.4112660650806672,0.43349408350078145,-0.022228018420114237,-0.002093509473485289,0.06696651674162919,False
discover-2026-09-24T07:38:18+00:00,2026-09-24T07:38:18+00:00,0106fab4dc2f35a2,ca09aadca6c719d7,5,discover,k3:doji+at_support+ma_50_rising,4817,3745,0.44352469959946594,0.43316091681298347,0.010363782786482478,-0.0019350386459842674,0.31084457771114443,False
discover-2026-09-24T07:38:18+00:00,2026-09-24T07:38:18+00:00,0106fab4dc2f35a2,ca09aadca6c719d7,5,discover,k3:doji+at_support+market_up,6098,4719,0.4233947870311507,0.4333671945544211,-0.009972407523270388,-0.0014798299918687755,0.3448275862068966,False
discover-2026-09-24T07:38:18+00:00,2026-09-24T07:38:18+00:00,0106fab4dc2f35a2,ca09aadca6c719d7,5,discover,k3:doji+at_support+rvol_high,1314,1198,0.39482470784641066,0.43316091681298347,-0.038336208966572805,-0.002475939652263662,0.038980509745127435,False
discover-2026-09-24T07:38:18+00:00,2026-09-24T07:38:18+00:00,0106fab4dc2f35a2,ca09aadca6c719d7,5,discover,k3:doji+at_support+volume_dry,2069,1747,0.42472810532341154,0.43316091681298347,-0.008432811489571923,-0.0028160135379030494,0.49375312343828087,False
discover-2026-09-24T07:38:18+00:00,2026-09-24T07:38:18+00:00,0106fab4dc2f35a2,ca09aadca6c719d7,5,discover,k3:doji+breadth_positive+ma_50_rising,7552,5822,0.4395396770869117,0.43397147446991685,0.005568202616994866,-0.0014174167292151942,0.6446776611694153,False
discover-2026-09-24T07:38:18+00:00,2026-09-24T07:38:18+00:00,0106fab4dc2f35a2,ca09aadca6c719d7,5,discover,k3:doji+breadth_positive+market_up,10912,8428,0.43046986236355006,0.4318531075236451,-0.0013832451600950257,-0.0013482187720883887,0.8895552223888056,False
discover-2026-09-24T07:38:18+00:00,2026-09-24T07:38:18+00:00,0106fab4dc2f35a2,ca09aadca6c719d7,5,discover,k3:doji+breadth_positive+rvol_high,2608,2354,0.4035683942225998,0.43266022757132505,-0.029091833348725227,-0.00304282248975024,0.03798100949525238,False
discover-2026-09-24T07:38:18+00:00,2026-09-24T07:38:18+00:00,0106fab4dc2f35a2,ca09aadca6c719d7,5,discover,k3:doji+breadth_positive+volume_dry,1729,1486,0.4468371467025572,0.43281736471831156,0.014019781984245638,0.0004252576203404907,0.37381309345327335,False
discover-2026-09-24T07:38:18+00:00,2026-09-24T07:38:18+00:00,0106fab4dc2f35a2,ca09aadca6c719d7,5,discover,k3:doji+ma_50_rising+market_up,10226,7630,0.45019659239842724,0.43385097321763744,0.016345619180789805,-0.0006238686566689907,0.0879560219890055,False
discover-2026-09-24T07:38:18+00:00,2026-09-24T07:38:18+00:00,0106fab4dc2f35a2,ca09aadca6c719d7,5,discover,k3:doji+ma_50_rising+rvol_high,2250,2025,0.43753086419753084,0.43363549045503663,0.0038953737424942125,-0.0010715148964571936,0.9045477261369316,False
discover-2026-09-24T07:38:18+00:00,2026-09-24T07:38:18+00:00,0106fab4dc2f35a2,ca09aadca6c719d7,5,discover,k3:doji+ma_50_rising+volume_dry,2444,2024,0.4575098814229249,0.43363549045503663,0.023874390967888293,-0.0014355301306036158,0.09795102448775612,False
discover-2026-09-24T07:38:18+00:00,2026-09-24T07:38:18+00:00,0106fab4dc2f35a2,ca09aadca6c719d7,5,discover,k3:doji+market_up+rvol_high,2901,2626,0.4146991622239147,0.43152250700491335,-0.016823344780998672,-0.0020105277769591453,0.17391304347826086,False
discover-2026-09-24T07:38:18+00:00,2026-09-24T07:38:18+00:00,0106fab4dc2f35a2,ca09aadca6c719d7,5,discover,k3:doji+market_up+volume_dry,2341,1977,0.424886191198786,0.4316923567132672,-0.0068061655144812105,-0.002896994519267565,0.6116941529235382,False
discover-2026-09-24T07:38:18+00:00,2026-09-24T07:38:18+00:00,0106fab4dc2f35a2,ca09aadca6c719d7,5,discover,k3:doji+rvol_high+volume_dry,0,0,,0.4325326910641198,,,1.0,False
discover-2026-09-24T07:38:18+00:00,2026-09-24T07:38:18+00:00,0106fab4dc2f35a2,ca09aadca6c719d7,5,discover,k3:marubozu_green,14194,11949,0.432086367060005,0.4334444953028619,-0.0013581282428568597,-0.002574687789456075,0.769615192403798,False
discover-2026-09-24T07:38:18+00:00,2026-09-24T07:38:18+00:00,0106fab4dc2f35a2,ca09aadca6c719d7,5,discover,k3:marubozu_green+above_ma_50,7613,6512,0.43796068796068793,0.4329108446168058,0.005049843343882143,-0.002056126775712179,0.5177411294352824,False
discover-2026-09-24T07:38:18+00:00,2026-09-24T07:38:18+00:00,0106fab4dc2f35a2,ca09aadca6c719d7,5,discover,k3:marubozu_green+at_resistance,3635,3321,0.43541102077687444,0.43316091681298347,0.0022501039638909703,-0.00011995895268644737,0.8225887056471765,False
discover-2026-09-24T07:38:18+00:00,2026-09-24T07:38:18+00:00,0106fab4dc2f35a2,ca09aadca6c719d7,5,discover,k3:marubozu_green+at_support,3672,3333,0.4146414641464146,0.43316091681298347,-0.018519452666568847,-0.0032101903320957254,0.03298350824587706,False
discover-2026-09-24T07:38:18+00:00,2026-09-24T07:38:18+00:00,0106fab4dc2f35a2,ca09aadca6c719d7,5,discover,k3:marubozu_green+breadth_positive,7118,6180,0.42880258899676377,0.4346684625657767,-0.005865873569012914,-0.0028781285385261622,0.47276361819090457,False
discover-2026-09-24T07:38:18+00:00,2026-09-24T07:38:18+00:00,0106fab4dc2f35a2,ca09aadca6c719d7,5,discover,k3:marubozu_green+ma_50_rising,6834,5829,0.4367816091954023,0.43363549045503663,0.0031461187403656887,-0.0022871074609397933,0.7276361819090454,False
discover-2026-09-24T07:38:18+00:00,2026-09-24T07:38:18+00:00,0106fab4dc2f35a2,ca09aadca6c719d7,5,discover,k3:marubozu_green+market_up,8193,7015,0.4289379900213828,0.4315507757109892,-0.002612785689606434,-0.0024836893895119963,0.7346326836581709,False
discover-2026-09-24T07:38:18+00:00,2026-09-24T07:38:18+00:00,0106fab4dc2f35a2,ca09aadca6c719d7,5,discover,k3:marubozu_green+rvol_high,4335,3979,0.41316913797436544,0.4323737099402499,-0.01920457196588443,-0.005888756404158263,0.035982008995502246,False
discover-2026-09-24T07:38:18+00:00,2026-09-24T07:38:18+00:00,0106fab4dc2f35a2,ca09aadca6c719d7,5,discover,k3:marubozu_green+volume_dry,1719,1545,0.4517799352750809,0.4325326910641198,0.019247244210961134,-0.0003514724939916922,0.19490254872563717,False
discover-2026-09-24T07:38:18+00:00,2026-09-24T07:38:18+00:00,0106fab4dc2f35a2,ca09aadca6c719d7,5,discover,k3:marubozu_green+above_ma_50+at_resistance,2692,2484,0.4472624798711755,0.43316091681298347,0.014101563058192046,0.0012312828036765602,0.21489255372313842,False
discover-2026-09-24T07:38:18+00:00,2026-09-24T07:38:18+00:00,0106fab4dc2f35a2,ca09aadca6c719d7,5,discover,k3:marubozu_green+above_ma_50+at_support,2009,1885,0.4387267904509284,0.43316091681298347,0.005565873637944918,-0.0018657730711137716,0.6296851574212894,False
discover-2026-09-24T07:38:18+00:00,2026-09-24T07:38:18+00:00,0106fab4dc2f35a2,ca09aadca6c719d7,5,discover,k3:marubozu_green+above_ma_50+breadth_positive,4492,3933,0.4276633613018052,0.43324282339373543,-0.005579462091930221,-0.0022400527457205215,0.5877061469265368,False
discover-2026-09-24T07:38:18+00:00,2026-09-24T07:38:18+00:00,0106fab4dc2f35a2,ca09aadca6c719d7,5,discover,k3:marubozu_green+above_ma_50+ma_50_rising,5810,4958,0.4473578055667608,0.43363549045503663,0.01372231511172417,-0.0012178478516392329,0.1359320339830085,False
discover-2026-09-24T07:38:18+00:00,2026-09-24T07:38:18+00:00,0106fab4dc2f35a2,ca09aadca6c719d7,5,discover,k3:marubozu_green+above_ma_50+market_up,5652,4864,0.4428453947368421,0.43310347137611527,0.009741923360726823,-0.00102415544306439,0.29685157421289354,False
discover-2026-09-24T07:38:18+00:00,2026-09-24T07:38:18+00:00,0106fab4dc2f35a2,ca09aadca6c719d7,5,discover,k3:marubozu_green+above_ma_50+rvol_high,3065,2802,0.41577444682369735,0.4329108446168058,-0.017136397793108438,-0.004110698800649897,0.10494752623688156,False
discover-2026-09-24T07:38:18+00:00,2026-09-24T07:38:18+00:00,0106fab4dc2f35a2,ca09aadca6c719d7,5,discover,k3:marubozu_green+above_ma_50+volume_dry,802,727,0.4676753782668501,0.4329108446168058,0.03476453365004428,0.0003104567226048575,0.10794602698650675,False
discover-2026-09-24T07:38:18+00:00,2026-09-24T07:38:18+00:00,0106fab4dc2f35a2,ca09aadca6c719d7,5,discover,k3:marubozu_green+at_resistance+at_support,2033,1879,0.4204364023416711,0.43316091681298347,-0.012724514471312343,-0.0013587632811780986,0.31284357821089454,False
discover-2026-09-24T07:38:18+00:00,2026-09-24T07:38:18+00:00,0106fab4dc2f35a2,ca09aadca6c719d7,5,discover,k3:marubozu_green+at_resistance+breadth_positive,1891,1764,0.4280045351473923,0.43349408350078145,-0.005489548353389162,8.550352322898522e-06,0.7056471764117941,False
discover-2026-09-24T07:38:18+00:00,2026-09-24T07:38:18+00:00,0106fab4dc2f35a2,ca09aadca6c719d7,5,discover,k3:marubozu_green+at_resistance+ma_50_rising,2151,1965,0.45190839694656487,0.43316091681298347,0.018747480133581407,0.0013682061736404864,0.15692153923038482,False
discover-2026-09-24T07:38:18+00:00,2026-09-24T07:38:18+00:00,0106fab4dc2f35a2,ca09aadca6c719d7,5,discover,k3:marubozu_green+at_resistance+market_up,2363,2188,0.443327239488117,0.4333671945544211,0.0099600449336959,0.0010632582413659906,0.4097951024487756,False
discover-2026-09-24T07:38:18+00:00,2026-09-24T07:38:18+00:00,0106fab4dc2f35a2,ca09aadca6c719d7,5,discover,k3:marubozu_green+at_resistance+rvol_high,1129,1096,0.43704379562043794,0.43316091681298347,0.0038828788074544707,-0.0008253238052377253,0.8175912043978011,False
discover-2026-09-24T07:38:18+00:00,2026-09-24T07:38:18+00:00,0106fab4dc2f35a2,ca09aadca6c719d7,5,discover,k3:marubozu_green+at_resistance+volume_dry,501,463,0.46436285097192226,0.43316091681298347,0.031201934158938793,0.002539379737718227,0.23088455772113944,False
discover-2026-09-24T07:38:18+00:00,2026-09-24T07:38:18+00:00,0106fab4dc2f35a2,ca09aadca6c719d7,5,discover,k3:marubozu_green+at_support+breadth_positive,1726,1592,0.41896984924623115,0.43349408350078145,-0.014524234254550294,-0.001928025295505877,0.2938530734632684,False
discover-2026-09-24T07:38:18+00:00,2026-09-24T07:38:18+00:00,0106fab4dc2f35a2,ca09aadca6c719d7,5,discover,k3:marubozu_green+at_support+ma_50_rising,1812,1667,0.43071385722855426,0.43316091681298347,-0.002447059584429201,-0.002859415292717481,0.8325837081459271,False
discover-2026-09-24T07:38:18+00:00,2026-09-24T07:38:18+00:00,0106fab4dc2f35a2,ca09aadca6c719d7,5,discover,k3:marubozu_green+at_support+market_up,2147,1983,0.42309631870902675,0.4333671945544211,-0.010270875845394323,-0.0019517713398423135,0.4077961019490255,False
discover-2026-09-24T07:38:18+00:00,2026-09-24T07:38:18+00:00,0106fab4dc2f35a2,ca09aadca6c719d7,5,discover,k3:marubozu_green+at_support+rvol_high,953,927,0.40668824163969797,0.43316091681298347,-0.026472675173285498,-0.00375642376689708,0.10194902548725637,False
discover-2026-09-24T07:38:18+00:00,2026-09-24T07:38:18+00:00,0106fab4dc2f35a2,ca09aadca6c719d7,5,discover,k3:marubozu_green+at_support+volume_dry,646,594,0.4595959595959596,0.43316091681298347,0.026435042782976148,0.00046176970960175464,0.22088955522238882,False
discover-2026-09-24T07:38:18+00:00,2026-09-24T07:38:18+00:00,0106fab4dc2f35a2,ca09aadca6c719d7,5,discover,k3:marubozu_green+breadth_positive+ma_50_rising,3662,3186,0.43063402385436284,0.43397147446991685,-0.0033374506155540162,-0.0019980482465324074,0.7576211894052973,False
discover-2026-09-24T07:38:18+00:00,2026-09-24T07:38:18+00:00,0106fab4dc2f35a2,ca09aadca6c719d7,5,discover,k3:marubozu_green+breadth_positive+market_up,5083,4425,0.4273446327683616,0.4318531075236451,-0.004508474755283487,-0.00283788285214264,0.6776611694152923,False
discover-2026-09-24T07:38:18+00:00,2026-09-24T07:38:18+00:00,0106fab4dc2f35a2,ca09aadca6c719d7,5,discover,k3:marubozu_green+breadth_positive+rvol_high,2716,2522,0.4072164948453608,0.43266022757132505,-0.02544373272596423,-0.00687868179448025,0.03398300849575212,False
discover-2026-09-24T07:38:18+00:00,2026-09-24T07:38:18+00:00,0106fab4dc2f35a2,ca09aadca6c719d7,5,discover,k3:marubozu_green+breadth_positive+volume_dry,694,627,0.4864433811802233,0.43281736471831156,0.05362601646191173,0.006060848931694942,0.026986506746626688,False
discover-2026-09-24T07:38:18+00:00,2026-09-24T07:38:18+00:00,0106fab4dc2f35a2,ca09aadca6c719d7,5,discover,k3:marubozu_green+ma_50_rising+market_up,4773,4089,0.44485204206407436,0.43385097321763744,0.011001068846436923,-0.0010509692311119255,0.3078460769615192,False
discover-2026-09-24T07:38:18+00:00,2026-09-24T07:38:18+00:00,0106fab4dc2f35a2,ca09aadca6c719d7,5,discover,k3:marubozu_green+ma_50_rising+rvol_high,2303,2108,0.42552182163187857,0.43363549045503663,-0.00811366882315806,-0.002831089423762756,0.5007496251874063,False
discover-2026-09-24T07:38:18+00:00,2026-09-24T07:38:18+00:00,0106fab4dc2f35a2,ca09aadca6c719d7,5,discover,k3:marubozu_green+ma_50_rising+volume_dry,875,795,0.4477987421383648,0.43363549045503663,0.01416325168332816,-0.0009345271562738801,0.5017491254372813,False
discover-2026-09-24T07:38:18+00:00,2026-09-24T07:38:18+00:00,0106fab4dc2f35a2,ca09aadca6c719d7,5,discover,k3:marubozu_green+market_up+rvol_high,2937,2701,0.4113291373565346,0.43152250700491335,-0.020193369648378756,-0.005392440135519454,0.06596701649175413,False
discover-2026-09-24T07:38:18+00:00,2026-09-24T07:38:18+00:00,0106fab4dc2f35a2,ca09aadca6c719d7,5,discover,k3:marubozu_green+market_up+volume_dry,827,749,0.46862483311081443,0.4316923567132672,0.03693247639754721,0.0037419819328594127,0.079960019990005,False
discover-2026-09-24T07:38:18+00:00,2026-09-24T07:38:18+00:00,0106fab4dc2f35a2,ca09aadca6c719d7,5,discover,k3:marubozu_green+rvol_high+volume_dry,0,0,,0.4325326910641198,,,1.0,False
discover-2026-09-24T07:38:18+00:00,2026-09-24T07:38:18+00:00,0106fab4dc2f35a2,ca09aadca6c719d7,5,discover,k3:marubozu_red,16556,13679,0.457270268294466,0.4334444953028619,0.0238257729916041,-0.0016593431053543884,0.0009995002498750624,True
discover-2026-09-24T07:38:18+00:00,2026-09-24T07:38:18+00:00,0106fab4dc2f35a2,ca09aadca6c719d7,5,discover,k3:marubozu_red+above_ma_50,5851,5072,0.45918769716088326,0.4329108446168058,0.026276852544077467,-0.0020234987715597886,0.022988505747126436,False
discover-2026-09-24T07:38:18+00:00,2026-09-24T07:38:18+00:00,0106fab4dc2f35a2,ca09aadca6c719d7,5,discover,k3:marubozu_red+at_resistance,4358,3905,0.44020486555697824,0.43316091681298347,0.007043948743994777,-0.0024094837277366683,0.41679160419790107,False
discover-2026-09-24T07:38:18+00:00,2026-09-24T07:38:18+00:00,0106fab4dc2f35a2,ca09aadca6c719d7,5,discover,k3:marubozu_red+at_support,5157,4525,0.4353591160220994,0.43316091681298347,0.0021981992091159586,-0.0033544634790993013,0.7806096951524237,False
discover-2026-09-24T07:38:18+00:00,2026-09-24T07:38:18+00:00,0106fab4dc2f35a2,ca09aadca6c719d7,5,discover,k3:marubozu_red+breadth_positive,6633,5837,0.46153846153846156,0.4346684625657767,0.026869998972684883,-0.0009425508817876824,0.028985507246376812,False
discover-2026-09-24T07:38:18+00:00,2026-09-24T07:38:18+00:00,0106fab4dc2f35a2,ca09aadca6c719d7,5,discover,k3:marubozu_red+ma_50_rising,7700,6426,0.4656084656084656,0.43363549045503663,0.03197297515342895,-0.0014330984675392953,0.001999000499750125,True
discover-2026-09-24T07:38:18+00:00,2026-09-24T07:38:18+00:00,0106fab4dc2f35a2,ca09aadca6c719d7,5,discover,k3:marubozu_red+market_up,8744,7457,0.44119619149792144,0.4315507757109892,0.009645415786932232,-0.003019037219224627,0.3218390804597701,False
discover-2026-09-24T07:38:18+00:00,2026-09-24T07:38:18+00:00,0106fab4dc2f35a2,ca09aadca6c719d7,5,discover,k3:marubozu_red+rvol_high,2447,2281,0.49364313897413414,0.4323737099402499,0.06126942903388427,0.002499922352635845,0.0009995002498750624,True
discover-2026-09-24T07:38:18+00:00,2026-09-24T07:38:18+00:00,0106fab4dc2f35a2,ca09aadca6c719d7,5,discover,k3:marubozu_red+volume_dry,2688,2373,0.44374209860935526,0.4325326910641198,0.011209407545235472,-0.00494478443947641,0.4177911044477761,False
discover-2026-09-24T07:38:18+00:00,2026-09-24T07:38:18+00:00,0106fab4dc2f35a2,ca09aadca6c719d7,5,discover,k3:marubozu_red+above_ma_50+at_resistance,1952,1794,0.4375696767001115,0.43316091681298347,0.004408759887128022,-0.002153591897187293,0.736631684157921,False
discover-2026-09-24T07:38:18+00:00,2026-09-24T07:38:18+00:00,0106fab4dc2f35a2,ca09aadca6c719d7,5,discover,k3:marubozu_red+above_ma_50+at_support,1217,1117,0.4359892569382274,0.43316091681298347,0.002828340125243911,-0.002751353484439528,0.8775612193903048,False
discover-2026-09-24T07:38:18+00:00,2026-09-24T07:38:18+00:00,0106fab4dc2f35a2,ca09aadca6c719d7,5,discover,k3:marubozu_red+above_ma_50+breadth_positive,3290,2938,0.46051735874744726,0.43324282339373543,0.027274535353711826,-0.0018688127094459491,0.15792103948025987,False
discover-2026-09-24T07:38:18+00:00,2026-09-24T07:38:18+00:00,0106fab4dc2f35a2,ca09aadca6c719d7,5,discover,k3:marubozu_red+above_ma_50+ma_50_rising,4870,4213,0.46166627106574887,0.43363549045503663,0.028030780610712236,-0.0019581639971072095,0.035982008995502246,False
discover-2026-09-24T07:38:18+00:00,2026-09-24T07:38:18+00:00,0106fab4dc2f35a2,ca09aadca6c719d7,5,discover,k3:marubozu_red+above_ma_50+market_up,4404,3851,0.4588418592573358,0.43310347137611527,0.025738387881220515,-0.0016740107348665587,0.08595702148925537,False
discover-2026-09-24T07:38:18+00:00,2026-09-24T07:38:18+00:00,0106fab4dc2f35a2,ca09aadca6c719d7,5,discover,k3:marubozu_red+above_ma_50+rvol_high,863,821,0.4884287454323995,0.4329108446168058,0.05551790081559371,0.0025832115915265788,0.013993003498250875,False
discover-2026-09-24T07:38:18+00:00,2026-09-24T07:38:18+00:00,0106fab4dc2f35a2,ca09aadca6c719d7,5,discover,k3:marubozu_red+above_ma_50+volume_dry,790,719,0.44923504867872044,0.4329108446168058,0.01632420406191465,-0.003741266476795248,0.49075462268865566,False
discover-2026-09-24T07:38:18+00:00,2026-09-24T07:38:18+00:00,0106fab4dc2f35a2,ca09aadca6c719d7,5,discover,k3:marubozu_red+at_resistance+at_support,2634,2368,0.43496621621621623,0.43316091681298347,0.001805299403232763,-0.0026113359793112348,0.8525737131434283,False
discover-2026-09-24T07:38:18+00:00,2026-09-24T07:38:18+00:00,0106fab4dc2f35a2,ca09aadca6c719d7,5,discover,k3:marubozu_red+at_resistance+breadth_positive,2041,1882,0.45164718384697133,0.43349408350078145,0.018153100346189888,-0.0009504000209260831,0.22688655672163918,False
discover-2026-09-24T07:38:18+00:00,2026-09-24T07:38:18+00:00,0106fab4dc2f35a2,ca09aadca6c719d7,5,discover,k3:marubozu_red+at_resistance+ma_50_rising,2639,2375,0.4454736842105263,0.43316091681298347,0.012312767397542834,-0.002232415577198205,0.2518740629685157,False
discover-2026-09-24T07:38:18+00:00,2026-09-24T07:38:18+00:00,0106fab4dc2f35a2,ca09aadca6c719d7,5,discover,k3:marubozu_red+at_resistance+market_up,2754,2491,0.44038538739462063,0.4333671945544211,0.007018192840199555,-0.0021213688860896476,0.5577211394302849,False
discover-2026-09-24T07:38:18+00:00,2026-09-24T07:38:18+00:00,0106fab4dc2f35a2,ca09aadca6c719d7,5,discover,k3:marubozu_red+at_resistance+rvol_high,582,567,0.48324514991181655,0.43316091681298347,0.050084233098833086,0.00010816766339444998,0.04397801099450275,False
discover-2026-09-24T07:38:18+00:00,2026-09-24T07:38:18+00:00,0106fab4dc2f35a2,ca09aadca6c719d7,5,discover,k3:marubozu_red+at_resistance+volume_dry,731,670,0.417910447761194,0.43316091681298347,-0.01525046905178945,-0.005791878802767507,0.41379310344827586,False
discover-2026-09-24T07:38:18+00:00,2026-09-24T07:38:18+00:00,0106fab4dc2f35a2,ca09aadca6c719d7,5,discover,k3:marubozu_red+at_support+breadth_positive,2008,1820,0.44065934065934065,0.43349408350078145,0.007165257158559202,-0.002174387027373674,0.6216891554222889,False
discover-2026-09-24T07:38:18+00:00,2026-09-24T07:38:18+00:00,0106fab4dc2f35a2,ca09aadca6c719d7,5,discover,k3:marubozu_red+at_support+ma_50_rising,2496,2223,0.44534412955465585,0.43316091681298347,0.012183212741672389,-0.0034751073798823017,0.3328335832083958,False
discover-2026-09-24T07:38:18+00:00,2026-09-24T07:38:18+00:00,0106fab4dc2f35a2,ca09aadca6c719d7,5,discover,k3:marubozu_red+at_support+market_up,2861,2550,0.42901960784313725,0.4333671945544211,-0.004347586711283824,-0.0035041342059004108,0.7716141929035483,False
discover-2026-09-24T07:38:18+00:00,2026-09-24T07:38:18+00:00,0106fab4dc2f35a2,ca09aadca6c719d7,5,discover,k3:marubozu_red+at_support+rvol_high,644,622,0.4807073954983923,0.43316091681298347,0.047546478685408844,-0.0006938443050372349,0.041979010494752625,False
discover-2026-09-24T07:38:18+00:00,2026-09-24T07:38:18+00:00,0106fab4dc2f35a2,ca09aadca6c719d7,5,discover,k3:marubozu_red+at_support+volume_dry,1111,1025,0.43609756097560975,0.43316091681298347,0.0029366441626262896,-0.004608983661134943,0.8855572213893054,False
discover-2026-09-24T07:38:18+00:00,2026-09-24T07:38:18+00:00,0106fab4dc2f35a2,ca09aadca6c719d7,5,discover,k3:marubozu_red+breadth_positive+ma_50_rising,3449,3026,0.46265697290152014,0.43397147446991685,0.028685498431603285,-0.0018665021588987456,0.14992503748125938,False
discover-2026-09-24T07:38:18+00:00,2026-09-24T07:38:18+00:00,0106fab4dc2f35a2,ca09aadca6c719d7,5,discover,k3:marubozu_red+breadth_positive+market_up,4846,4254,0.4520451339915374,0.4318531075236451,0.02019202646789231,-0.001995907482124715,0.20689655172413793,False
discover-2026-09-24T07:38:18+00:00,2026-09-24T07:38:18+00:00,0106fab4dc2f35a2,ca09aadca6c719d7,5,discover,k3:marubozu_red+breadth_positive+rvol_high,1061,1011,0.5024727992087042,0.43266022757132505,0.0698125716373792,0.0016845864316182878,0.0029985007496251873,True
discover-2026-09-24T07:38:18+00:00,2026-09-24T07:38:18+00:00,0106fab4dc2f35a2,ca09aadca6c719d7,5,discover,k3:marubozu_red+breadth_positive+volume_dry,841,783,0.44061302681992337,0.43281736471831156,0.007795662101611811,-0.0005302505015594251,0.7076461769115442,False
discover-2026-09-24T07:38:18+00:00,2026-09-24T07:38:18+00:00,0106fab4dc2f35a2,ca09aadca6c719d7,5,discover,k3:marubozu_red+ma_50_rising+market_up,4947,4245,0.4532391048292108,0.43385097321763744,0.019388131611573378,-0.002215300224245274,0.18590704647676162,False
discover-2026-09-24T07:38:18+00:00,2026-09-24T07:38:18+00:00,0106fab4dc2f35a2,ca09aadca6c719d7,5,discover,k3:marubozu_red+ma_50_rising+rvol_high,1090,1024,0.490234375,0.43363549045503663,0.05659888454496337,0.002171118656287804,0.008995502248875561,False
discover-2026-09-24T07:38:18+00:00,2026-09-24T07:38:18+00:00,0106fab4dc2f35a2,ca09aadca6c719d7,5,discover,k3:marubozu_red+ma_50_rising+volume_dry,1379,1214,0.4456342668863262,0.43363549045503663,0.011998776431289548,-0.004122885998510564,0.48875562218890556,False
discover-2026-09-24T07:38:18+00:00,2026-09-24T07:38:18+00:00,0106fab4dc2f35a2,ca09aadca6c719d7,5,discover,k3:marubozu_red+market_up+rvol_high,1312,1243,0.4891391794046661,0.43152250700491335,0.057616672399752766,0.002069732662308498,0.0009995002498750624,True
discover-2026-09-24T07:38:18+00:00,2026-09-24T07:38:18+00:00,0106fab4dc2f35a2,ca09aadca6c719d7,5,discover,k3:marubozu_red+market_up+volume_dry,1254,1133,0.41571050308914387,0.4316923567132672,-0.015981853624123354,-0.005793478120464398,0.4357821089455272,False
discover-2026-09-24T07:38:18+00:00,2026-09-24T07:38:18+00:00,0106fab4dc2f35a2,ca09aadca6c719d7,5,discover,k3:marubozu_red+rvol_high+volume_dry,0,0,,0.4325326910641198,,,1.0,False
discover-2026-09-24T07:38:18+00:00,2026-09-24T07:38:18+00:00,0106fab4dc2f35a2,ca09aadca6c719d7,5,discover,k3:bullish_engulfing,5646,5349,0.4165264535427183,0.4335842522555363,-0.01705779871281804,-0.004276581086203527,0.0559720139930035,False
discover-2026-09-24T07:38:18+00:00,2026-09-24T07:38:18+00:00,0106fab4dc2f35a2,ca09aadca6c719d7,5,discover,k3:bullish_engulfing+above_ma_50,3022,2846,0.43007730147575546,0.4329108446168058,-0.002833543141050332,-0.0026674118851857873,0.8245877061469266,False
discover-2026-09-24T07:38:18+00:00,2026-09-24T07:38:18+00:00,0106fab4dc2f35a2,ca09aadca6c719d7,5,discover,k3:bullish_engulfing+at_resistance,1503,1442,0.4368932038834951,0.43316091681298347,0.003732287070511653,-0.00022553502332992777,0.8055972013993004,False
discover-2026-09-24T07:38:18+00:00,2026-09-24T07:38:18+00:00,0106fab4dc2f35a2,ca09aadca6c719d7,5,discover,k3:bullish_engulfing+at_support,1545,1492,0.41420911528150134,0.43316091681298347,-0.018951801531482126,-0.002157138710749776,0.13693153423288357,False
discover-2026-09-24T07:38:18+00:00,2026-09-24T07:38:18+00:00,0106fab4dc2f35a2,ca09aadca6c719d7,5,discover,k3:bullish_engulfing+breadth_positive,2573,2472,0.4178802588996764,0.4347279138473268,-0.016847654947650392,-0.0033169565905561567,0.20789605197401298,False
discover-2026-09-24T07:38:18+00:00,2026-09-24T07:38:18+00:00,0106fab4dc2f35a2,ca09aadca6c719d7,5,discover,k3:bullish_engulfing+ma_50_rising,2850,2683,0.4308609765188222,0.43363549045503663,-0.0027745139362144178,-0.00297170880787333,0.8265867066466767,False
discover-2026-09-24T07:38:18+00:00,2026-09-24T07:38:18+00:00,0106fab4dc2f35a2,ca09aadca6c719d7,5,discover,k3:bullish_engulfing+market_up,3415,3242,0.4213448488587292,0.4316116490051079,-0.010266800146378707,-0.002895237698824873,0.43278360819590206,False
discover-2026-09-24T07:38:18+00:00,2026-09-24T07:38:18+00:00,0106fab4dc2f35a2,ca09aadca6c719d7,5,discover,k3:bullish_engulfing+rvol_high,1456,1411,0.41743444365698085,0.4323737099402499,-0.014939266283269026,-0.0030302451977184237,0.35582208895552225,False
discover-2026-09-24T07:38:18+00:00,2026-09-24T07:38:18+00:00,0106fab4dc2f35a2,ca09aadca6c719d7,5,discover,k3:bullish_engulfing+volume_dry,558,546,0.41208791208791207,0.4325326910641198,-0.020444778976207723,-0.005697866325792552,0.3328335832083958,False
discover-2026-09-24T07:38:18+00:00,2026-09-24T07:38:18+00:00,0106fab4dc2f35a2,ca09aadca6c719d7,5,discover,k3:bullish_engulfing+above_ma_50+at_resistance,1069,1028,0.44455252918287935,0.43316091681298347,0.011391612369895887,0.0007159777864261017,0.55872063968016,False
discover-2026-09-24T07:38:18+00:00,2026-09-24T07:38:18+00:00,0106fab4dc2f35a2,ca09aadca6c719d7,5,discover,k3:bullish_engulfing+above_ma_50+at_support,822,799,0.4355444305381727,0.43316091681298347,0.0023835137251892458,-0.0005994822060759411,0.9065467266366817,False
discover-2026-09-24T07:38:18+00:00,2026-09-24T07:38:18+00:00,0106fab4dc2f35a2,ca09aadca6c719d7,5,discover,k3:bullish_engulfing+above_ma_50+breadth_positive,1675,1603,0.42857142857142855,0.43324282339373543,-0.004671394822306885,-0.0018869043002840826,0.7706146926536732,False
discover-2026-09-24T07:38:18+00:00,2026-09-24T07:38:18+00:00,0106fab4dc2f35a2,ca09aadca6c719d7,5,discover,k3:bullish_engulfing+above_ma_50+ma_50_rising,2431,2284,0.43257443082311736,0.43363549045503663,-0.00106105963191927,-0.002224913090823229,0.928535732133933,False
discover-2026-09-24T07:38:18+00:00,2026-09-24T07:38:18+00:00,0106fab4dc2f35a2,ca09aadca6c719d7,5,discover,k3:bullish_engulfing+above_ma_50+market_up,2289,2163,0.43828016643550627,0.43310347137611527,0.005176695059391001,-0.001347922492914916,0.7376311844077961,False
discover-2026-09-24T07:38:18+00:00,2026-09-24T07:38:18+00:00,0106fab4dc2f35a2,ca09aadca6c719d7,5,discover,k3:bullish_engulfing+above_ma_50+rvol_high,980,948,0.4166666666666667,0.4329108446168058,-0.016244177950139105,-0.002429720059171116,0.38580709645177413,False
discover-2026-09-24T07:38:18+00:00,2026-09-24T07:38:18+00:00,0106fab4dc2f35a2,ca09aadca6c719d7,5,discover,k3:bullish_engulfing+above_ma_50+volume_dry,262,259,0.42084942084942084,0.4329108446168058,-0.012061423767384949,-0.0034375988069047935,0.7206396801599201,False
discover-2026-09-24T07:38:18+00:00,2026-09-24T07:38:18+00:00,0106fab4dc2f35a2,ca09aadca6c719d7,5,discover,k3:bullish_engulfing+at_resistance+at_support,838,807,0.43742255266418834,0.43316091681298347,0.00426163585120487,0.0016355622501270787,0.8395802098950524,False
discover-2026-09-24T07:38:18+00:00,2026-09-24T07:38:18+00:00,0106fab4dc2f35a2,ca09aadca6c719d7,5,discover,k3:bullish_engulfing+at_resistance+breadth_positive,780,760,0.4276315789473684,0.43349408350078145,-0.005862504553413028,-0.0007346797095736388,0.7616191904047976,False
discover-2026-09-24T07:38:18+00:00,2026-09-24T07:38:18+00:00,0106fab4dc2f35a2,ca09aadca6c719d7,5,discover,k3:bullish_engulfing+at_resistance+ma_50_rising,927,889,0.437570303712036,0.43316091681298347,0.004409386899052514,-0.00023776985851000796,0.8135932033983009,False
discover-2026-09-24T07:38:18+00:00,2026-09-24T07:38:18+00:00,0106fab4dc2f35a2,ca09aadca6c719d7,5,discover,k3:bullish_engulfing+at_resistance+market_up,1030,991,0.45408678102926336,0.4333671945544211,0.02071958647484229,0.0006636685996453073,0.3058470764617691,False
discover-2026-09-24T07:38:18+00:00,2026-09-24T07:38:18+00:00,0106fab4dc2f35a2,ca09aadca6c719d7,5,discover,k3:bullish_engulfing+at_resistance+rvol_high,406,399,0.45614035087719296,0.43316091681298347,0.022979434064209492,0.0025421720864074373,0.3828085957021489,False
discover-2026-09-24T07:38:18+00:00,2026-09-24T07:38:18+00:00,0106fab4dc2f35a2,ca09aadca6c719d7,5,discover,k3:bullish_engulfing+at_resistance+volume_dry,168,166,0.4457831325301205,0.43316091681298347,0.012622215717137009,-0.0015811458374456102,0.7606196901549226,False
discover-2026-09-24T07:38:18+00:00,2026-09-24T07:38:18+00:00,0106fab4dc2f35a2,ca09aadca6c719d7,5,discover,k3:bullish_engulfing+at_support+breadth_positive,685,671,0.4128166915052161,0.43349408350078145,-0.020677391995565342,-0.0012094637662642333,0.32283858070964516,False
discover-2026-09-24T07:38:18+00:00,2026-09-24T07:38:18+00:00,0106fab4dc2f35a2,ca09aadca6c719d7,5,discover,k3:bullish_engulfing+at_support+ma_50_rising,796,769,0.4187256176853056,0.43316091681298347,-0.01443529912767788,-0.0034753461190630947,0.463768115942029,False
discover-2026-09-24T07:38:18+00:00,2026-09-24T07:38:18+00:00,0106fab4dc2f35a2,ca09aadca6c719d7,5,discover,k3:bullish_engulfing+at_support+market_up,959,933,0.4212218649517685,0.4333671945544211,-0.012145329602652577,-0.0015083164633658637,0.5057471264367817,False
discover-2026-09-24T07:38:18+00:00,2026-09-24T07:38:18+00:00,0106fab4dc2f35a2,ca09aadca6c719d7,5,discover,k3:bullish_engulfing+at_support+rvol_high,388,384,0.4166666666666667,0.43316091681298347,-0.01649425014631678,-0.000736142931160037,0.496751624187906,False
discover-2026-09-24T07:38:18+00:00,2026-09-24T07:38:18+00:00,0106fab4dc2f35a2,ca09aadca6c719d7,5,discover,k3:bullish_engulfing+at_support+volume_dry,193,190,0.4263157894736842,0.43316091681298347,-0.006845127339299262,-0.0030770618317424105,0.7806096951524237,False
discover-2026-09-24T07:38:18+00:00,2026-09-24T07:38:18+00:00,0106fab4dc2f35a2,ca09aadca6c719d7,5,discover,k3:bullish_engulfing+breadth_positive+ma_50_rising,1441,1374,0.42066957787481807,0.43397147446991685,-0.013301896595098783,-0.002775750716887868,0.46476761619190404,False
discover-2026-09-24T07:38:18+00:00,2026-09-24T07:38:18+00:00,0106fab4dc2f35a2,ca09aadca6c719d7,5,discover,k3:bullish_engulfing+breadth_positive+market_up,1963,1880,0.425531914893617,0.4318465829071968,-0.006314668013579772,-0.0021623817726324607,0.6866566716641679,False
discover-2026-09-24T07:38:18+00:00,2026-09-24T07:38:18+00:00,0106fab4dc2f35a2,ca09aadca6c719d7,5,discover,k3:bullish_engulfing+breadth_positive+rvol_high,796,775,0.432258064516129,0.43266022757132505,-0.00040216305519602535,-0.0019452788365256224,0.9845077461269365,False
discover-2026-09-24T07:38:18+00:00,2026-09-24T07:38:18+00:00,0106fab4dc2f35a2,ca09aadca6c719d7,5,discover,k3:bullish_engulfing+breadth_positive+volume_dry,193,190,0.38421052631578945,0.43281736471831156,-0.04860683840252211,-0.005177591823892893,0.2108945527236382,False
discover-2026-09-24T07:38:18+00:00,2026-09-24T07:38:18+00:00,0106fab4dc2f35a2,ca09aadca6c719d7,5,discover,k3:bullish_engulfing+ma_50_rising+market_up,2065,1943,0.43540916109109623,0.43385097321763744,0.001558187873458794,-0.0019881607044533642,0.9335332333833083,False
discover-2026-09-24T07:38:18+00:00,2026-09-24T07:38:18+00:00,0106fab4dc2f35a2,ca09aadca6c719d7,5,discover,k3:bullish_engulfing+ma_50_rising+rvol_high,799,774,0.40310077519379844,0.43363549045503663,-0.030534715261238188,-0.003970380054879584,0.14992503748125938,False
discover-2026-09-24T07:38:18+00:00,2026-09-24T07:38:18+00:00,0106fab4dc2f35a2,ca09aadca6c719d7,5,discover,k3:bullish_engulfing+ma_50_rising+volume_dry,298,296,0.43243243243243246,0.43363549045503663,-0.0012030580226041754,-0.004214672585763524,0.9415292353823088,False
discover-2026-09-24T07:38:18+00:00,2026-09-24T07:38:18+00:00,0106fab4dc2f35a2,ca09aadca6c719d7,5,discover,k3:bullish_engulfing+market_up+rvol_high,998,969,0.4148606811145511,0.43152250700491335,-0.016661825890362247,-0.0019870127014601133,0.4047976011994003,False
discover-2026-09-24T07:38:18+00:00,2026-09-24T07:38:18+00:00,0106fab4dc2f35a2,ca09aadca6c719d7,5,discover,k3:bullish_engulfing+market_up+volume_dry,292,286,0.43006993006993005,0.4316923567132672,-0.0016224266433371715,-0.0011364476890484807,0.9265367316341829,False
discover-2026-09-24T07:38:18+00:00,2026-09-24T07:38:18+00:00,0106fab4dc2f35a2,ca09aadca6c719d7,5,discover,k3:bullish_engulfing+rvol_high+volume_dry,0,0,,0.4325326910641198,,,1.0,False
discover-2026-09-24T07:38:18+00:00,2026-09-24T07:38:18+00:00,0106fab4dc2f35a2,ca09aadca6c719d7,5,discover,k3:bearish_engulfing,5409,5092,0.44088766692851533,0.4335842522555363,0.007303414672979014,-0.003983933565605613,0.4077961019490255,False
discover-2026-09-24T07:38:18+00:00,2026-09-24T07:38:18+00:00,0106fab4dc2f35a2,ca09aadca6c719d7,5,discover,k3:bearish_engulfing+above_ma_50,2441,2300,0.4582608695652174,0.4329108446168058,0.025350024948411598,-0.0033895053253136386,0.1089455272363818,False
discover-2026-09-24T07:38:18+00:00,2026-09-24T07:38:18+00:00,0106fab4dc2f35a2,ca09aadca6c719d7,5,discover,k3:bearish_engulfing+at_resistance,1424,1372,0.43731778425655976,0.43316091681298347,0.004156867443576295,-0.0037334055190863034,0.7796101949025487,False
discover-2026-09-24T07:38:18+00:00,2026-09-24T07:38:18+00:00,0106fab4dc2f35a2,ca09aadca6c719d7,5,discover,k3:bearish_engulfing+at_support,1506,1448,0.4212707182320442,0.43316091681298347,-0.01189019858093926,-0.0036387833418171545,0.43278360819590206,False
discover-2026-09-24T07:38:18+00:00,2026-09-24T07:38:18+00:00,0106fab4dc2f35a2,ca09aadca6c719d7,5,discover,k3:bearish_engulfing+breadth_positive,2308,2223,0.4552406657669816,0.4347279138473268,0.020512751919654792,-0.001975187331035086,0.223888055972014,False
discover-2026-09-24T07:38:18+00:00,2026-09-24T07:38:18+00:00,0106fab4dc2f35a2,ca09aadca6c719d7,5,discover,k3:bearish_engulfing+ma_50_rising,2612,2465,0.45801217038539555,0.43363549045503663,0.024376679930358913,-0.0033230606145167652,0.06496751624187906,False
discover-2026-09-24T07:38:18+00:00,2026-09-24T07:38:18+00:00,0106fab4dc2f35a2,ca09aadca6c719d7,5,discover,k3:bearish_engulfing+market_up,3194,3002,0.4337108594270486,0.4316116490051079,0.0020992104219407226,-0.004059985031740015,0.8685657171414293,False
discover-2026-09-24T07:38:18+00:00,2026-09-24T07:38:18+00:00,0106fab4dc2f35a2,ca09aadca6c719d7,5,discover,k3:bearish_engulfing+rvol_high,787,777,0.4723294723294723,0.4323737099402499,0.03995576238922244,-7.189882404943774e-05,0.08995502248875563,False
discover-2026-09-24T07:38:18+00:00,2026-09-24T07:38:18+00:00,0106fab4dc2f35a2,ca09aadca6c719d7,5,discover,k3:bearish_engulfing+volume_dry,675,661,0.43267776096822996,0.4325326910641198,0.0001450699041101733,-0.006155017213953743,0.9845077461269365,False
discover-2026-09-24T07:38:18+00:00,2026-09-24T07:38:18+00:00,0106fab4dc2f35a2,ca09aadca6c719d7,5,discover,k3:bearish_engulfing+above_ma_50+at_resistance,755,732,0.4576502732240437,0.43316091681298347,0.02448935641106026,-0.0026730913433178132,0.2588705647176412,False
discover-2026-09-24T07:38:18+00:00,2026-09-24T07:38:18+00:00,0106fab4dc2f35a2,ca09aadca6c719d7,5,discover,k3:bearish_engulfing+above_ma_50+at_support,469,456,0.45394736842105265,0.43316091681298347,0.02078645160806919,-0.00030555448118989233,0.41879060469765117,False
discover-2026-09-24T07:38:18+00:00,2026-09-24T07:38:18+00:00,0106fab4dc2f35a2,ca09aadca6c719d7,5,discover,k3:bearish_engulfing+above_ma_50+breadth_positive,1339,1285,0.4575875486381323,0.43324282339373543,0.024344725244396848,-0.002914699455951651,0.2748625687156422,False
discover-2026-09-24T07:38:18+00:00,2026-09-24T07:38:18+00:00,0106fab4dc2f35a2,ca09aadca6c719d7,5,discover,k3:bearish_engulfing+above_ma_50+ma_50_rising,2009,1893,0.4601162176439514,0.43363549045503663,0.026480727188914754,-0.003652263590577823,0.11494252873563218,False
discover-2026-09-24T07:38:18+00:00,2026-09-24T07:38:18+00:00,0106fab4dc2f35a2,ca09aadca6c719d7,5,discover,k3:bearish_engulfing+above_ma_50+market_up,1872,1762,0.4625425652667423,0.43310347137611527,0.029439093890627044,-0.0023275983132913817,0.12593703148425786,False
discover-2026-09-24T07:38:18+00:00,2026-09-24T07:38:18+00:00,0106fab4dc2f35a2,ca09aadca6c719d7,5,discover,k3:bearish_engulfing+above_ma_50+rvol_high,422,416,0.5,0.4329108446168058,0.06708915538319421,0.002767324782956102,0.06296851574212893,False
discover-2026-09-24T07:38:18+00:00,2026-09-24T07:38:18+00:00,0106fab4dc2f35a2,ca09aadca6c719d7,5,discover,k3:bearish_engulfing+above_ma_50+volume_dry,259,255,0.4980392156862745,0.4329108446168058,0.06512837106946873,0.0014380611188331224,0.050974512743628186,False
discover-2026-09-24T07:38:18+00:00,2026-09-24T07:38:18+00:00,0106fab4dc2f35a2,ca09aadca6c719d7,5,discover,k3:bearish_engulfing+at_resistance+at_support,836,808,0.4306930693069307,0.43316091681298347,-0.0024678475060527783,-0.002853227986830584,0.8865567216391804,False
discover-2026-09-24T07:38:18+00:00,2026-09-24T07:38:18+00:00,0106fab4dc2f35a2,ca09aadca6c719d7,5,discover,k3:bearish_engulfing+at_resistance+breadth_positive,636,622,0.44212218649517687,0.43349408350078145,0.008628102994395426,-0.001713166313417595,0.7226386806596702,False
discover-2026-09-24T07:38:18+00:00,2026-09-24T07:38:18+00:00,0106fab4dc2f35a2,ca09aadca6c719d7,5,discover,k3:bearish_engulfing+at_resistance+ma_50_rising,843,806,0.45285359801488834,0.43316091681298347,0.01969268120190487,-0.003035729699247712,0.28285857071464265,False
discover-2026-09-24T07:38:18+00:00,2026-09-24T07:38:18+00:00,0106fab4dc2f35a2,ca09aadca6c719d7,5,discover,k3:bearish_engulfing+at_resistance+market_up,922,885,0.43615819209039547,0.4333671945544211,0.0027909975359743933,-0.003911918887741337,0.88055972013993,False
discover-2026-09-24T07:38:18+00:00,2026-09-24T07:38:18+00:00,0106fab4dc2f35a2,ca09aadca6c719d7,5,discover,k3:bearish_engulfing+at_resistance+rvol_high,206,205,0.4292682926829268,0.43316091681298347,-0.0038926241300566433,-0.002243255883990745,0.896551724137931,False
discover-2026-09-24T07:38:18+00:00,2026-09-24T07:38:18+00:00,0106fab4dc2f35a2,ca09aadca6c719d7,5,discover,k3:bearish_engulfing+at_resistance+volume_dry,183,183,0.4426229508196721,0.43316091681298347,0.009462034006688658,-0.004904481437954607,0.8105947026486756,False
discover-2026-09-24T07:38:18+00:00,2026-09-24T07:38:18+00:00,0106fab4dc2f35a2,ca09aadca6c719d7,5,discover,k3:bearish_engulfing+at_support+breadth_positive,573,559,0.4221824686940966,0.43349408350078145,-0.011311614806684855,-0.003002512207996895,0.6806596701649176,False
discover-2026-09-24T07:38:18+00:00,2026-09-24T07:38:18+00:00,0106fab4dc2f35a2,ca09aadca6c719d7,5,discover,k3:bearish_engulfing+at_support+ma_50_rising,708,684,0.44005847953216376,0.43316091681298347,0.006897562719180295,-0.0020584096549479064,0.7106446776611695,False
discover-2026-09-24T07:38:18+00:00,2026-09-24T07:38:18+00:00,0106fab4dc2f35a2,ca09aadca6c719d7,5,discover,k3:bearish_engulfing+at_support+market_up,881,846,0.41843971631205673,0.4333671945544211,-0.014927478242364345,-0.00384040075875193,0.4707646176911544,False
discover-2026-09-24T07:38:18+00:00,2026-09-24T07:38:18+00:00,0106fab4dc2f35a2,ca09aadca6c719d7,5,discover,k3:bearish_engulfing+at_support+rvol_high,189,187,0.44385026737967914,0.43316091681298347,0.010689350566695677,0.00023228013983832605,0.7206396801599201,False
discover-2026-09-24T07:38:18+00:00,2026-09-24T07:38:18+00:00,0106fab4dc2f35a2,ca09aadca6c719d7,5,discover,k3:bearish_engulfing+at_support+volume_dry,249,246,0.4105691056910569,0.43316091681298347,-0.02259181112192654,-0.0053066175295286965,0.4737631184407796,False
discover-2026-09-24T07:38:18+00:00,2026-09-24T07:38:18+00:00,0106fab4dc2f35a2,ca09aadca6c719d7,5,discover,k3:bearish_engulfing+breadth_positive+ma_50_rising,1270,1221,0.4488124488124488,0.43397147446991685,0.014840974342531954,-0.0034017947304705166,0.5047476261869065,False
discover-2026-09-24T07:38:18+00:00,2026-09-24T07:38:18+00:00,0106fab4dc2f35a2,ca09aadca6c719d7,5,discover,k3:bearish_engulfing+breadth_positive+market_up,1738,1663,0.444377630787733,0.4318465829071968,0.012531047880536217,-0.003645389476269064,0.5357321339330335,False
discover-2026-09-24T07:38:18+00:00,2026-09-24T07:38:18+00:00,0106fab4dc2f35a2,ca09aadca6c719d7,5,discover,k3:bearish_engulfing+breadth_positive+rvol_high,445,439,0.4988610478359909,0.43266022757132505,0.06620082026466584,0.002182215560491733,0.06196901549225387,False
discover-2026-09-24T07:38:18+00:00,2026-09-24T07:38:18+00:00,0106fab4dc2f35a2,ca09aadca6c719d7,5,discover,k3:bearish_engulfing+breadth_positive+volume_dry,212,211,0.4834123222748815,0.43281736471831156,0.05059495755656995,0.0011338456932056384,0.11694152923538231,False
discover-2026-09-24T07:38:18+00:00,2026-09-24T07:38:18+00:00,0106fab4dc2f35a2,ca09aadca6c719d7,5,discover,k3:bearish_engulfing+ma_50_rising+market_up,1841,1733,0.4645124062319677,0.43385097321763744,0.030661433014330275,-0.0024960838612692786,0.08595702148925537,False
discover-2026-09-24T07:38:18+00:00,2026-09-24T07:38:18+00:00,0106fab4dc2f35a2,ca09aadca6c719d7,5,discover,k3:bearish_engulfing+ma_50_rising+rvol_high,422,417,0.48201438848920863,0.43363549045503663,0.048378898034172,0.000984086642065197,0.1679160419790105,False
discover-2026-09-24T07:38:18+00:00,2026-09-24T07:38:18+00:00,0106fab4dc2f35a2,ca09aadca6c719d7,5,discover,k3:bearish_engulfing+ma_50_rising+volume_dry,351,346,0.476878612716763,0.43363549045503663,0.043243122261726386,0.00108362658709314,0.11794102948525736,False
discover-2026-09-24T07:38:18+00:00,2026-09-24T07:38:18+00:00,0106fab4dc2f35a2,ca09aadca6c719d7,5,discover,k3:bearish_engulfing+market_up+rvol_high,520,513,0.47173489278752434,0.43152250700491335,0.04021238578261099,-0.0003805124653310565,0.18790604697651175,False
discover-2026-09-24T07:38:18+00:00,2026-09-24T07:38:18+00:00,0106fab4dc2f35a2,ca09aadca6c719d7,5,discover,k3:bearish_engulfing+market_up+volume_dry,340,333,0.4444444444444444,0.4316923567132672,0.012752087731177197,-0.0022272050944345456,0.6866566716641679,False
discover-2026-09-24T07:38:18+00:00,2026-09-24T07:38:18+00:00,0106fab4dc2f35a2,ca09aadca6c719d7,5,discover,k3:bearish_engulfing+rvol_high+volume_dry,0,0,,0.4325326910641198,,,1.0,False
discover-2026-09-24T07:38:18+00:00,2026-09-24T07:38:18+00:00,0106fab4dc2f35a2,ca09aadca6c719d7,5,discover,k3:bullish_harami,11198,10145,0.4322326269098078,0.4324474638590745,-0.00021483694926671681,-0.0035891005700591757,0.9495252373813093,False
discover-2026-09-24T07:38:18+00:00,2026-09-24T07:38:18+00:00,0106fab4dc2f35a2,ca09aadca6c719d7,5,discover,k3:bullish_harami+above_ma_50,4863,4471,0.4564974278684858,0.4329108446168058,0.023586583251680004,-0.0008018827484538957,0.028985507246376812,False
discover-2026-09-24T07:38:18+00:00,2026-09-24T07:38:18+00:00,0106fab4dc2f35a2,ca09aadca6c719d7,5,discover,k3:bullish_harami+at_resistance,3240,3045,0.42857142857142855,0.43316091681298347,-0.004589488241554918,-0.0008044882753845863,0.688655672163918,False
discover-2026-09-24T07:38:18+00:00,2026-09-24T07:38:18+00:00,0106fab4dc2f35a2,ca09aadca6c719d7,5,discover,k3:bullish_harami+at_support,3968,3666,0.41080196399345337,0.43316091681298347,-0.022358952819530098,-0.004303461089237444,0.030984507746126936,False
discover-2026-09-24T07:38:18+00:00,2026-09-24T07:38:18+00:00,0106fab4dc2f35a2,ca09aadca6c719d7,5,discover,k3:bullish_harami+breadth_positive,4963,4615,0.4307692307692308,0.43272888385070113,-0.001959653081470336,-0.0029845870982966602,0.8745627186406797,False
discover-2026-09-24T07:38:18+00:00,2026-09-24T07:38:18+00:00,0106fab4dc2f35a2,ca09aadca6c719d7,5,discover,k3:bullish_harami+ma_50_rising,5609,5120,0.445703125,0.43363549045503663,0.012067634544963346,-0.0027066128592236546,0.2028985507246377,False
discover-2026-09-24T07:38:18+00:00,2026-09-24T07:38:18+00:00,0106fab4dc2f35a2,ca09aadca6c719d7,5,discover,k3:bullish_harami+market_up,6586,6011,0.4317085343536849,0.43164189073675757,6.66436169273199e-05,-0.0027432702379877826,0.9535232383808095,False
discover-2026-09-24T07:38:18+00:00,2026-09-24T07:38:18+00:00,0106fab4dc2f35a2,ca09aadca6c719d7,5,discover,k3:bullish_harami+rvol_high,1038,1019,0.436702649656526,0.4324474638590745,0.004255185797451488,-0.004111431155046732,0.8415792103948025,False
discover-2026-09-24T07:38:18+00:00,2026-09-24T07:38:18+00:00,0106fab4dc2f35a2,ca09aadca6c719d7,5,discover,k3:bullish_harami+volume_dry,1583,1524,0.4389763779527559,0.4325326910641198,0.006443686888636113,-0.0039609487641876695,0.704647676161919,False
discover-2026-09-24T07:38:18+00:00,2026-09-24T07:38:18+00:00,0106fab4dc2f35a2,ca09aadca6c719d7,5,discover,k3:bullish_harami+above_ma_50+at_resistance,1907,1806,0.4424141749723145,0.43316091681298347,0.009253258159331035,0.0006257140318974272,0.4737631184407796,False
discover-2026-09-24T07:38:18+00:00,2026-09-24T07:38:18+00:00,0106fab4dc2f35a2,ca09aadca6c719d7,5,discover,k3:bullish_harami+above_ma_50+at_support,1331,1270,0.4196850393700787,0.43316091681298347,-0.013475877442904738,-0.0022740116654965652,0.3968015992003998,False
discover-2026-09-24T07:38:18+00:00,2026-09-24T07:38:18+00:00,0106fab4dc2f35a2,ca09aadca6c719d7,5,discover,k3:bullish_harami+above_ma_50+breadth_positive,2898,2689,0.45481591669765714,0.43324282339373543,0.02157309330392171,-0.00025201191085596927,0.24387806096951525,False
discover-2026-09-24T07:38:18+00:00,2026-09-24T07:38:18+00:00,0106fab4dc2f35a2,ca09aadca6c719d7,5,discover,k3:bullish_harami+above_ma_50+ma_50_rising,3996,3664,0.4568777292576419,0.43363549045503663,0.023242238802605286,-0.0008327049562530623,0.051974012993503245,False
discover-2026-09-24T07:38:18+00:00,2026-09-24T07:38:18+00:00,0106fab4dc2f35a2,ca09aadca6c719d7,5,discover,k3:bullish_harami+above_ma_50+market_up,3802,3503,0.4624607479303454,0.43310347137611527,0.02935727655423015,0.00023411505272257955,0.04297851074462768,False
discover-2026-09-24T07:38:18+00:00,2026-09-24T07:38:18+00:00,0106fab4dc2f35a2,ca09aadca6c719d7,5,discover,k3:bullish_harami+above_ma_50+rvol_high,471,460,0.4369565217391304,0.4329108446168058,0.00404567712232462,-0.0027052296188963144,0.8845577211394303,False
discover-2026-09-24T07:38:18+00:00,2026-09-24T07:38:18+00:00,0106fab4dc2f35a2,ca09aadca6c719d7,5,discover,k3:bullish_harami+above_ma_50+volume_dry,576,565,0.45663716814159294,0.4329108446168058,0.023726323524787152,-0.0009324921951403014,0.33383308345827084,False
discover-2026-09-24T07:38:18+00:00,2026-09-24T07:38:18+00:00,0106fab4dc2f35a2,ca09aadca6c719d7,5,discover,k3:bullish_harami+at_resistance+at_support,1899,1786,0.41265397536394177,0.43316091681298347,-0.020506941449041693,-0.0014562779929474495,0.10794602698650675,False
discover-2026-09-24T07:38:18+00:00,2026-09-24T07:38:18+00:00,0106fab4dc2f35a2,ca09aadca6c719d7,5,discover,k3:bullish_harami+at_resistance+breadth_positive,1650,1575,0.42793650793650795,0.43349408350078145,-0.005557575564273498,0.0008133257146257914,0.7286356821589205,False
discover-2026-09-24T07:38:18+00:00,2026-09-24T07:38:18+00:00,0106fab4dc2f35a2,ca09aadca6c719d7,5,discover,k3:bullish_harami+at_resistance+ma_50_rising,2054,1934,0.43071354705274045,0.43316091681298347,-0.0024473697602430122,-0.0008470494754744648,0.8875562218890555,False
discover-2026-09-24T07:38:18+00:00,2026-09-24T07:38:18+00:00,0106fab4dc2f35a2,ca09aadca6c719d7,5,discover,k3:bullish_harami+at_resistance+market_up,2257,2131,0.4293758798686063,0.4333671945544211,-0.003991314685814762,0.00034318796689549944,0.8255872063968016,False
discover-2026-09-24T07:38:18+00:00,2026-09-24T07:38:18+00:00,0106fab4dc2f35a2,ca09aadca6c719d7,5,discover,k3:bullish_harami+at_resistance+rvol_high,296,294,0.45918367346938777,0.43316091681298347,0.0260227566564043,0.001120186746945205,0.35082458770614694,False
discover-2026-09-24T07:38:18+00:00,2026-09-24T07:38:18+00:00,0106fab4dc2f35a2,ca09aadca6c719d7,5,discover,k3:bullish_harami+at_resistance+volume_dry,428,420,0.42857142857142855,0.43316091681298347,-0.004589488241554918,-0.0006023769083057893,0.8255872063968016,False
discover-2026-09-24T07:38:18+00:00,2026-09-24T07:38:18+00:00,0106fab4dc2f35a2,ca09aadca6c719d7,5,discover,k3:bullish_harami+at_support+breadth_positive,1648,1551,0.40038684719535783,0.43349408350078145,-0.033107236305423615,-0.0032288680968082352,0.06196901549225387,False
discover-2026-09-24T07:38:18+00:00,2026-09-24T07:38:18+00:00,0106fab4dc2f35a2,ca09aadca6c719d7,5,discover,k3:bullish_harami+at_support+ma_50_rising,1934,1813,0.41753998896856037,0.43316091681298347,-0.015620927844423094,-0.004268585801626945,0.2888555722138931,False
discover-2026-09-24T07:38:18+00:00,2026-09-24T07:38:18+00:00,0106fab4dc2f35a2,ca09aadca6c719d7,5,discover,k3:bullish_harami+at_support+market_up,2392,2223,0.4030589293747188,0.4333671945544211,-0.030308265179702254,-0.0032128832594193195,0.04097951024487756,False
discover-2026-09-24T07:38:18+00:00,2026-09-24T07:38:18+00:00,0106fab4dc2f35a2,ca09aadca6c719d7,5,discover,k3:bullish_harami+at_support+rvol_high,320,315,0.4253968253968254,0.43316091681298347,-0.007764091416158081,-0.0026550036096791296,0.8195902048975512,False
discover-2026-09-24T07:38:18+00:00,2026-09-24T07:38:18+00:00,0106fab4dc2f35a2,ca09aadca6c719d7,5,discover,k3:bullish_harami+at_support+volume_dry,676,657,0.4277016742770167,0.43316091681298347,-0.005459242535966746,-0.004035970362517344,0.7666166916541729,False
discover-2026-09-24T07:38:18+00:00,2026-09-24T07:38:18+00:00,0106fab4dc2f35a2,ca09aadca6c719d7,5,discover,k3:bullish_harami+breadth_positive+ma_50_rising,2824,2615,0.4413001912045889,0.43397147446991685,0.007328716734672058,-0.002283477779757944,0.6756621689155422,False
discover-2026-09-24T07:38:18+00:00,2026-09-24T07:38:18+00:00,0106fab4dc2f35a2,ca09aadca6c719d7,5,discover,k3:bullish_harami+breadth_positive+market_up,3970,3675,0.43210884353741497,0.4316962782254421,0.00041256531197286783,-0.002073913894193519,0.9535232383808095,False
discover-2026-09-24T07:38:18+00:00,2026-09-24T07:38:18+00:00,0106fab4dc2f35a2,ca09aadca6c719d7,5,discover,k3:bullish_harami+breadth_positive+rvol_high,534,522,0.4272030651340996,0.43272888385070113,-0.005525818716601516,-0.0019300169957385683,0.8055972013993004,False
discover-2026-09-24T07:38:18+00:00,2026-09-24T07:38:18+00:00,0106fab4dc2f35a2,ca09aadca6c719d7,5,discover,k3:bullish_harami+breadth_positive+volume_dry,538,527,0.4307400379506641,0.43281736471831156,-0.002077326767647436,-0.0006099260465723899,0.8865567216391804,False
discover-2026-09-24T07:38:18+00:00,2026-09-24T07:38:18+00:00,0106fab4dc2f35a2,ca09aadca6c719d7,5,discover,k3:bullish_harami+ma_50_rising+market_up,3932,3600,0.44472222222222224,0.43385097321763744,0.010871249004584804,-0.0014737640646334059,0.4197901049475262,False
discover-2026-09-24T07:38:18+00:00,2026-09-24T07:38:18+00:00,0106fab4dc2f35a2,ca09aadca6c719d7,5,discover,k3:bullish_harami+ma_50_rising+rvol_high,455,444,0.4346846846846847,0.43363549045503663,0.0010491942296480539,-0.005751701413347263,0.9685157421289355,False
discover-2026-09-24T07:38:18+00:00,2026-09-24T07:38:18+00:00,0106fab4dc2f35a2,ca09aadca6c719d7,5,discover,k3:bullish_harami+ma_50_rising+volume_dry,801,782,0.45652173913043476,0.43363549045503663,0.022886248675398124,-0.0017204191849212347,0.30684657671164417,False
discover-2026-09-24T07:38:18+00:00,2026-09-24T07:38:18+00:00,0106fab4dc2f35a2,ca09aadca6c719d7,5,discover,k3:bullish_harami+market_up+rvol_high,661,645,0.4201550387596899,0.43164189073675757,-0.01148685197706767,-0.005165703017990328,0.6136931534232883,False
discover-2026-09-24T07:38:18+00:00,2026-09-24T07:38:18+00:00,0106fab4dc2f35a2,ca09aadca6c719d7,5,discover,k3:bullish_harami+market_up+volume_dry,804,775,0.40774193548387094,0.4316923567132672,-0.02395042122939628,-0.0027428913607523654,0.18190904547726136,False
discover-2026-09-24T07:38:18+00:00,2026-09-24T07:38:18+00:00,0106fab4dc2f35a2,ca09aadca6c719d7,5,discover,k3:bullish_harami+rvol_high+volume_dry,0,0,,0.4325326910641198,,,1.0,False
discover-2026-09-24T07:38:18+00:00,2026-09-24T07:38:18+00:00,0106fab4dc2f35a2,ca09aadca6c719d7,5,discover,k3:bearish_harami,10939,9883,0.4539107558433674,0.4324474638590745,0.021463291984292865,0.00034039865962517534,0.001999000499750125,True
discover-2026-09-24T07:38:18+00:00,2026-09-24T07:38:18+00:00,0106fab4dc2f35a2,ca09aadca6c719d7,5,discover,k3:bearish_harami+above_ma_50,6050,5488,0.45754373177842567,0.4329108446168058,0.024632887161619876,0.00048000661771567825,0.005997001499250375,False
discover-2026-09-24T07:38:18+00:00,2026-09-24T07:38:18+00:00,0106fab4dc2f35a2,ca09aadca6c719d7,5,discover,k3:bearish_harami+at_resistance,3493,3254,0.45328826060233557,0.43316091681298347,0.020127343789352103,0.0011624395810719823,0.051974012993503245,False
discover-2026-09-24T07:38:18+00:00,2026-09-24T07:38:18+00:00,0106fab4dc2f35a2,ca09aadca6c719d7,5,discover,k3:bearish_harami+at_support,3141,2924,0.4353625170998632,0.43316091681298347,0.0022016002868797124,-0.0010074414525168712,0.8345827086456772,False
discover-2026-09-24T07:38:18+00:00,2026-09-24T07:38:18+00:00,0106fab4dc2f35a2,ca09aadca6c719d7,5,discover,k3:bearish_harami+breadth_positive,5238,4851,0.443001443001443,0.43272888385070113,0.010272559150741878,-0.00024784188495701696,0.37381309345327335,False
discover-2026-09-24T07:38:18+00:00,2026-09-24T07:38:18+00:00,0106fab4dc2f35a2,ca09aadca6c719d7,5,discover,k3:bearish_harami+ma_50_rising,5661,5147,0.4639595881095784,0.43363549045503663,0.03032409765454175,0.0004953787334991308,0.0009995002498750624,True
discover-2026-09-24T07:38:18+00:00,2026-09-24T07:38:18+00:00,0106fab4dc2f35a2,ca09aadca6c719d7,5,discover,k3:bearish_harami+market_up,6461,5908,0.4490521327014218,0.43164189073675757,0.01741024196466423,0.0003617403018233587,0.079960019990005,False
discover-2026-09-24T07:38:18+00:00,2026-09-24T07:38:18+00:00,0106fab4dc2f35a2,ca09aadca6c719d7,5,discover,k3:bearish_harami+rvol_high,1431,1379,0.4626540971718637,0.4324474638590745,0.030206633312789166,0.0023648368310237597,0.11694152923538231,False
discover-2026-09-24T07:38:18+00:00,2026-09-24T07:38:18+00:00,0106fab4dc2f35a2,ca09aadca6c719d7,5,discover,k3:bearish_harami+volume_dry,1381,1315,0.4600760456273764,0.4325326910641198,0.027543354563256628,-0.0005589810394395415,0.04997501249375312,False
discover-2026-09-24T07:38:18+00:00,2026-09-24T07:38:18+00:00,0106fab4dc2f35a2,ca09aadca6c719d7,5,discover,k3:bearish_harami+above_ma_50+at_resistance,2280,2127,0.45792195580629996,0.43316091681298347,0.024761038993316498,0.0017072990559695,0.04397801099450275,False
discover-2026-09-24T07:38:18+00:00,2026-09-24T07:38:18+00:00,0106fab4dc2f35a2,ca09aadca6c719d7,5,discover,k3:bearish_harami+above_ma_50+at_support,1224,1160,0.44224137931034485,0.43316091681298347,0.009080462497361386,0.0010748997217609369,0.5867066466766616,False
discover-2026-09-24T07:38:18+00:00,2026-09-24T07:38:18+00:00,0106fab4dc2f35a2,ca09aadca6c719d7,5,discover,k3:bearish_harami+above_ma_50+breadth_positive,3406,3165,0.4486571879936809,0.43324282339373543,0.01541436459994544,0.0008274487173006423,0.2478760619690155,False
discover-2026-09-24T07:38:18+00:00,2026-09-24T07:38:18+00:00,0106fab4dc2f35a2,ca09aadca6c719d7,5,discover,k3:bearish_harami+above_ma_50+ma_50_rising,4680,4249,0.46622734761120266,0.43363549045503663,0.032591857156166026,0.0009162065987884476,0.0009995002498750624,True
discover-2026-09-24T07:38:18+00:00,2026-09-24T07:38:18+00:00,0106fab4dc2f35a2,ca09aadca6c719d7,5,discover,k3:bearish_harami+above_ma_50+market_up,4422,4059,0.45602365114560234,0.43310347137611527,0.02292017976948707,0.0007353710532420818,0.03698150924537731,False
discover-2026-09-24T07:38:18+00:00,2026-09-24T07:38:18+00:00,0106fab4dc2f35a2,ca09aadca6c719d7,5,discover,k3:bearish_harami+above_ma_50+rvol_high,946,911,0.4544456641053787,0.4329108446168058,0.021534819488572887,-0.00016912836657246574,0.31284357821089454,False
discover-2026-09-24T07:38:18+00:00,2026-09-24T07:38:18+00:00,0106fab4dc2f35a2,ca09aadca6c719d7,5,discover,k3:bearish_harami+above_ma_50+volume_dry,597,570,0.4824561403508772,0.4329108446168058,0.049545295734071404,0.000536828188219006,0.022988505747126436,False
discover-2026-09-24T07:38:18+00:00,2026-09-24T07:38:18+00:00,0106fab4dc2f35a2,ca09aadca6c719d7,5,discover,k3:bearish_harami+at_resistance+at_support,1766,1657,0.4315027157513579,0.43316091681298347,-0.0016582010616255638,-0.0001879278760211236,0.8725637181409296,False
discover-2026-09-24T07:38:18+00:00,2026-09-24T07:38:18+00:00,0106fab4dc2f35a2,ca09aadca6c719d7,5,discover,k3:bearish_harami+at_resistance+breadth_positive,1729,1634,0.45777233782129745,0.43349408350078145,0.024278254320516002,0.002062746011273466,0.12993503248375812,False
discover-2026-09-24T07:38:18+00:00,2026-09-24T07:38:18+00:00,0106fab4dc2f35a2,ca09aadca6c719d7,5,discover,k3:bearish_harami+at_resistance+ma_50_rising,1982,1846,0.47183098591549294,0.43316091681298347,0.038670069102509474,0.0019529677328171899,0.001999000499750125,True
discover-2026-09-24T07:38:18+00:00,2026-09-24T07:38:18+00:00,0106fab4dc2f35a2,ca09aadca6c719d7,5,discover,k3:bearish_harami+at_resistance+market_up,2236,2103,0.4503090822634332,0.4333671945544211,0.016941887709012116,0.002204642999696319,0.20789605197401298,False
discover-2026-09-24T07:38:18+00:00,2026-09-24T07:38:18+00:00,0106fab4dc2f35a2,ca09aadca6c719d7,5,discover,k3:bearish_harami+at_resistance+rvol_high,452,441,0.47165532879818595,0.43316091681298347,0.03849441198520248,0.003553027707322226,0.1629185407296352,False
discover-2026-09-24T07:38:18+00:00,2026-09-24T07:38:18+00:00,0106fab4dc2f35a2,ca09aadca6c719d7,5,discover,k3:bearish_harami+at_resistance+volume_dry,447,431,0.4733178654292343,0.43316091681298347,0.040156948616250854,0.0013936769149895784,0.09695152423788106,False
discover-2026-09-24T07:38:18+00:00,2026-09-24T07:38:18+00:00,0106fab4dc2f35a2,ca09aadca6c719d7,5,discover,k3:bearish_harami+at_support+breadth_positive,1316,1243,0.4239742558326629,0.43349408350078145,-0.009519827668118541,-0.0010211234133366393,0.5687156421789106,False
discover-2026-09-24T07:38:18+00:00,2026-09-24T07:38:18+00:00,0106fab4dc2f35a2,ca09aadca6c719d7,5,discover,k3:bearish_harami+at_support+ma_50_rising,1325,1243,0.45374094931617054,0.43316091681298347,0.020580032503187073,-0.0002868299637097453,0.17891054472763618,False
discover-2026-09-24T07:38:18+00:00,2026-09-24T07:38:18+00:00,0106fab4dc2f35a2,ca09aadca6c719d7,5,discover,k3:bearish_harami+at_support+market_up,1775,1667,0.42651469706058787,0.4333671945544211,-0.0068524974938332095,0.00016104987426287707,0.6496751624187906,False
discover-2026-09-24T07:38:18+00:00,2026-09-24T07:38:18+00:00,0106fab4dc2f35a2,ca09aadca6c719d7,5,discover,k3:bearish_harami+at_support+rvol_high,338,333,0.42042042042042044,0.43316091681298347,-0.012740496392563028,-4.6680328424772174e-05,0.6696651674162919,False
discover-2026-09-24T07:38:18+00:00,2026-09-24T07:38:18+00:00,0106fab4dc2f35a2,ca09aadca6c719d7,5,discover,k3:bearish_harami+at_support+volume_dry,521,506,0.44664031620553357,0.43316091681298347,0.013479399392550107,-0.00044706730885395223,0.5387306346826587,False
discover-2026-09-24T07:38:18+00:00,2026-09-24T07:38:18+00:00,0106fab4dc2f35a2,ca09aadca6c719d7,5,discover,k3:bearish_harami+breadth_positive+ma_50_rising,2876,2669,0.45035593855376543,0.43397147446991685,0.016384464083848582,0.0004986611710170079,0.2638680659670165,False
discover-2026-09-24T07:38:18+00:00,2026-09-24T07:38:18+00:00,0106fab4dc2f35a2,ca09aadca6c719d7,5,discover,k3:bearish_harami+breadth_positive+market_up,3986,3698,0.44916170903190916,0.4316962782254421,0.017465430806467064,0.0008119026271542594,0.15692153923038482,False
discover-2026-09-24T07:38:18+00:00,2026-09-24T07:38:18+00:00,0106fab4dc2f35a2,ca09aadca6c719d7,5,discover,k3:bearish_harami+breadth_positive+rvol_high,834,811,0.45745992601726265,0.43272888385070113,0.024731042166561523,0.001317669477436653,0.2708645677161419,False
discover-2026-09-24T07:38:18+00:00,2026-09-24T07:38:18+00:00,0106fab4dc2f35a2,ca09aadca6c719d7,5,discover,k3:bearish_harami+breadth_positive+volume_dry,498,482,0.475103734439834,0.43281736471831156,0.04228636972152244,0.0018110042419351008,0.11094452773613193,False
discover-2026-09-24T07:38:18+00:00,2026-09-24T07:38:18+00:00,0106fab4dc2f35a2,ca09aadca6c719d7,5,discover,k3:bearish_harami+ma_50_rising+market_up,3899,3587,0.4597156398104265,0.43385097321763744,0.025864666592789076,0.0006895422409650371,0.031984007996002,False
discover-2026-09-24T07:38:18+00:00,2026-09-24T07:38:18+00:00,0106fab4dc2f35a2,ca09aadca6c719d7,5,discover,k3:bearish_harami+ma_50_rising+rvol_high,738,715,0.4671328671328671,0.43363549045503663,0.03349737667783048,0.0010972919746844627,0.10994502748625687,False
discover-2026-09-24T07:38:18+00:00,2026-09-24T07:38:18+00:00,0106fab4dc2f35a2,ca09aadca6c719d7,5,discover,k3:bearish_harami+ma_50_rising+volume_dry,715,686,0.4518950437317784,0.43363549045503663,0.01825955327674178,-0.0005488219360578323,0.36681659170414793,False
discover-2026-09-24T07:38:18+00:00,2026-09-24T07:38:18+00:00,0106fab4dc2f35a2,ca09aadca6c719d7,5,discover,k3:bearish_harami+market_up+rvol_high,947,910,0.4582417582417582,0.43164189073675757,0.02659986750500065,0.0003076473952942951,0.22288855572213892,False
discover-2026-09-24T07:38:18+00:00,2026-09-24T07:38:18+00:00,0106fab4dc2f35a2,ca09aadca6c719d7,5,discover,k3:bearish_harami+market_up+volume_dry,650,626,0.4744408945686901,0.4316923567132672,0.042748537855422875,0.0014445512694960375,0.06596701649175413,False
discover-2026-09-24T07:38:18+00:00,2026-09-24T07:38:18+00:00,0106fab4dc2f35a2,ca09aadca6c719d7,5,discover,k3:bearish_harami+rvol_high+volume_dry,0,0,,0.4325326910641198,,,1.0,False
discover-2026-09-24T07:38:18+00:00,2026-09-24T07:38:18+00:00,0106fab4dc2f35a2,ca09aadca6c719d7,5,discover,k3:piercing_line,1348,1331,0.4064613072877536,0.4335842522555363,-0.027122944967782725,-0.0054599499542320835,0.10094952523738131,False
discover-2026-09-24T07:38:18+00:00,2026-09-24T07:38:18+00:00,0106fab4dc2f35a2,ca09aadca6c719d7,5,discover,k3:piercing_line+above_ma_50,666,657,0.4216133942161339,0.4329108446168058,-0.011297450400671871,-0.005201082086387872,0.5667166416791605,False
discover-2026-09-24T07:38:18+00:00,2026-09-24T07:38:18+00:00,0106fab4dc2f35a2,ca09aadca6c719d7,5,discover,k3:piercing_line+at_resistance,339,337,0.41839762611275966,0.43316091681298347,-0.014763290700223808,-0.0011715052545627123,0.6276861569215393,False
discover-2026-09-24T07:38:18+00:00,2026-09-24T07:38:18+00:00,0106fab4dc2f35a2,ca09aadca6c719d7,5,discover,k3:piercing_line+at_support,327,325,0.41846153846153844,0.43316091681298347,-0.014699378351445025,-0.0035774469737084743,0.657671164417791,False
discover-2026-09-24T07:38:18+00:00,2026-09-24T07:38:18+00:00,0106fab4dc2f35a2,ca09aadca6c719d7,5,discover,k3:piercing_line+breadth_positive,589,583,0.4065180102915952,0.4347279138473268,-0.028209903555731608,-0.004724083273768772,0.24587706146926536,False
discover-2026-09-24T07:38:18+00:00,2026-09-24T07:38:18+00:00,0106fab4dc2f35a2,ca09aadca6c719d7,5,discover,k3:piercing_line+ma_50_rising,681,672,0.4226190476190476,0.43363549045503663,-0.011016442835989015,-0.00424969037880253,0.607696151924038,False
discover-2026-09-24T07:38:18+00:00,2026-09-24T07:38:18+00:00,0106fab4dc2f35a2,ca09aadca6c719d7,5,discover,k3:piercing_line+market_up,730,725,0.40827586206896554,0.4316116490051079,-0.023335786936142355,-0.0043848779166044405,0.2688655672163918,False
discover-2026-09-24T07:38:18+00:00,2026-09-24T07:38:18+00:00,0106fab4dc2f35a2,ca09aadca6c719d7,5,discover,k3:piercing_line+rvol_high,168,168,0.4166666666666667,0.4323737099402499,-0.015707043273583188,-0.005203360957458454,0.6826586706646677,False
discover-2026-09-24T07:38:18+00:00,2026-09-24T07:38:18+00:00,0106fab4dc2f35a2,ca09aadca6c719d7,5,discover,k3:piercing_line+volume_dry,168,168,0.39285714285714285,0.4325326910641198,-0.03967554820697694,-0.006011459794577237,0.36481759120439783,False
discover-2026-09-24T07:38:18+00:00,2026-09-24T07:38:18+00:00,0106fab4dc2f35a2,ca09aadca6c719d7,5,discover,k3:piercing_line+above_ma_50+at_resistance,228,227,0.42731277533039647,0.43316091681298347,-0.005848141482586999,-0.0015146782282184671,0.8925537231384307,False
discover-2026-09-24T07:38:18+00:00,2026-09-24T07:38:18+00:00,0106fab4dc2f35a2,ca09aadca6c719d7,5,discover,k3:piercing_line+above_ma_50+at_support,156,156,0.46153846153846156,0.43316091681298347,0.0283775447254781,-0.0010069920886843504,0.4567716141929036,False
discover-2026-09-24T07:38:18+00:00,2026-09-24T07:38:18+00:00,0106fab4dc2f35a2,ca09aadca6c719d7,5,discover,k3:piercing_line+above_ma_50+breadth_positive,355,351,0.4045584045584046,0.43324282339373543,-0.02868441883533085,-0.0057502429732485755,0.28285857071464265,False
discover-2026-09-24T07:38:18+00:00,2026-09-24T07:38:18+00:00,0106fab4dc2f35a2,ca09aadca6c719d7,5,discover,k3:piercing_line+above_ma_50+ma_50_rising,544,537,0.43575418994413406,0.43363549045503663,0.002118699489097431,-0.003856387822303298,0.9145427286356822,False
discover-2026-09-24T07:38:18+00:00,2026-09-24T07:38:18+00:00,0106fab4dc2f35a2,ca09aadca6c719d7,5,discover,k3:piercing_line+above_ma_50+market_up,486,481,0.4261954261954262,0.43310347137611527,-0.006908045180689049,-0.004884099983306907,0.768615692153923,False
discover-2026-09-24T07:38:18+00:00,2026-09-24T07:38:18+00:00,0106fab4dc2f35a2,ca09aadca6c719d7,5,discover,k3:piercing_line+above_ma_50+rvol_high,87,87,0.41379310344827586,0.4329108446168058,-0.019117741168529934,-0.005958917282370506,0.7026486756621689,False
discover-2026-09-24T07:38:18+00:00,2026-09-24T07:38:18+00:00,0106fab4dc2f35a2,ca09aadca6c719d7,5,discover,k3:piercing_line+above_ma_50+volume_dry,81,81,0.3950617283950617,0.4329108446168058,-0.037849116221744084,-0.0042969580342356525,0.5227386306846576,False
discover-2026-09-24T07:38:18+00:00,2026-09-24T07:38:18+00:00,0106fab4dc2f35a2,ca09aadca6c719d7,5,discover,k3:piercing_line+at_resistance+at_support,181,180,0.42777777777777776,0.43316091681298347,-0.0053831390352057085,-0.0006542794061229515,0.9065467266366817,False
discover-2026-09-24T07:38:18+00:00,2026-09-24T07:38:18+00:00,0106fab4dc2f35a2,ca09aadca6c719d7,5,discover,k3:piercing_line+at_resistance+breadth_positive,146,146,0.410958904109589,0.43349408350078145,-0.022535179391192428,-0.002369996783860992,0.6196901549225388,False
discover-2026-09-24T07:38:18+00:00,2026-09-24T07:38:18+00:00,0106fab4dc2f35a2,ca09aadca6c719d7,5,discover,k3:piercing_line+at_resistance+ma_50_rising,208,207,0.4444444444444444,0.43316091681298347,0.011283527631460954,0.0010607289842352167,0.7346326836581709,False
discover-2026-09-24T07:38:18+00:00,2026-09-24T07:38:18+00:00,0106fab4dc2f35a2,ca09aadca6c719d7,5,discover,k3:piercing_line+at_resistance+market_up,202,202,0.40594059405940597,0.4333671945544211,-0.027426600495015108,0.0009002049317886392,0.5097451274362819,False
discover-2026-09-24T07:38:18+00:00,2026-09-24T07:38:18+00:00,0106fab4dc2f35a2,ca09aadca6c719d7,5,discover,k3:piercing_line+at_resistance+rvol_high,36,36,0.4444444444444444,0.43316091681298347,0.011283527631460954,-0.0005475115158502673,0.9025487256371814,False
discover-2026-09-24T07:38:18+00:00,2026-09-24T07:38:18+00:00,0106fab4dc2f35a2,ca09aadca6c719d7,5,discover,k3:piercing_line+at_resistance+volume_dry,51,51,0.45098039215686275,0.43316091681298347,0.017819475343879287,-0.0027138147816785753,0.7986006996501749,False
discover-2026-09-24T07:38:18+00:00,2026-09-24T07:38:18+00:00,0106fab4dc2f35a2,ca09aadca6c719d7,5,discover,k3:piercing_line+at_support+breadth_positive,130,130,0.4461538461538462,0.43349408350078145,0.012659762653064732,-0.0008217846752639061,0.8075962018990505,False
discover-2026-09-24T07:38:18+00:00,2026-09-24T07:38:18+00:00,0106fab4dc2f35a2,ca09aadca6c719d7,5,discover,k3:piercing_line+at_support+ma_50_rising,170,169,0.4319526627218935,0.43316091681298347,-0.0012082540910899886,-0.00259756029767286,0.9735132433783108,False
discover-2026-09-24T07:38:18+00:00,2026-09-24T07:38:18+00:00,0106fab4dc2f35a2,ca09aadca6c719d7,5,discover,k3:piercing_line+at_support+market_up,183,183,0.40437158469945356,0.4333671945544211,-0.02899560985496752,0.0011831126288564897,0.48075962018990503,False
discover-2026-09-24T07:38:18+00:00,2026-09-24T07:38:18+00:00,0106fab4dc2f35a2,ca09aadca6c719d7,5,discover,k3:piercing_line+at_support+rvol_high,35,35,0.3142857142857143,0.43316091681298347,-0.11887520252726919,-0.012004868377156764,0.12493753123438281,False
discover-2026-09-24T07:38:18+00:00,2026-09-24T07:38:18+00:00,0106fab4dc2f35a2,ca09aadca6c719d7,5,discover,k3:piercing_line+at_support+volume_dry,70,70,0.5142857142857142,0.43316091681298347,0.08112479747273077,0.004472512707921613,0.175912043978011,False
discover-2026-09-24T07:38:18+00:00,2026-09-24T07:38:18+00:00,0106fab4dc2f35a2,ca09aadca6c719d7,5,discover,k3:piercing_line+breadth_positive+ma_50_rising,325,322,0.40993788819875776,0.43397147446991685,-0.02403358627115909,-0.0038065408445214673,0.3728135932033983,False
discover-2026-09-24T07:38:18+00:00,2026-09-24T07:38:18+00:00,0106fab4dc2f35a2,ca09aadca6c719d7,5,discover,k3:piercing_line+breadth_positive+market_up,428,425,0.4117647058823529,0.4318465829071968,-0.020081877024843875,-0.0039039719268792344,0.4847576211894053,False
discover-2026-09-24T07:38:18+00:00,2026-09-24T07:38:18+00:00,0106fab4dc2f35a2,ca09aadca6c719d7,5,discover,k3:piercing_line+breadth_positive+rvol_high,86,86,0.3953488372093023,0.43266022757132505,-0.037311390362022745,-0.012208940645562412,0.4917541229385307,False
discover-2026-09-24T07:38:18+00:00,2026-09-24T07:38:18+00:00,0106fab4dc2f35a2,ca09aadca6c719d7,5,discover,k3:piercing_line+breadth_positive+volume_dry,58,58,0.4482758620689655,0.43281736471831156,0.015458497350653966,-0.002256347434044501,0.8535732133933034,False
discover-2026-09-24T07:38:18+00:00,2026-09-24T07:38:18+00:00,0106fab4dc2f35a2,ca09aadca6c719d7,5,discover,k3:piercing_line+ma_50_rising+market_up,452,447,0.41834451901565994,0.43385097321763744,-0.015506454201977493,-0.0039025457237767784,0.5017491254372813,False
discover-2026-09-24T07:38:18+00:00,2026-09-24T07:38:18+00:00,0106fab4dc2f35a2,ca09aadca6c719d7,5,discover,k3:piercing_line+ma_50_rising+rvol_high,84,84,0.4166666666666667,0.43363549045503663,-0.016968823788369947,-0.005168419164285666,0.7746126936531734,False
discover-2026-09-24T07:38:18+00:00,2026-09-24T07:38:18+00:00,0106fab4dc2f35a2,ca09aadca6c719d7,5,discover,k3:piercing_line+ma_50_rising+volume_dry,87,87,0.3563218390804598,0.43363549045503663,-0.07731365137457685,-0.010158026638004587,0.22788605697151423,False
discover-2026-09-24T07:38:18+00:00,2026-09-24T07:38:18+00:00,0106fab4dc2f35a2,ca09aadca6c719d7,5,discover,k3:piercing_line+market_up+rvol_high,95,95,0.4,0.43152250700491335,-0.031522507004913325,-0.008735475276391107,0.5017491254372813,False
discover-2026-09-24T07:38:18+00:00,2026-09-24T07:38:18+00:00,0106fab4dc2f35a2,ca09aadca6c719d7,5,discover,k3:piercing_line+market_up+volume_dry,83,83,0.3855421686746988,0.4316923567132672,-0.04615018803856841,-0.0067323977235402566,0.43778110944527737,False
discover-2026-09-24T07:38:18+00:00,2026-09-24T07:38:18+00:00,0106fab4dc2f35a2,ca09aadca6c719d7,5,discover,k3:piercing_line+rvol_high+volume_dry,0,0,,0.4325326910641198,,,1.0,False
discover-2026-09-24T07:38:18+00:00,2026-09-24T07:38:18+00:00,0106fab4dc2f35a2,ca09aadca6c719d7,5,discover,k3:dark_cloud_cover,1784,1750,0.444,0.4335842522555363,0.010415747744463688,-0.0021425241846676542,0.4367816091954023,False
discover-2026-09-24T07:38:18+00:00,2026-09-24T07:38:18+00:00,0106fab4dc2f35a2,ca09aadca6c719d7,5,discover,k3:dark_cloud_cover+above_ma_50,927,905,0.4574585635359116,0.4329108446168058,0.024547718919105788,-0.0001707969506760079,0.2048975512243878,False
discover-2026-09-24T07:38:18+00:00,2026-09-24T07:38:18+00:00,0106fab4dc2f35a2,ca09aadca6c719d7,5,discover,k3:dark_cloud_cover+at_resistance,465,460,0.44782608695652176,0.43316091681298347,0.014665170143538298,-0.0005630434015155681,0.5187406296851574,False
discover-2026-09-24T07:38:18+00:00,2026-09-24T07:38:18+00:00,0106fab4dc2f35a2,ca09aadca6c719d7,5,discover,k3:dark_cloud_cover+at_support,453,448,0.40848214285714285,0.43316091681298347,-0.024678773955840616,-0.0026777808369901623,0.3168415792103948,False
discover-2026-09-24T07:38:18+00:00,2026-09-24T07:38:18+00:00,0106fab4dc2f35a2,ca09aadca6c719d7,5,discover,k3:dark_cloud_cover+breadth_positive,916,899,0.4682981090100111,0.4347279138473268,0.033570195162684335,0.0017030548261625675,0.111944027986007,False
discover-2026-09-24T07:38:18+00:00,2026-09-24T07:38:18+00:00,0106fab4dc2f35a2,ca09aadca6c719d7,5,discover,k3:dark_cloud_cover+ma_50_rising,926,906,0.47240618101545256,0.43363549045503663,0.03877069056041593,0.0008994711556000322,0.04897551224387806,False
discover-2026-09-24T07:38:18+00:00,2026-09-24T07:38:18+00:00,0106fab4dc2f35a2,ca09aadca6c719d7,5,discover,k3:dark_cloud_cover+market_up,1096,1072,0.45242537313432835,0.4316116490051079,0.020813724129220446,-0.0008176612051983614,0.2638680659670165,False
discover-2026-09-24T07:38:18+00:00,2026-09-24T07:38:18+00:00,0106fab4dc2f35a2,ca09aadca6c719d7,5,discover,k3:dark_cloud_cover+rvol_high,216,213,0.4225352112676056,0.4323737099402499,-0.009838498672644247,-0.002584777766969686,0.8025987006496752,False
discover-2026-09-24T07:38:18+00:00,2026-09-24T07:38:18+00:00,0106fab4dc2f35a2,ca09aadca6c719d7,5,discover,k3:dark_cloud_cover+volume_dry,208,208,0.4855769230769231,0.4325326910641198,0.05304423201280328,-0.001225842625295925,0.1199400299850075,False
discover-2026-09-24T07:38:18+00:00,2026-09-24T07:38:18+00:00,0106fab4dc2f35a2,ca09aadca6c719d7,5,discover,k3:dark_cloud_cover+above_ma_50+at_resistance,264,261,0.49808429118773945,0.43316091681298347,0.06492337437475598,0.0023182075768099636,0.0399800099950025,False
discover-2026-09-24T07:38:18+00:00,2026-09-24T07:38:18+00:00,0106fab4dc2f35a2,ca09aadca6c719d7,5,discover,k3:dark_cloud_cover+above_ma_50+at_support,153,151,0.41721854304635764,0.43316091681298347,-0.015942373766625828,-0.001122941979829082,0.6536731634182908,False
discover-2026-09-24T07:38:18+00:00,2026-09-24T07:38:18+00:00,0106fab4dc2f35a2,ca09aadca6c719d7,5,discover,k3:dark_cloud_cover+above_ma_50+breadth_positive,570,557,0.4793536804308797,0.43324282339373543,0.04611085703714429,0.0018295898271314568,0.07796101949025487,False
discover-2026-09-24T07:38:18+00:00,2026-09-24T07:38:18+00:00,0106fab4dc2f35a2,ca09aadca6c719d7,5,discover,k3:dark_cloud_cover+above_ma_50+ma_50_rising,758,740,0.47702702702702704,0.43363549045503663,0.04339153657199041,0.0011286640439742426,0.041979010494752625,False
discover-2026-09-24T07:38:18+00:00,2026-09-24T07:38:18+00:00,0106fab4dc2f35a2,ca09aadca6c719d7,5,discover,k3:dark_cloud_cover+above_ma_50+market_up,726,707,0.4681753889674682,0.43310347137611527,0.03507191759135292,0.00144874397211558,0.13093453273363317,False
discover-2026-09-24T07:38:18+00:00,2026-09-24T07:38:18+00:00,0106fab4dc2f35a2,ca09aadca6c719d7,5,discover,k3:dark_cloud_cover+above_ma_50+rvol_high,150,147,0.4557823129251701,0.4329108446168058,0.022871468308364284,0.0011811256890964668,0.6986506746626686,False
discover-2026-09-24T07:38:18+00:00,2026-09-24T07:38:18+00:00,0106fab4dc2f35a2,ca09aadca6c719d7,5,discover,k3:dark_cloud_cover+above_ma_50+volume_dry,95,95,0.5052631578947369,0.4329108446168058,0.07235231327793107,0.000589190938314642,0.18790604697651175,False
discover-2026-09-24T07:38:18+00:00,2026-09-24T07:38:18+00:00,0106fab4dc2f35a2,ca09aadca6c719d7,5,discover,k3:dark_cloud_cover+at_resistance+at_support,265,262,0.3931297709923664,0.43316091681298347,-0.040031145820617065,-0.004375408836250163,0.20189905047476261,False
discover-2026-09-24T07:38:18+00:00,2026-09-24T07:38:18+00:00,0106fab4dc2f35a2,ca09aadca6c719d7,5,discover,k3:dark_cloud_cover+at_resistance+breadth_positive,246,243,0.46502057613168724,0.43349408350078145,0.03152649263090579,-0.0015359807861542382,0.2658670664667666,False
discover-2026-09-24T07:38:18+00:00,2026-09-24T07:38:18+00:00,0106fab4dc2f35a2,ca09aadca6c719d7,5,discover,k3:dark_cloud_cover+at_resistance+ma_50_rising,264,262,0.4961832061068702,0.43316091681298347,0.06302228929388676,0.0026702394087708145,0.03498250874562719,False
discover-2026-09-24T07:38:18+00:00,2026-09-24T07:38:18+00:00,0106fab4dc2f35a2,ca09aadca6c719d7,5,discover,k3:dark_cloud_cover+at_resistance+market_up,313,308,0.4642857142857143,0.4333671945544211,0.030918519731293226,0.001763491030915268,0.24187906046976512,False
discover-2026-09-24T07:38:18+00:00,2026-09-24T07:38:18+00:00,0106fab4dc2f35a2,ca09aadca6c719d7,5,discover,k3:dark_cloud_cover+at_resistance+rvol_high,46,46,0.32608695652173914,0.43316091681298347,-0.10707396029124433,-0.01632344088430949,0.13193403298350825,False
discover-2026-09-24T07:38:18+00:00,2026-09-24T07:38:18+00:00,0106fab4dc2f35a2,ca09aadca6c719d7,5,discover,k3:dark_cloud_cover+at_resistance+volume_dry,53,53,0.5660377358490566,0.43316091681298347,0.13287681903607312,0.007556159835591635,0.063968015992004,False
discover-2026-09-24T07:38:18+00:00,2026-09-24T07:38:18+00:00,0106fab4dc2f35a2,ca09aadca6c719d7,5,discover,k3:dark_cloud_cover+at_support+breadth_positive,198,195,0.4,0.43349408350078145,-0.033494083500781424,-0.004139173138342609,0.3588205897051474,False
discover-2026-09-24T07:38:18+00:00,2026-09-24T07:38:18+00:00,0106fab4dc2f35a2,ca09aadca6c719d7,5,discover,k3:dark_cloud_cover+at_support+ma_50_rising,202,199,0.44221105527638194,0.43316091681298347,0.009050138463398472,-0.0006608470425340348,0.815592203898051,False
discover-2026-09-24T07:38:18+00:00,2026-09-24T07:38:18+00:00,0106fab4dc2f35a2,ca09aadca6c719d7,5,discover,k3:dark_cloud_cover+at_support+market_up,276,273,0.4249084249084249,0.4333671945544211,-0.008458769645996178,0.00039027663382823995,0.7526236881559221,False
discover-2026-09-24T07:38:18+00:00,2026-09-24T07:38:18+00:00,0106fab4dc2f35a2,ca09aadca6c719d7,5,discover,k3:dark_cloud_cover+at_support+rvol_high,46,46,0.2826086956521739,0.43316091681298347,-0.15055222116080957,-0.006015304009040468,0.020989505247376312,False
discover-2026-09-24T07:38:18+00:00,2026-09-24T07:38:18+00:00,0106fab4dc2f35a2,ca09aadca6c719d7,5,discover,k3:dark_cloud_cover+at_support+volume_dry,73,73,0.4931506849315068,0.43316091681298347,0.05998976811852336,4.413906443439401e-05,0.3378310844577711,False
discover-2026-09-24T07:38:18+00:00,2026-09-24T07:38:18+00:00,0106fab4dc2f35a2,ca09aadca6c719d7,5,discover,k3:dark_cloud_cover+breadth_positive+ma_50_rising,510,500,0.502,0.43397147446991685,0.06802852553008315,0.0028685685117390437,0.0239880059970015,False
discover-2026-09-24T07:38:18+00:00,2026-09-24T07:38:18+00:00,0106fab4dc2f35a2,ca09aadca6c719d7,5,discover,k3:dark_cloud_cover+breadth_positive+market_up,683,666,0.47147147147147145,0.4318465829071968,0.03962488856427465,0.002009503117513298,0.11494252873563218,False
discover-2026-09-24T07:38:18+00:00,2026-09-24T07:38:18+00:00,0106fab4dc2f35a2,ca09aadca6c719d7,5,discover,k3:dark_cloud_cover+breadth_positive+rvol_high,149,148,0.4864864864864865,0.43266022757132505,0.05382625891516146,0.004252033436112426,0.33983008495752126,False
discover-2026-09-24T07:38:18+00:00,2026-09-24T07:38:18+00:00,0106fab4dc2f35a2,ca09aadca6c719d7,5,discover,k3:dark_cloud_cover+breadth_positive+volume_dry,70,70,0.4857142857142857,0.43281736471831156,0.05289692099597415,0.005013107280963014,0.38580709645177413,False
discover-2026-09-24T07:38:18+00:00,2026-09-24T07:38:18+00:00,0106fab4dc2f35a2,ca09aadca6c719d7,5,discover,k3:dark_cloud_cover+ma_50_rising+market_up,683,668,0.48502994011976047,0.43385097321763744,0.051178966902123035,0.001828363304961289,0.03798100949525238,False
discover-2026-09-24T07:38:18+00:00,2026-09-24T07:38:18+00:00,0106fab4dc2f35a2,ca09aadca6c719d7,5,discover,k3:dark_cloud_cover+ma_50_rising+rvol_high,116,113,0.48672566371681414,0.43363549045503663,0.05309017326177751,0.004358513456243398,0.4017991004497751,False
discover-2026-09-24T07:38:18+00:00,2026-09-24T07:38:18+00:00,0106fab4dc2f35a2,ca09aadca6c719d7,5,discover,k3:dark_cloud_cover+ma_50_rising+volume_dry,124,124,0.49193548387096775,0.43363549045503663,0.05829999341593112,-0.0030374436989653937,0.2448775612193903,False
discover-2026-09-24T07:38:18+00:00,2026-09-24T07:38:18+00:00,0106fab4dc2f35a2,ca09aadca6c719d7,5,discover,k3:dark_cloud_cover+market_up+rvol_high,145,143,0.48951048951048953,0.43152250700491335,0.057987982505576185,0.005319586809249048,0.2608695652173913,False
discover-2026-09-24T07:38:18+00:00,2026-09-24T07:38:18+00:00,0106fab4dc2f35a2,ca09aadca6c719d7,5,discover,k3:dark_cloud_cover+market_up+volume_dry,120,120,0.49166666666666664,0.4316923567132672,0.05997430995339942,-0.001366633372830082,0.23888055972013994,False
discover-2026-09-24T07:38:18+00:00,2026-09-24T07:38:18+00:00,0106fab4dc2f35a2,ca09aadca6c719d7,5,discover,k3:dark_cloud_cover+rvol_high+volume_dry,0,0,,0.4325326910641198,,,1.0,False
discover-2026-09-24T07:38:18+00:00,2026-09-24T07:38:18+00:00,0106fab4dc2f35a2,ca09aadca6c719d7,5,discover,k3:morning_star,374,374,0.40641711229946526,0.4325326910641198,-0.026115578764654535,-0.005920258290597604,0.31584207896051975,False
discover-2026-09-24T07:38:18+00:00,2026-09-24T07:38:18+00:00,0106fab4dc2f35a2,ca09aadca6c719d7,5,discover,k3:morning_star+above_ma_50,237,237,0.4219409282700422,0.4329108446168058,-0.010969916346763586,-0.0029453589130914878,0.7996001999000499,False
discover-2026-09-24T07:38:18+00:00,2026-09-24T07:38:18+00:00,0106fab4dc2f35a2,ca09aadca6c719d7,5,discover,k3:morning_star+at_resistance,105,105,0.3619047619047619,0.43316091681298347,-0.07125615490822157,-0.003240863653229214,0.11694152923538231,False
discover-2026-09-24T07:38:18+00:00,2026-09-24T07:38:18+00:00,0106fab4dc2f35a2,ca09aadca6c719d7,5,discover,k3:morning_star+at_support,97,97,0.38144329896907214,0.43316091681298347,-0.05171761784391132,-0.003703088345806166,0.31284357821089454,False
discover-2026-09-24T07:38:18+00:00,2026-09-24T07:38:18+00:00,0106fab4dc2f35a2,ca09aadca6c719d7,5,discover,k3:morning_star+breadth_positive,189,189,0.43386243386243384,0.43281736471831156,0.0010450691441222792,-0.003843684742841699,0.95952023988006,False
discover-2026-09-24T07:38:18+00:00,2026-09-24T07:38:18+00:00,0106fab4dc2f35a2,ca09aadca6c719d7,5,discover,k3:morning_star+ma_50_rising,232,232,0.41379310344827586,0.43363549045503663,-0.019842387006760775,-0.005679952459905778,0.5857071464267866,False
discover-2026-09-24T07:38:18+00:00,2026-09-24T07:38:18+00:00,0106fab4dc2f35a2,ca09aadca6c719d7,5,discover,k3:morning_star+market_up,239,239,0.39330543933054396,0.4316923567132672,-0.03838691738272326,-0.004488584094423081,0.2538730634682659,False
discover-2026-09-24T07:38:18+00:00,2026-09-24T07:38:18+00:00,0106fab4dc2f35a2,ca09aadca6c719d7,5,discover,k3:morning_star+rvol_high,107,107,0.40186915887850466,0.4325326910641198,-0.030663532185615128,-0.008838167981048244,0.5487256371814093,False
discover-2026-09-24T07:38:18+00:00,2026-09-24T07:38:18+00:00,0106fab4dc2f35a2,ca09aadca6c719d7,5,discover,k3:morning_star+volume_dry,29,29,0.3103448275862069,0.4325326910641198,-0.12218786347791288,-0.003884631971603683,1.0,False
discover-2026-09-24T07:38:18+00:00,2026-09-24T07:38:18+00:00,0106fab4dc2f35a2,ca09aadca6c719d7,5,discover,k3:morning_star+above_ma_50+at_resistance,76,76,0.4342105263157895,0.43316091681298347,0.001049609502806026,0.006041048370394736,0.9845077461269365,False
discover-2026-09-24T07:38:18+00:00,2026-09-24T07:38:18+00:00,0106fab4dc2f35a2,ca09aadca6c719d7,5,discover,k3:morning_star+above_ma_50+at_support,62,62,0.46774193548387094,0.43316091681298347,0.034581018670887476,0.006275255664755725,0.6056971514242878,False
discover-2026-09-24T07:38:18+00:00,2026-09-24T07:38:18+00:00,0106fab4dc2f35a2,ca09aadca6c719d7,5,discover,k3:morning_star+above_ma_50+breadth_positive,146,146,0.4178082191780822,0.43324282339373543,-0.015434604215653236,-0.004585049898285079,0.7746126936531734,False
discover-2026-09-24T07:38:18+00:00,2026-09-24T07:38:18+00:00,0106fab4dc2f35a2,ca09aadca6c719d7,5,discover,k3:morning_star+above_ma_50+ma_50_rising,199,199,0.4321608040201005,0.43363549045503663,-0.0014746864349361455,-0.0026710680620150237,0.9955022488755623,False
discover-2026-09-24T07:38:18+00:00,2026-09-24T07:38:18+00:00,0106fab4dc2f35a2,ca09aadca6c719d7,5,discover,k3:morning_star+above_ma_50+market_up,191,191,0.42408376963350786,0.43310347137611527,-0.009019701742607411,-0.0007938116213398089,0.8525737131434283,False
discover-2026-09-24T07:38:18+00:00,2026-09-24T07:38:18+00:00,0106fab4dc2f35a2,ca09aadca6c719d7,5,discover,k3:morning_star+above_ma_50+rvol_high,78,78,0.38461538461538464,0.4329108446168058,-0.04829546000142115,-0.009366551503368271,0.3968015992003998,False
discover-2026-09-24T07:38:18+00:00,2026-09-24T07:38:18+00:00,0106fab4dc2f35a2,ca09aadca6c719d7,5,discover,k3:morning_star+above_ma_50+volume_dry,18,18,0.2777777777777778,0.4329108446168058,-0.155133066839028,-0.004915083238475621,1.0,False
discover-2026-09-24T07:38:18+00:00,2026-09-24T07:38:18+00:00,0106fab4dc2f35a2,ca09aadca6c719d7,5,discover,k3:morning_star+at_resistance+at_support,63,63,0.3333333333333333,0.43316091681298347,-0.09982758347965015,-0.004968402648381271,0.063968015992004,False
discover-2026-09-24T07:38:18+00:00,2026-09-24T07:38:18+00:00,0106fab4dc2f35a2,ca09aadca6c719d7,5,discover,k3:morning_star+at_resistance+breadth_positive,55,55,0.41818181818181815,0.43349408350078145,-0.015312265318963292,0.005692364070086284,0.782608695652174,False
discover-2026-09-24T07:38:18+00:00,2026-09-24T07:38:18+00:00,0106fab4dc2f35a2,ca09aadca6c719d7,5,discover,k3:morning_star+at_resistance+ma_50_rising,67,67,0.3880597014925373,0.43316091681298347,-0.04510121532044614,-0.0003960698516630027,0.4057971014492754,False
discover-2026-09-24T07:38:18+00:00,2026-09-24T07:38:18+00:00,0106fab4dc2f35a2,ca09aadca6c719d7,5,discover,k3:morning_star+at_resistance+market_up,76,76,0.35526315789473684,0.4333671945544211,-0.07810403665968424,0.0020570523957440887,0.14192903548225888,False
discover-2026-09-24T07:38:18+00:00,2026-09-24T07:38:18+00:00,0106fab4dc2f35a2,ca09aadca6c719d7,5,discover,k3:morning_star+at_resistance+rvol_high,36,36,0.3611111111111111,0.43316091681298347,-0.07204980570187236,-0.005346466791233937,0.37881059470264866,False
discover-2026-09-24T07:38:18+00:00,2026-09-24T07:38:18+00:00,0106fab4dc2f35a2,ca09aadca6c719d7,5,discover,k3:morning_star+at_resistance+volume_dry,7,7,0.42857142857142855,0.43316091681298347,-0.004589488241554918,0.0017924063580149197,1.0,False
discover-2026-09-24T07:38:18+00:00,2026-09-24T07:38:18+00:00,0106fab4dc2f35a2,ca09aadca6c719d7,5,discover,k3:morning_star+at_support+breadth_positive,48,48,0.4166666666666667,0.43349408350078145,-0.01682741683411476,-6.273966872951536e-05,0.7946026986506747,False
discover-2026-09-24T07:38:18+00:00,2026-09-24T07:38:18+00:00,0106fab4dc2f35a2,ca09aadca6c719d7,5,discover,k3:morning_star+at_support+ma_50_rising,63,63,0.4444444444444444,0.43316091681298347,0.011283527631460954,0.0005272134398697614,0.8775612193903048,False
discover-2026-09-24T07:38:18+00:00,2026-09-24T07:38:18+00:00,0106fab4dc2f35a2,ca09aadca6c719d7,5,discover,k3:morning_star+at_support+market_up,64,64,0.359375,0.4333671945544211,-0.07399219455442108,-0.003174949598708598,0.21389305347326337,False
discover-2026-09-24T07:38:18+00:00,2026-09-24T07:38:18+00:00,0106fab4dc2f35a2,ca09aadca6c719d7,5,discover,k3:morning_star+at_support+rvol_high,23,23,0.30434782608695654,0.43316091681298347,-0.12881309072602692,-0.01199650994890048,1.0,False
discover-2026-09-24T07:38:18+00:00,2026-09-24T07:38:18+00:00,0106fab4dc2f35a2,ca09aadca6c719d7,5,discover,k3:morning_star+at_support+volume_dry,11,11,0.5454545454545454,0.43316091681298347,0.11229362864156195,0.011385837464980645,1.0,False
discover-2026-09-24T07:38:18+00:00,2026-09-24T07:38:18+00:00,0106fab4dc2f35a2,ca09aadca6c719d7,5,discover,k3:morning_star+breadth_positive+ma_50_rising,133,133,0.41353383458646614,0.43397147446991685,-0.02043763988345071,-0.003948494858238046,0.7166416791604198,False
discover-2026-09-24T07:38:18+00:00,2026-09-24T07:38:18+00:00,0106fab4dc2f35a2,ca09aadca6c719d7,5,discover,k3:morning_star+breadth_positive+market_up,156,156,0.4166666666666667,0.4317500154286067,-0.015083348761940008,-0.004522702285636369,0.7756121939030485,False
discover-2026-09-24T07:38:18+00:00,2026-09-24T07:38:18+00:00,0106fab4dc2f35a2,ca09aadca6c719d7,5,discover,k3:morning_star+breadth_positive+rvol_high,66,66,0.42424242424242425,0.43281736471831156,-0.008574940475887305,-0.005648647261707232,0.896551724137931,False
discover-2026-09-24T07:38:18+00:00,2026-09-24T07:38:18+00:00,0106fab4dc2f35a2,ca09aadca6c719d7,5,discover,k3:morning_star+breadth_positive+volume_dry,10,10,0.2,0.43281736471831156,-0.23281736471831155,-0.0049979371718621764,1.0,False
discover-2026-09-24T07:38:18+00:00,2026-09-24T07:38:18+00:00,0106fab4dc2f35a2,ca09aadca6c719d7,5,discover,k3:morning_star+ma_50_rising+market_up,178,178,0.42134831460674155,0.43385097321763744,-0.01250265861089589,-0.0009562410577454819,0.768615692153923,False
discover-2026-09-24T07:38:18+00:00,2026-09-24T07:38:18+00:00,0106fab4dc2f35a2,ca09aadca6c719d7,5,discover,k3:morning_star+ma_50_rising+rvol_high,60,60,0.4,0.43363549045503663,-0.03363549045503661,-0.010139159777698888,0.5947026486756621,False
discover-2026-09-24T07:38:18+00:00,2026-09-24T07:38:18+00:00,0106fab4dc2f35a2,ca09aadca6c719d7,5,discover,k3:morning_star+ma_50_rising+volume_dry,17,17,0.29411764705882354,0.43363549045503663,-0.1395178433962131,-0.006009890670545796,1.0,False
discover-2026-09-24T07:38:18+00:00,2026-09-24T07:38:18+00:00,0106fab4dc2f35a2,ca09aadca6c719d7,5,discover,k3:morning_star+market_up+rvol_high,80,80,0.3875,0.4316923567132672,-0.04419235671326721,-0.010290866224779338,0.47876061969015493,False
discover-2026-09-24T07:38:18+00:00,2026-09-24T07:38:18+00:00,0106fab4dc2f35a2,ca09aadca6c719d7,5,discover,k3:morning_star+market_up+volume_dry,14,14,0.14285714285714285,0.4316923567132672,-0.2888352138561244,-0.013909011077658304,1.0,False
discover-2026-09-24T07:38:18+00:00,2026-09-24T07:38:18+00:00,0106fab4dc2f35a2,ca09aadca6c719d7,5,discover,k3:morning_star+rvol_high+volume_dry,0,0,,0.4325326910641198,,,1.0,False
discover-2026-09-24T07:38:18+00:00,2026-09-24T07:38:18+00:00,0106fab4dc2f35a2,ca09aadca6c719d7,5,discover,k3:evening_star,408,408,0.4338235294117647,0.4325326910641198,0.0012908383476449292,-0.003974508387024793,0.975512243878061,False
discover-2026-09-24T07:38:18+00:00,2026-09-24T07:38:18+00:00,0106fab4dc2f35a2,ca09aadca6c719d7,5,discover,k3:evening_star+above_ma_50,225,225,0.49777777777777776,0.4329108446168058,0.06486693316097197,0.0022676067837061236,0.04097951024487756,False
discover-2026-09-24T07:38:18+00:00,2026-09-24T07:38:18+00:00,0106fab4dc2f35a2,ca09aadca6c719d7,5,discover,k3:evening_star+at_resistance,121,121,0.36363636363636365,0.43316091681298347,-0.06952455317661982,-0.004697055094080736,0.07896051974012994,False
discover-2026-09-24T07:38:18+00:00,2026-09-24T07:38:18+00:00,0106fab4dc2f35a2,ca09aadca6c719d7,5,discover,k3:evening_star+at_support,109,109,0.3761467889908257,0.43316091681298347,-0.057014127822157756,-0.004587658184982283,0.23788105947026486,False
discover-2026-09-24T07:38:18+00:00,2026-09-24T07:38:18+00:00,0106fab4dc2f35a2,ca09aadca6c719d7,5,discover,k3:evening_star+breadth_positive,186,186,0.41397849462365593,0.43281736471831156,-0.018838870094655624,-0.0019118518142046807,0.5797101449275363,False
discover-2026-09-24T07:38:18+00:00,2026-09-24T07:38:18+00:00,0106fab4dc2f35a2,ca09aadca6c719d7,5,discover,k3:evening_star+ma_50_rising,228,228,0.5,0.43363549045503663,0.06636450954496337,0.0012516112774002795,0.05297351324337831,False
discover-2026-09-24T07:38:18+00:00,2026-09-24T07:38:18+00:00,0106fab4dc2f35a2,ca09aadca6c719d7,5,discover,k3:evening_star+market_up,255,255,0.44313725490196076,0.4316923567132672,0.011444898188693542,-0.000833427172046074,0.7446276861569215,False
discover-2026-09-24T07:38:18+00:00,2026-09-24T07:38:18+00:00,0106fab4dc2f35a2,ca09aadca6c719d7,5,discover,k3:evening_star+rvol_high,88,88,0.42045454545454547,0.4325326910641198,-0.01207814560957432,-0.0032594342395851185,0.8115942028985508,False
discover-2026-09-24T07:38:18+00:00,2026-09-24T07:38:18+00:00,0106fab4dc2f35a2,ca09aadca6c719d7,5,discover,k3:evening_star+volume_dry,27,27,0.48148148148148145,0.4325326910641198,0.048948790417361665,-0.0005550613292741457,1.0,False
discover-2026-09-24T07:38:18+00:00,2026-09-24T07:38:18+00:00,0106fab4dc2f35a2,ca09aadca6c719d7,5,discover,k3:evening_star+above_ma_50+at_resistance,71,71,0.4084507042253521,0.43316091681298347,-0.02471021258763134,-9.039219379770888e-05,0.6206896551724138,False
discover-2026-09-24T07:38:18+00:00,2026-09-24T07:38:18+00:00,0106fab4dc2f35a2,ca09aadca6c719d7,5,discover,k3:evening_star+above_ma_50+at_support,37,37,0.43243243243243246,0.43316091681298347,-0.0007284843805510088,0.0032936753813958266,0.9805097451274363,False
discover-2026-09-24T07:38:18+00:00,2026-09-24T07:38:18+00:00,0106fab4dc2f35a2,ca09aadca6c719d7,5,discover,k3:evening_star+above_ma_50+breadth_positive,123,123,0.4959349593495935,0.43324282339373543,0.06269213595585804,0.00430385774536411,0.16491754122938532,False
discover-2026-09-24T07:38:18+00:00,2026-09-24T07:38:18+00:00,0106fab4dc2f35a2,ca09aadca6c719d7,5,discover,k3:evening_star+above_ma_50+ma_50_rising,187,187,0.5187165775401069,0.43363549045503663,0.08508108708507028,0.003347311122280551,0.012993503248375811,False
discover-2026-09-24T07:38:18+00:00,2026-09-24T07:38:18+00:00,0106fab4dc2f35a2,ca09aadca6c719d7,5,discover,k3:evening_star+above_ma_50+market_up,178,178,0.5056179775280899,0.43310347137611527,0.07251450615197463,0.00235846506936687,0.030984507746126936,False
discover-2026-09-24T07:38:18+00:00,2026-09-24T07:38:18+00:00,0106fab4dc2f35a2,ca09aadca6c719d7,5,discover,k3:evening_star+above_ma_50+rvol_high,50,50,0.54,0.4329108446168058,0.10708915538319425,0.010383200167943201,0.16991504247876063,False
discover-2026-09-24T07:38:18+00:00,2026-09-24T07:38:18+00:00,0106fab4dc2f35a2,ca09aadca6c719d7,5,discover,k3:evening_star+above_ma_50+volume_dry,9,9,0.7777777777777778,0.4329108446168058,0.344866933160972,0.02863271389908986,1.0,False
discover-2026-09-24T07:38:18+00:00,2026-09-24T07:38:18+00:00,0106fab4dc2f35a2,ca09aadca6c719d7,5,discover,k3:evening_star+at_resistance+at_support,66,66,0.3484848484848485,0.43316091681298347,-0.08467606832813496,-0.005216080970017745,0.14792603698150925,False
discover-2026-09-24T07:38:18+00:00,2026-09-24T07:38:18+00:00,0106fab4dc2f35a2,ca09aadca6c719d7,5,discover,k3:evening_star+at_resistance+breadth_positive,57,57,0.24561403508771928,0.43349408350078145,-0.18788004841306216,-0.009566777784992488,0.0029985007496251873,True
discover-2026-09-24T07:38:18+00:00,2026-09-24T07:38:18+00:00,0106fab4dc2f35a2,ca09aadca6c719d7,5,discover,k3:evening_star+at_resistance+ma_50_rising,77,77,0.4155844155844156,0.43316091681298347,-0.017576501228567853,-0.0033475666170760354,0.719640179910045,False
discover-2026-09-24T07:38:18+00:00,2026-09-24T07:38:18+00:00,0106fab4dc2f35a2,ca09aadca6c719d7,5,discover,k3:evening_star+at_resistance+market_up,82,82,0.36585365853658536,0.4333671945544211,-0.06751353601783572,-0.0028038220379712825,0.15792103948025987,False
discover-2026-09-24T07:38:18+00:00,2026-09-24T07:38:18+00:00,0106fab4dc2f35a2,ca09aadca6c719d7,5,discover,k3:evening_star+at_resistance+rvol_high,24,24,0.3333333333333333,0.43316091681298347,-0.09982758347965015,-0.002250716429363938,1.0,False
discover-2026-09-24T07:38:18+00:00,2026-09-24T07:38:18+00:00,0106fab4dc2f35a2,ca09aadca6c719d7,5,discover,k3:evening_star+at_resistance+volume_dry,7,7,0.42857142857142855,0.43316091681298347,-0.004589488241554918,-0.001481967582156288,1.0,False
discover-2026-09-24T07:38:18+00:00,2026-09-24T07:38:18+00:00,0106fab4dc2f35a2,ca09aadca6c719d7,5,discover,k3:evening_star+at_support+breadth_positive,40,40,0.2,0.43349408350078145,-0.23349408350078144,-0.007844543344502655,0.00399800099950025,True
discover-2026-09-24T07:38:18+00:00,2026-09-24T07:38:18+00:00,0106fab4dc2f35a2,ca09aadca6c719d7,5,discover,k3:evening_star+at_support+ma_50_rising,56,56,0.44642857142857145,0.43316091681298347,0.013267654615587987,-0.0002589150659201071,0.8765617191404298,False
discover-2026-09-24T07:38:18+00:00,2026-09-24T07:38:18+00:00,0106fab4dc2f35a2,ca09aadca6c719d7,5,discover,k3:evening_star+at_support+market_up,64,64,0.328125,0.4333671945544211,-0.10524219455442108,-0.0035170894319840624,0.08495752123938032,False
discover-2026-09-24T07:38:18+00:00,2026-09-24T07:38:18+00:00,0106fab4dc2f35a2,ca09aadca6c719d7,5,discover,k3:evening_star+at_support+rvol_high,19,19,0.21052631578947367,0.43316091681298347,-0.2226346010235098,-0.018193590622274148,1.0,False
discover-2026-09-24T07:38:18+00:00,2026-09-24T07:38:18+00:00,0106fab4dc2f35a2,ca09aadca6c719d7,5,discover,k3:evening_star+at_support+volume_dry,8,8,0.375,0.43316091681298347,-0.058160916812983465,0.0016395036901834525,1.0,False
discover-2026-09-24T07:38:18+00:00,2026-09-24T07:38:18+00:00,0106fab4dc2f35a2,ca09aadca6c719d7,5,discover,k3:evening_star+breadth_positive+ma_50_rising,116,116,0.5086206896551724,0.43397147446991685,0.07464921518525552,0.003109310565469514,0.11594202898550725,False
discover-2026-09-24T07:38:18+00:00,2026-09-24T07:38:18+00:00,0106fab4dc2f35a2,ca09aadca6c719d7,5,discover,k3:evening_star+breadth_positive+market_up,149,149,0.44966442953020136,0.4317500154286067,0.017914414101594667,0.0006453981234677501,0.688655672163918,False
discover-2026-09-24T07:38:18+00:00,2026-09-24T07:38:18+00:00,0106fab4dc2f35a2,ca09aadca6c719d7,5,discover,k3:evening_star+breadth_positive+rvol_high,45,45,0.5111111111111111,0.43281736471831156,0.07829374639279951,0.002876967532469083,0.3588205897051474,False
discover-2026-09-24T07:38:18+00:00,2026-09-24T07:38:18+00:00,0106fab4dc2f35a2,ca09aadca6c719d7,5,discover,k3:evening_star+breadth_positive+volume_dry,8,8,0.375,0.43281736471831156,-0.05781736471831156,0.0019146454236100563,1.0,False
discover-2026-09-24T07:38:18+00:00,2026-09-24T07:38:18+00:00,0106fab4dc2f35a2,ca09aadca6c719d7,5,discover,k3:evening_star+ma_50_rising+market_up,173,173,0.5028901734104047,0.43385097321763744,0.06903920019276721,0.0025713561386092373,0.063968015992004,False
discover-2026-09-24T07:38:18+00:00,2026-09-24T07:38:18+00:00,0106fab4dc2f35a2,ca09aadca6c719d7,5,discover,k3:evening_star+ma_50_rising+rvol_high,51,51,0.49019607843137253,0.43363549045503663,0.056560587976335897,0.006147172913137458,0.5007496251874063,False
discover-2026-09-24T07:38:18+00:00,2026-09-24T07:38:18+00:00,0106fab4dc2f35a2,ca09aadca6c719d7,5,discover,k3:evening_star+ma_50_rising+volume_dry,14,14,0.6428571428571429,0.43363549045503663,0.20922165240210627,0.010853114614479615,1.0,False
discover-2026-09-24T07:38:18+00:00,2026-09-24T07:38:18+00:00,0106fab4dc2f35a2,ca09aadca6c719d7,5,discover,k3:evening_star+market_up+rvol_high,59,59,0.4576271186440678,0.4316923567132672,0.025934761930800576,0.00251064024827307,0.7726136931534233,False
discover-2026-09-24T07:38:18+00:00,2026-09-24T07:38:18+00:00,0106fab4dc2f35a2,ca09aadca6c719d7,5,discover,k3:evening_star+market_up+volume_dry,13,13,0.38461538461538464,0.4316923567132672,-0.047076972097882586,0.008693303783044191,1.0,False
discover-2026-09-24T07:38:18+00:00,2026-09-24T07:38:18+00:00,0106fab4dc2f35a2,ca09aadca6c719d7,5,discover,k3:evening_star+rvol_high+volume_dry,0,0,,0.4325326910641198,,,1.0,False
discover-2026-09-24T07:38:18+00:00,2026-09-24T07:38:18+00:00,0106fab4dc2f35a2,ca09aadca6c719d7,5,discover,k3:three_white_soldiers,673,547,0.4716636197440585,0.4337048403202739,0.03795877942378462,-0.003036816543580549,0.09895052473763119,False
discover-2026-09-24T07:38:18+00:00,2026-09-24T07:38:18+00:00,0106fab4dc2f35a2,ca09aadca6c719d7,5,discover,k3:three_white_soldiers+above_ma_50,456,371,0.4528301886792453,0.4329108446168058,0.019919344062439504,-0.002817970705859951,0.47976011994003,False
discover-2026-09-24T07:38:18+00:00,2026-09-24T07:38:18+00:00,0106fab4dc2f35a2,ca09aadca6c719d7,5,discover,k3:three_white_soldiers+at_resistance,114,106,0.41509433962264153,0.43316091681298347,-0.018066577190341937,-0.0037247430576452137,0.7316341829085458,False
discover-2026-09-24T07:38:18+00:00,2026-09-24T07:38:18+00:00,0106fab4dc2f35a2,ca09aadca6c719d7,5,discover,k3:three_white_soldiers+at_support,95,83,0.5060240963855421,0.43316091681298347,0.07286317957255867,0.002129941114883002,0.10294852573713144,False
discover-2026-09-24T07:38:18+00:00,2026-09-24T07:38:18+00:00,0106fab4dc2f35a2,ca09aadca6c719d7,5,discover,k3:three_white_soldiers+breadth_positive,353,293,0.44368600682593856,0.43474408621861704,0.008941920607321518,-0.005947987893202516,0.7596201899050474,False
discover-2026-09-24T07:38:18+00:00,2026-09-24T07:38:18+00:00,0106fab4dc2f35a2,ca09aadca6c719d7,5,discover,k3:three_white_soldiers+ma_50_rising,375,301,0.47840531561461797,0.43363549045503663,0.04476982515958133,-0.0008131933087820845,0.111944027986007,False
discover-2026-09-24T07:38:18+00:00,2026-09-24T07:38:18+00:00,0106fab4dc2f35a2,ca09aadca6c719d7,5,discover,k3:three_white_soldiers+market_up,424,348,0.46839080459770116,0.4316764251754239,0.03671437942227729,-0.003154308045952918,0.14592703648175911,False
discover-2026-09-24T07:38:18+00:00,2026-09-24T07:38:18+00:00,0106fab4dc2f35a2,ca09aadca6c719d7,5,discover,k3:three_white_soldiers+rvol_high,262,232,0.4482758620689655,0.4323737099402499,0.015902152128715652,-0.007465738599209883,0.6686656671664168,False
discover-2026-09-24T07:38:18+00:00,2026-09-24T07:38:18+00:00,0106fab4dc2f35a2,ca09aadca6c719d7,5,discover,k3:three_white_soldiers+volume_dry,31,29,0.4827586206896552,0.4325326910641198,0.050225929625535404,0.005659632856263015,1.0,False
discover-2026-09-24T07:38:18+00:00,2026-09-24T07:38:18+00:00,0106fab4dc2f35a2,ca09aadca6c719d7,5,discover,k3:three_white_soldiers+above_ma_50+at_resistance,99,93,0.43010752688172044,0.43316091681298347,-0.0030533899312630286,-0.003528537644235817,0.9715142428785607,False
discover-2026-09-24T07:38:18+00:00,2026-09-24T07:38:18+00:00,0106fab4dc2f35a2,ca09aadca6c719d7,5,discover,k3:three_white_soldiers+above_ma_50+at_support,68,62,0.5,0.43316091681298347,0.06683908318701653,0.00028003398219463954,0.2638680659670165,False
discover-2026-09-24T07:38:18+00:00,2026-09-24T07:38:18+00:00,0106fab4dc2f35a2,ca09aadca6c719d7,5,discover,k3:three_white_soldiers+above_ma_50+breadth_positive,256,213,0.4084507042253521,0.43324282339373543,-0.02479211916838331,-0.0048688008685334695,0.5107446276861569,False
discover-2026-09-24T07:38:18+00:00,2026-09-24T07:38:18+00:00,0106fab4dc2f35a2,ca09aadca6c719d7,5,discover,k3:three_white_soldiers+above_ma_50+ma_50_rising,352,282,0.475177304964539,0.43363549045503663,0.041541814509502395,-0.0004726783290125739,0.18590704647676162,False
discover-2026-09-24T07:38:18+00:00,2026-09-24T07:38:18+00:00,0106fab4dc2f35a2,ca09aadca6c719d7,5,discover,k3:three_white_soldiers+above_ma_50+market_up,332,273,0.46153846153846156,0.43310347137611527,0.028434990162346296,-0.0014666310031696702,0.35082458770614694,False
discover-2026-09-24T07:38:18+00:00,2026-09-24T07:38:18+00:00,0106fab4dc2f35a2,ca09aadca6c719d7,5,discover,k3:three_white_soldiers+above_ma_50+rvol_high,209,185,0.43783783783783786,0.4329108446168058,0.004926993221032072,-0.007332866859657655,0.9005497251374313,False
discover-2026-09-24T07:38:18+00:00,2026-09-24T07:38:18+00:00,0106fab4dc2f35a2,ca09aadca6c719d7,5,discover,k3:three_white_soldiers+above_ma_50+volume_dry,15,15,0.5333333333333333,0.4329108446168058,0.10042248871652754,0.014219733250627597,1.0,False
discover-2026-09-24T07:38:18+00:00,2026-09-24T07:38:18+00:00,0106fab4dc2f35a2,ca09aadca6c719d7,5,discover,k3:three_white_soldiers+at_resistance+at_support,57,53,0.37735849056603776,0.43316091681298347,-0.0558024262469457,-0.0071598537824972205,0.34382808595702147,False
discover-2026-09-24T07:38:18+00:00,2026-09-24T07:38:18+00:00,0106fab4dc2f35a2,ca09aadca6c719d7,5,discover,k3:three_white_soldiers+at_resistance+breadth_positive,50,48,0.3958333333333333,0.43349408350078145,-0.03766075016744813,-0.0068574771171134655,0.5787106446776612,False
discover-2026-09-24T07:38:18+00:00,2026-09-24T07:38:18+00:00,0106fab4dc2f35a2,ca09aadca6c719d7,5,discover,k3:three_white_soldiers+at_resistance+ma_50_rising,60,56,0.48214285714285715,0.43316091681298347,0.048981940329873686,-0.0006040120707495282,0.45077461269365315,False
discover-2026-09-24T07:38:18+00:00,2026-09-24T07:38:18+00:00,0106fab4dc2f35a2,ca09aadca6c719d7,5,discover,k3:three_white_soldiers+at_resistance+market_up,80,73,0.4657534246575342,0.4333671945544211,0.032386230103113145,0.00013372320537451455,0.5397301349325337,False
discover-2026-09-24T07:38:18+00:00,2026-09-24T07:38:18+00:00,0106fab4dc2f35a2,ca09aadca6c719d7,5,discover,k3:three_white_soldiers+at_resistance+rvol_high,43,40,0.4,0.43316091681298347,-0.03316091681298344,-0.0063473383394007125,0.6536731634182908,False
discover-2026-09-24T07:38:18+00:00,2026-09-24T07:38:18+00:00,0106fab4dc2f35a2,ca09aadca6c719d7,5,discover,k3:three_white_soldiers+at_resistance+volume_dry,4,4,0.5,0.43316091681298347,0.06683908318701653,0.0167144542581823,1.0,False
discover-2026-09-24T07:38:18+00:00,2026-09-24T07:38:18+00:00,0106fab4dc2f35a2,ca09aadca6c719d7,5,discover,k3:three_white_soldiers+at_support+breadth_positive,48,45,0.4222222222222222,0.43349408350078145,-0.011271861278559225,-0.010178896242768652,0.8195902048975512,False
discover-2026-09-24T07:38:18+00:00,2026-09-24T07:38:18+00:00,0106fab4dc2f35a2,ca09aadca6c719d7,5,discover,k3:three_white_soldiers+at_support+ma_50_rising,35,32,0.59375,0.43316091681298347,0.16058908318701653,0.01621418783276308,0.08995502248875563,False
discover-2026-09-24T07:38:18+00:00,2026-09-24T07:38:18+00:00,0106fab4dc2f35a2,ca09aadca6c719d7,5,discover,k3:three_white_soldiers+at_support+market_up,60,51,0.5294117647058824,0.4333671945544211,0.09604457015146128,0.0025316473654509904,0.08095952023988005,False
discover-2026-09-24T07:38:18+00:00,2026-09-24T07:38:18+00:00,0106fab4dc2f35a2,ca09aadca6c719d7,5,discover,k3:three_white_soldiers+at_support+rvol_high,38,34,0.5294117647058824,0.43316091681298347,0.0962508478928989,0.003652638341138433,0.2518740629685157,False
discover-2026-09-24T07:38:18+00:00,2026-09-24T07:38:18+00:00,0106fab4dc2f35a2,ca09aadca6c719d7,5,discover,k3:three_white_soldiers+at_support+volume_dry,3,3,0.3333333333333333,0.43316091681298347,-0.09982758347965015,-0.0215267269692128,1.0,False
discover-2026-09-24T07:38:18+00:00,2026-09-24T07:38:18+00:00,0106fab4dc2f35a2,ca09aadca6c719d7,5,discover,k3:three_white_soldiers+breadth_positive+ma_50_rising,210,169,0.44970414201183434,0.43397147446991685,0.01573266754191749,-0.0022591778911131444,0.671664167916042,False
discover-2026-09-24T07:38:18+00:00,2026-09-24T07:38:18+00:00,0106fab4dc2f35a2,ca09aadca6c719d7,5,discover,k3:three_white_soldiers+breadth_positive+market_up,255,215,0.4325581395348837,0.4318942157166583,0.000663923818225387,-0.006308315656139496,0.9495252373813093,False
discover-2026-09-24T07:38:18+00:00,2026-09-24T07:38:18+00:00,0106fab4dc2f35a2,ca09aadca6c719d7,5,discover,k3:three_white_soldiers+breadth_positive+rvol_high,161,145,0.41379310344827586,0.43266022757132505,-0.018867124123049195,-0.012235402203551004,0.6586706646676662,False
discover-2026-09-24T07:38:18+00:00,2026-09-24T07:38:18+00:00,0106fab4dc2f35a2,ca09aadca6c719d7,5,discover,k3:three_white_soldiers+breadth_positive+volume_dry,14,13,0.6923076923076923,0.43281736471831156,0.25949032758938073,0.024294639051811045,1.0,False
discover-2026-09-24T07:38:18+00:00,2026-09-24T07:38:18+00:00,0106fab4dc2f35a2,ca09aadca6c719d7,5,discover,k3:three_white_soldiers+ma_50_rising+market_up,278,226,0.4823008849557522,0.43385097321763744,0.04844991173811475,0.0006233755854654153,0.1359320339830085,False
discover-2026-09-24T07:38:18+00:00,2026-09-24T07:38:18+00:00,0106fab4dc2f35a2,ca09aadca6c719d7,5,discover,k3:three_white_soldiers+ma_50_rising+rvol_high,163,142,0.4507042253521127,0.43363549045503663,0.017068734897076054,-0.007248763674817414,0.6766616691654173,False
discover-2026-09-24T07:38:18+00:00,2026-09-24T07:38:18+00:00,0106fab4dc2f35a2,ca09aadca6c719d7,5,discover,k3:three_white_soldiers+ma_50_rising+volume_dry,13,13,0.46153846153846156,0.43363549045503663,0.027902971083424932,0.010327148863127689,1.0,False
discover-2026-09-24T07:38:18+00:00,2026-09-24T07:38:18+00:00,0106fab4dc2f35a2,ca09aadca6c719d7,5,discover,k3:three_white_soldiers+market_up+rvol_high,169,148,0.4527027027027027,0.43152250700491335,0.02118019569778934,-0.004709766983925819,0.6156921539230384,False
discover-2026-09-24T07:38:18+00:00,2026-09-24T07:38:18+00:00,0106fab4dc2f35a2,ca09aadca6c719d7,5,discover,k3:three_white_soldiers+market_up+volume_dry,14,13,0.5384615384615384,0.4316923567132672,0.10676918174827121,0.010697528506589475,1.0,False
discover-2026-09-24T07:38:18+00:00,2026-09-24T07:38:18+00:00,0106fab4dc2f35a2,ca09aadca6c719d7,5,discover,k3:three_white_soldiers+rvol_high+volume_dry,0,0,,0.4325326910641198,,,1.0,False
discover-2026-09-24T07:38:18+00:00,2026-09-24T07:38:18+00:00,0106fab4dc2f35a2,ca09aadca6c719d7,5,discover,k3:three_black_crows,835,707,0.4738330975954738,0.4337048403202739,0.04012825727519992,-0.001298486560023172,0.0559720139930035,False
discover-2026-09-24T07:38:18+00:00,2026-09-24T07:38:18+00:00,0106fab4dc2f35a2,ca09aadca6c719d7,5,discover,k3:three_black_crows+above_ma_50,210,185,0.4810810810810811,0.4329108446168058,0.04817023646427532,-0.002620181737262753,0.2368815592203898,False
discover-2026-09-24T07:38:18+00:00,2026-09-24T07:38:18+00:00,0106fab4dc2f35a2,ca09aadca6c719d7,5,discover,k3:three_black_crows+at_resistance,175,161,0.484472049689441,0.43316091681298347,0.051311132876457555,0.0005057167245398664,0.17991004497751126,False
discover-2026-09-24T07:38:18+00:00,2026-09-24T07:38:18+00:00,0106fab4dc2f35a2,ca09aadca6c719d7,5,discover,k3:three_black_crows+at_support,233,210,0.45714285714285713,0.43316091681298347,0.023981940329873663,-0.00514863261413813,0.43478260869565216,False
discover-2026-09-24T07:38:18+00:00,2026-09-24T07:38:18+00:00,0106fab4dc2f35a2,ca09aadca6c719d7,5,discover,k3:three_black_crows+breadth_positive,264,244,0.5081967213114754,0.43474408621861704,0.07345263509285838,-0.00030039798955088117,0.03698150924537731,False
discover-2026-09-24T07:38:18+00:00,2026-09-24T07:38:18+00:00,0106fab4dc2f35a2,ca09aadca6c719d7,5,discover,k3:three_black_crows+ma_50_rising,355,305,0.46885245901639344,0.43363549045503663,0.03521696856135681,-0.001971507628797258,0.24887556221889057,False
discover-2026-09-24T07:38:18+00:00,2026-09-24T07:38:18+00:00,0106fab4dc2f35a2,ca09aadca6c719d7,5,discover,k3:three_black_crows+market_up,448,389,0.455012853470437,0.4316764251754239,0.023336428295013145,-0.004597178494692871,0.38980509745127434,False
discover-2026-09-24T07:38:18+00:00,2026-09-24T07:38:18+00:00,0106fab4dc2f35a2,ca09aadca6c719d7,5,discover,k3:three_black_crows+rvol_high,160,146,0.5821917808219178,0.4323737099402499,0.14981807088166793,0.0028836563417973704,0.001999000499750125,True
discover-2026-09-24T07:38:18+00:00,2026-09-24T07:38:18+00:00,0106fab4dc2f35a2,ca09aadca6c719d7,5,discover,k3:three_black_crows+volume_dry,103,90,0.3888888888888889,0.4325326910641198,-0.043643802175230895,0.0011783752926511693,0.44577711144427784,False
discover-2026-09-24T07:38:18+00:00,2026-09-24T07:38:18+00:00,0106fab4dc2f35a2,ca09aadca6c719d7,5,discover,k3:three_black_crows+above_ma_50+at_resistance,69,66,0.4696969696969697,0.43316091681298347,0.03653605288398626,0.00019524526065738167,0.5497251374312844,False
discover-2026-09-24T07:38:18+00:00,2026-09-24T07:38:18+00:00,0106fab4dc2f35a2,ca09aadca6c719d7,5,discover,k3:three_black_crows+above_ma_50+at_support,53,50,0.52,0.43316091681298347,0.08683908318701655,-0.0030801860135964,0.19290354822588707,False
discover-2026-09-24T07:38:18+00:00,2026-09-24T07:38:18+00:00,0106fab4dc2f35a2,ca09aadca6c719d7,5,discover,k3:three_black_crows+above_ma_50+breadth_positive,105,95,0.5157894736842106,0.43324282339373543,0.08254665029047514,-0.003186468217722121,0.14392803598200898,False
discover-2026-09-24T07:38:18+00:00,2026-09-24T07:38:18+00:00,0106fab4dc2f35a2,ca09aadca6c719d7,5,discover,k3:three_black_crows+above_ma_50+ma_50_rising,184,162,0.46296296296296297,0.43363549045503663,0.029327472507926333,-0.004233724076645164,0.512743628185907,False
discover-2026-09-24T07:38:18+00:00,2026-09-24T07:38:18+00:00,0106fab4dc2f35a2,ca09aadca6c719d7,5,discover,k3:three_black_crows+above_ma_50+market_up,167,148,0.46621621621621623,0.43310347137611527,0.03311274484010096,-0.004167437793790527,0.46776611694152925,False
discover-2026-09-24T07:38:18+00:00,2026-09-24T07:38:18+00:00,0106fab4dc2f35a2,ca09aadca6c719d7,5,discover,k3:three_black_crows+above_ma_50+rvol_high,30,28,0.6428571428571429,0.4329108446168058,0.20994629824033711,0.0024622394605680253,1.0,False
discover-2026-09-24T07:38:18+00:00,2026-09-24T07:38:18+00:00,0106fab4dc2f35a2,ca09aadca6c719d7,5,discover,k3:three_black_crows+above_ma_50+volume_dry,25,23,0.391304347826087,0.4329108446168058,-0.04160649679071882,0.003726999123147035,1.0,False
discover-2026-09-24T07:38:18+00:00,2026-09-24T07:38:18+00:00,0106fab4dc2f35a2,ca09aadca6c719d7,5,discover,k3:three_black_crows+at_resistance+at_support,106,96,0.5520833333333334,0.43316091681298347,0.1189224165203499,0.003605404760041926,0.010994502748625687,False
discover-2026-09-24T07:38:18+00:00,2026-09-24T07:38:18+00:00,0106fab4dc2f35a2,ca09aadca6c719d7,5,discover,k3:three_black_crows+at_resistance+breadth_positive,71,68,0.5588235294117647,0.43349408350078145,0.12532944591098327,0.007372202511484077,0.06596701649175413,False
discover-2026-09-24T07:38:18+00:00,2026-09-24T07:38:18+00:00,0106fab4dc2f35a2,ca09aadca6c719d7,5,discover,k3:three_black_crows+at_resistance+ma_50_rising,120,111,0.42342342342342343,0.43316091681298347,-0.009737493389560037,-0.0036352192744495914,0.8555722138930535,False
discover-2026-09-24T07:38:18+00:00,2026-09-24T07:38:18+00:00,0106fab4dc2f35a2,ca09aadca6c719d7,5,discover,k3:three_black_crows+at_resistance+market_up,118,109,0.46788990825688076,0.4333671945544211,0.034522713702459684,0.00033308087397506856,0.4407796101949025,False
discover-2026-09-24T07:38:18+00:00,2026-09-24T07:38:18+00:00,0106fab4dc2f35a2,ca09aadca6c719d7,5,discover,k3:three_black_crows+at_resistance+rvol_high,24,23,0.5217391304347826,0.43316091681298347,0.08857821362179913,0.0005754795355299629,1.0,False
discover-2026-09-24T07:38:18+00:00,2026-09-24T07:38:18+00:00,0106fab4dc2f35a2,ca09aadca6c719d7,5,discover,k3:three_black_crows+at_resistance+volume_dry,21,20,0.3,0.43316091681298347,-0.13316091681298348,-0.009647591391627824,1.0,False
discover-2026-09-24T07:38:18+00:00,2026-09-24T07:38:18+00:00,0106fab4dc2f35a2,ca09aadca6c719d7,5,discover,k3:three_black_crows+at_support+breadth_positive,89,85,0.5058823529411764,0.43349408350078145,0.072388269440395,-0.004345155198807411,0.17391304347826086,False
discover-2026-09-24T07:38:18+00:00,2026-09-24T07:38:18+00:00,0106fab4dc2f35a2,ca09aadca6c719d7,5,discover,k3:three_black_crows+at_support+ma_50_rising,122,110,0.42727272727272725,0.43316091681298347,-0.005888189540256217,-0.0072025804700654086,0.9465267366316842,False
discover-2026-09-24T07:38:18+00:00,2026-09-24T07:38:18+00:00,0106fab4dc2f35a2,ca09aadca6c719d7,5,discover,k3:three_black_crows+at_support+market_up,145,133,0.45864661654135336,0.4333671945544211,0.025279421986932282,-0.0032033710904605535,0.5157421289355323,False
discover-2026-09-24T07:38:18+00:00,2026-09-24T07:38:18+00:00,0106fab4dc2f35a2,ca09aadca6c719d7,5,discover,k3:three_black_crows+at_support+rvol_high,33,31,0.5806451612903226,0.43316091681298347,0.14748424447733915,0.005124263444653411,0.057971014492753624,False
discover-2026-09-24T07:38:18+00:00,2026-09-24T07:38:18+00:00,0106fab4dc2f35a2,ca09aadca6c719d7,5,discover,k3:three_black_crows+at_support+volume_dry,36,34,0.35294117647058826,0.43316091681298347,-0.08021974034239521,-0.00811305831916305,0.3188405797101449,False
discover-2026-09-24T07:38:18+00:00,2026-09-24T07:38:18+00:00,0106fab4dc2f35a2,ca09aadca6c719d7,5,discover,k3:three_black_crows+breadth_positive+ma_50_rising,136,124,0.4838709677419355,0.43397147446991685,0.04989949327201865,-0.005738225336763688,0.3328335832083958,False
discover-2026-09-24T07:38:18+00:00,2026-09-24T07:38:18+00:00,0106fab4dc2f35a2,ca09aadca6c719d7,5,discover,k3:three_black_crows+breadth_positive+market_up,200,182,0.4835164835164835,0.4318942157166583,0.051622267799825206,-0.0034896164333469174,0.23388305847076463,False
discover-2026-09-24T07:38:18+00:00,2026-09-24T07:38:18+00:00,0106fab4dc2f35a2,ca09aadca6c719d7,5,discover,k3:three_black_crows+breadth_positive+rvol_high,50,48,0.6666666666666666,0.43266022757132505,0.23400643909534158,0.009737619477261551,0.001999000499750125,True
discover-2026-09-24T07:38:18+00:00,2026-09-24T07:38:18+00:00,0106fab4dc2f35a2,ca09aadca6c719d7,5,discover,k3:three_black_crows+breadth_positive+volume_dry,31,31,0.41935483870967744,0.43281736471831156,-0.013462526008634124,-0.0018350756929829055,0.8435782108945528,False
discover-2026-09-24T07:38:18+00:00,2026-09-24T07:38:18+00:00,0106fab4dc2f35a2,ca09aadca6c719d7,5,discover,k3:three_black_crows+ma_50_rising+market_up,220,195,0.4307692307692308,0.43385097321763744,-0.0030817424484066436,-0.00657222533231081,0.9265367316341829,False
discover-2026-09-24T07:38:18+00:00,2026-09-24T07:38:18+00:00,0106fab4dc2f35a2,ca09aadca6c719d7,5,discover,k3:three_black_crows+ma_50_rising+rvol_high,53,50,0.48,0.43363549045503663,0.04636450954496335,-0.007703654475348638,0.5007496251874063,False
discover-2026-09-24T07:38:18+00:00,2026-09-24T07:38:18+00:00,0106fab4dc2f35a2,ca09aadca6c719d7,5,discover,k3:three_black_crows+ma_50_rising+volume_dry,50,45,0.4,0.43363549045503663,-0.03363549045503661,0.008724790251032424,0.6506746626686657,False
discover-2026-09-24T07:38:18+00:00,2026-09-24T07:38:18+00:00,0106fab4dc2f35a2,ca09aadca6c719d7,5,discover,k3:three_black_crows+market_up+rvol_high,86,79,0.5822784810126582,0.43152250700491335,0.15075597400774488,0.0018602951042030187,0.00399800099950025,True
discover-2026-09-24T07:38:18+00:00,2026-09-24T07:38:18+00:00,0106fab4dc2f35a2,ca09aadca6c719d7,5,discover,k3:three_black_crows+market_up+volume_dry,52,47,0.40425531914893614,0.4316923567132672,-0.02743703756433108,-0.005405738677380648,0.6806596701649176,False
discover-2026-09-24T07:38:18+00:00,2026-09-24T07:38:18+00:00,0106fab4dc2f35a2,ca09aadca6c719d7,5,discover,k3:three_black_crows+rvol_high+volume_dry,0,0,,0.4325326910641198,,,1.0,False
discover-2026-09-24T07:38:18+00:00,2026-09-24T07:38:18+00:00,0106fab4dc2f35a2,ca09aadca6c719d7,5,discover,k3:three_inside_up,1452,1441,0.42401110340041637,0.4325326910641198,-0.008521587663703423,-0.0022668019636966816,0.5577211394302849,False
discover-2026-09-24T07:38:18+00:00,2026-09-24T07:38:18+00:00,0106fab4dc2f35a2,ca09aadca6c719d7,5,discover,k3:three_inside_up+above_ma_50,880,873,0.4329896907216495,0.4329108446168058,7.884610484371057e-05,-0.0027045072047711593,0.993503248375812,False
discover-2026-09-24T07:38:18+00:00,2026-09-24T07:38:18+00:00,0106fab4dc2f35a2,ca09aadca6c719d7,5,discover,k3:three_inside_up+at_resistance,521,517,0.4197292069632495,0.43316091681298347,-0.013431709849733964,-0.0017331565898201949,0.5967016491754122,False
discover-2026-09-24T07:38:18+00:00,2026-09-24T07:38:18+00:00,0106fab4dc2f35a2,ca09aadca6c719d7,5,discover,k3:three_inside_up+at_support,473,468,0.3995726495726496,0.43316091681298347,-0.03358826724033387,-0.0011145500000075842,0.111944027986007,False
discover-2026-09-24T07:38:18+00:00,2026-09-24T07:38:18+00:00,0106fab4dc2f35a2,ca09aadca6c719d7,5,discover,k3:three_inside_up+breadth_positive,797,793,0.43757881462799497,0.43281736471831156,0.004761449909683413,-0.00024899630866126536,0.8765617191404298,False
discover-2026-09-24T07:38:18+00:00,2026-09-24T07:38:18+00:00,0106fab4dc2f35a2,ca09aadca6c719d7,5,discover,k3:three_inside_up+ma_50_rising,755,752,0.44148936170212766,0.43363549045503663,0.007853871247091027,-0.0014365460765717343,0.6986506746626686,False
discover-2026-09-24T07:38:18+00:00,2026-09-24T07:38:18+00:00,0106fab4dc2f35a2,ca09aadca6c719d7,5,discover,k3:three_inside_up+market_up,929,920,0.4315217391304348,0.4316923567132672,-0.000170617582832433,-0.0010511243710573145,0.992503748125937,False
discover-2026-09-24T07:38:18+00:00,2026-09-24T07:38:18+00:00,0106fab4dc2f35a2,ca09aadca6c719d7,5,discover,k3:three_inside_up+rvol_high,559,555,0.4198198198198198,0.4325326910641198,-0.012712871244299984,-0.0028135700106156616,0.5627186406796602,False
discover-2026-09-24T07:38:18+00:00,2026-09-24T07:38:18+00:00,0106fab4dc2f35a2,ca09aadca6c719d7,5,discover,k3:three_inside_up+volume_dry,110,110,0.42727272727272725,0.4325326910641198,-0.005259963791392541,0.0011193980794920713,0.8985507246376812,False
discover-2026-09-24T07:38:18+00:00,2026-09-24T07:38:18+00:00,0106fab4dc2f35a2,ca09aadca6c719d7,5,discover,k3:three_inside_up+above_ma_50+at_resistance,366,362,0.4116022099447514,0.43316091681298347,-0.02155870686823208,-0.003438497539533187,0.48875562218890556,False
discover-2026-09-24T07:38:18+00:00,2026-09-24T07:38:18+00:00,0106fab4dc2f35a2,ca09aadca6c719d7,5,discover,k3:three_inside_up+above_ma_50+at_support,268,265,0.37735849056603776,0.43316091681298347,-0.0558024262469457,-0.003954717843044801,0.063968015992004,False
discover-2026-09-24T07:38:18+00:00,2026-09-24T07:38:18+00:00,0106fab4dc2f35a2,ca09aadca6c719d7,5,discover,k3:three_inside_up+above_ma_50+breadth_positive,558,555,0.43243243243243246,0.43324282339373543,-0.0008103909613029758,-0.0008432638388903989,0.974512743628186,False
discover-2026-09-24T07:38:18+00:00,2026-09-24T07:38:18+00:00,0106fab4dc2f35a2,ca09aadca6c719d7,5,discover,k3:three_inside_up+above_ma_50+ma_50_rising,665,663,0.4539969834087481,0.43363549045503663,0.02036149295371148,-0.0015112888601248723,0.33183408295852074,False
discover-2026-09-24T07:38:18+00:00,2026-09-24T07:38:18+00:00,0106fab4dc2f35a2,ca09aadca6c719d7,5,discover,k3:three_inside_up+above_ma_50+market_up,678,671,0.45156482861400893,0.43310347137611527,0.01846135723789366,0.0002667279345735999,0.4617691154422789,False
discover-2026-09-24T07:38:18+00:00,2026-09-24T07:38:18+00:00,0106fab4dc2f35a2,ca09aadca6c719d7,5,discover,k3:three_inside_up+above_ma_50+rvol_high,391,389,0.4190231362467866,0.4329108446168058,-0.01388770837001918,-0.003054378883546943,0.6066966516741629,False
discover-2026-09-24T07:38:18+00:00,2026-09-24T07:38:18+00:00,0106fab4dc2f35a2,ca09aadca6c719d7,5,discover,k3:three_inside_up+above_ma_50+volume_dry,60,60,0.43333333333333335,0.4329108446168058,0.00042248871652755815,0.001956806674228569,0.9825087456271864,False
discover-2026-09-24T07:38:18+00:00,2026-09-24T07:38:18+00:00,0106fab4dc2f35a2,ca09aadca6c719d7,5,discover,k3:three_inside_up+at_resistance+at_support,308,305,0.3901639344262295,0.43316091681298347,-0.04299698238675398,-0.00176385414573838,0.14792603698150925,False
discover-2026-09-24T07:38:18+00:00,2026-09-24T07:38:18+00:00,0106fab4dc2f35a2,ca09aadca6c719d7,5,discover,k3:three_inside_up+at_resistance+breadth_positive,298,296,0.3885135135135135,0.43349408350078145,-0.04498056998726796,-0.002813507875823985,0.17091454272863568,False
discover-2026-09-24T07:38:18+00:00,2026-09-24T07:38:18+00:00,0106fab4dc2f35a2,ca09aadca6c719d7,5,discover,k3:three_inside_up+at_resistance+ma_50_rising,267,266,0.4473684210526316,0.43316091681298347,0.014207504239648117,-0.001910639404146943,0.670664667666167,False
discover-2026-09-24T07:38:18+00:00,2026-09-24T07:38:18+00:00,0106fab4dc2f35a2,ca09aadca6c719d7,5,discover,k3:three_inside_up+at_resistance+market_up,369,365,0.43561643835616437,0.4333671945544211,0.0022492438017432947,-0.0003881311088259973,0.9365317341329336,False
discover-2026-09-24T07:38:18+00:00,2026-09-24T07:38:18+00:00,0106fab4dc2f35a2,ca09aadca6c719d7,5,discover,k3:three_inside_up+at_resistance+rvol_high,215,214,0.4485981308411215,0.43316091681298347,0.015437214028138024,-0.0009092123096170053,0.6306846576711644,False
discover-2026-09-24T07:38:18+00:00,2026-09-24T07:38:18+00:00,0106fab4dc2f35a2,ca09aadca6c719d7,5,discover,k3:three_inside_up+at_resistance+volume_dry,44,44,0.38636363636363635,0.43316091681298347,-0.04679728044934711,-0.004613707700343039,0.5427286356821589,False
discover-2026-09-24T07:38:18+00:00,2026-09-24T07:38:18+00:00,0106fab4dc2f35a2,ca09aadca6c719d7,5,discover,k3:three_inside_up+at_support+breadth_positive,243,240,0.3625,0.43349408350078145,-0.07099408350078146,-0.00378665536905487,0.01699150424787606,False
discover-2026-09-24T07:38:18+00:00,2026-09-24T07:38:18+00:00,0106fab4dc2f35a2,ca09aadca6c719d7,5,discover,k3:three_inside_up+at_support+ma_50_rising,204,203,0.4088669950738916,0.43316091681298347,-0.02429392173909184,-0.0009759144993837828,0.48375812093953025,False
discover-2026-09-24T07:38:18+00:00,2026-09-24T07:38:18+00:00,0106fab4dc2f35a2,ca09aadca6c719d7,5,discover,k3:three_inside_up+at_support+market_up,309,306,0.40522875816993464,0.4333671945544211,-0.02813843638448643,0.00040773795525309367,0.2958520739630185,False
discover-2026-09-24T07:38:18+00:00,2026-09-24T07:38:18+00:00,0106fab4dc2f35a2,ca09aadca6c719d7,5,discover,k3:three_inside_up+at_support+rvol_high,168,166,0.42771084337349397,0.43316091681298347,-0.0054500734394895,-0.0017199522087448446,0.8915542228885557,False
discover-2026-09-24T07:38:18+00:00,2026-09-24T07:38:18+00:00,0106fab4dc2f35a2,ca09aadca6c719d7,5,discover,k3:three_inside_up+at_support+volume_dry,49,49,0.40816326530612246,0.43316091681298347,-0.024997651506861007,0.0008777989296877338,0.7076461769115442,False
discover-2026-09-24T07:38:18+00:00,2026-09-24T07:38:18+00:00,0106fab4dc2f35a2,ca09aadca6c719d7,5,discover,k3:three_inside_up+breadth_positive+ma_50_rising,444,444,0.4369369369369369,0.43397147446991685,0.0029654624670200636,0.0003718662515591331,0.9465267366316842,False
discover-2026-09-24T07:38:18+00:00,2026-09-24T07:38:18+00:00,0106fab4dc2f35a2,ca09aadca6c719d7,5,discover,k3:three_inside_up+breadth_positive+market_up,618,615,0.43089430894308944,0.4317500154286067,-0.0008557064855172491,-0.0007506648549738089,0.9675162418790605,False
discover-2026-09-24T07:38:18+00:00,2026-09-24T07:38:18+00:00,0106fab4dc2f35a2,ca09aadca6c719d7,5,discover,k3:three_inside_up+breadth_positive+rvol_high,375,372,0.44086021505376344,0.43281736471831156,0.008042850335451879,-0.0006264261493537344,0.800599700149925,False
discover-2026-09-24T07:38:18+00:00,2026-09-24T07:38:18+00:00,0106fab4dc2f35a2,ca09aadca6c719d7,5,discover,k3:three_inside_up+breadth_positive+volume_dry,42,42,0.5476190476190477,0.43281736471831156,0.11480168290073611,0.01707230006799146,0.20889555222388806,False
discover-2026-09-24T07:38:18+00:00,2026-09-24T07:38:18+00:00,0106fab4dc2f35a2,ca09aadca6c719d7,5,discover,k3:three_inside_up+ma_50_rising+market_up,552,550,0.4581818181818182,0.43385097321763744,0.024330844964180753,0.0013877585712433833,0.2988505747126437,False
discover-2026-09-24T07:38:18+00:00,2026-09-24T07:38:18+00:00,0106fab4dc2f35a2,ca09aadca6c719d7,5,discover,k3:three_inside_up+ma_50_rising+rvol_high,277,277,0.40794223826714804,0.43363549045503663,-0.025693252187888593,-0.003566241044076535,0.36481759120439783,False
discover-2026-09-24T07:38:18+00:00,2026-09-24T07:38:18+00:00,0106fab4dc2f35a2,ca09aadca6c719d7,5,discover,k3:three_inside_up+ma_50_rising+volume_dry,64,64,0.453125,0.43363549045503663,0.019489509544963368,0.005029163862299705,0.7806096951524237,False
discover-2026-09-24T07:38:18+00:00,2026-09-24T07:38:18+00:00,0106fab4dc2f35a2,ca09aadca6c719d7,5,discover,k3:three_inside_up+market_up+rvol_high,411,408,0.4338235294117647,0.4316923567132672,0.0021311726984974966,-0.0008036733672448964,0.9435282358820589,False
discover-2026-09-24T07:38:18+00:00,2026-09-24T07:38:18+00:00,0106fab4dc2f35a2,ca09aadca6c719d7,5,discover,k3:three_inside_up+market_up+volume_dry,46,46,0.43478260869565216,0.4316923567132672,0.0030902519823849395,0.007427734959020568,0.9865067466266867,False
discover-2026-09-24T07:38:18+00:00,2026-09-24T07:38:18+00:00,0106fab4dc2f35a2,ca09aadca6c719d7,5,discover,k3:three_inside_up+rvol_high+volume_dry,0,0,,0.4325326910641198,,,1.0,False
discover-2026-09-24T07:38:18+00:00,2026-09-24T07:38:18+00:00,0106fab4dc2f35a2,ca09aadca6c719d7,5,discover,k3:three_inside_down,1159,1148,0.45905923344947736,0.4325326910641198,0.026526542385357565,-0.0023518981684422916,0.06596701649175413,False
discover-2026-09-24T07:38:18+00:00,2026-09-24T07:38:18+00:00,0106fab4dc2f35a2,ca09aadca6c719d7,5,discover,k3:three_inside_down+above_ma_50,541,536,0.458955223880597,0.4329108446168058,0.026044379263791217,-0.0017681307913117825,0.239880059970015,False
discover-2026-09-24T07:38:18+00:00,2026-09-24T07:38:18+00:00,0106fab4dc2f35a2,ca09aadca6c719d7,5,discover,k3:three_inside_down+at_resistance,366,362,0.430939226519337,0.43316091681298347,-0.002221690293646439,-0.001632207361438891,0.9335332333833083,False
discover-2026-09-24T07:38:18+00:00,2026-09-24T07:38:18+00:00,0106fab4dc2f35a2,ca09aadca6c719d7,5,discover,k3:three_inside_down+at_support,411,408,0.4362745098039216,0.43316091681298347,0.0031135929909381077,-0.004110503956054451,0.881559220389805,False
discover-2026-09-24T07:38:18+00:00,2026-09-24T07:38:18+00:00,0106fab4dc2f35a2,ca09aadca6c719d7,5,discover,k3:three_inside_down+breadth_positive,419,417,0.44844124700239807,0.43281736471831156,0.01562388228408651,-0.005096032172040469,0.5657171414292853,False
discover-2026-09-24T07:38:18+00:00,2026-09-24T07:38:18+00:00,0106fab4dc2f35a2,ca09aadca6c719d7,5,discover,k3:three_inside_down+ma_50_rising,647,641,0.44305772230889234,0.43363549045503663,0.009422231853855711,-0.0026799119088309733,0.6196901549225388,False
discover-2026-09-24T07:38:18+00:00,2026-09-24T07:38:18+00:00,0106fab4dc2f35a2,ca09aadca6c719d7,5,discover,k3:three_inside_down+market_up,646,640,0.4515625,0.4316923567132672,0.019870143286732755,-0.0028929295544202647,0.351824087956022,False
discover-2026-09-24T07:38:18+00:00,2026-09-24T07:38:18+00:00,0106fab4dc2f35a2,ca09aadca6c719d7,5,discover,k3:three_inside_down+rvol_high,214,213,0.4413145539906103,0.4325326910641198,0.008781862926490525,-0.004565032596582724,0.7936031984007996,False
discover-2026-09-24T07:38:18+00:00,2026-09-24T07:38:18+00:00,0106fab4dc2f35a2,ca09aadca6c719d7,5,discover,k3:three_inside_down+volume_dry,143,142,0.4647887323943662,0.4325326910641198,0.0322560413302464,-0.00021600360210037017,0.44377811094452774,False
discover-2026-09-24T07:38:18+00:00,2026-09-24T07:38:18+00:00,0106fab4dc2f35a2,ca09aadca6c719d7,5,discover,k3:three_inside_down+above_ma_50+at_resistance,186,184,0.41304347826086957,0.43316091681298347,-0.020117438552113898,0.0008695577826592372,0.5987006496751625,False
discover-2026-09-24T07:38:18+00:00,2026-09-24T07:38:18+00:00,0106fab4dc2f35a2,ca09aadca6c719d7,5,discover,k3:three_inside_down+above_ma_50+at_support,130,129,0.4108527131782946,0.43316091681298347,-0.022308203634688883,-0.006623557887059194,0.5867066466766616,False
discover-2026-09-24T07:38:18+00:00,2026-09-24T07:38:18+00:00,0106fab4dc2f35a2,ca09aadca6c719d7,5,discover,k3:three_inside_down+above_ma_50+breadth_positive,248,247,0.47368421052631576,0.43324282339373543,0.04044138713258033,-0.004180172769261231,0.30184907546226886,False
discover-2026-09-24T07:38:18+00:00,2026-09-24T07:38:18+00:00,0106fab4dc2f35a2,ca09aadca6c719d7,5,discover,k3:three_inside_down+above_ma_50+ma_50_rising,466,461,0.45770065075921906,0.43363549045503663,0.02406516030418243,-0.0017296150320675772,0.31284357821089454,False
discover-2026-09-24T07:38:18+00:00,2026-09-24T07:38:18+00:00,0106fab4dc2f35a2,ca09aadca6c719d7,5,discover,k3:three_inside_down+above_ma_50+market_up,402,397,0.47103274559193953,0.43310347137611527,0.03792927421582426,-0.0009445247484003741,0.17491254372813594,False
discover-2026-09-24T07:38:18+00:00,2026-09-24T07:38:18+00:00,0106fab4dc2f35a2,ca09aadca6c719d7,5,discover,k3:three_inside_down+above_ma_50+rvol_high,106,106,0.49056603773584906,0.4329108446168058,0.05765519311904327,0.00019327872854894452,0.3118440779610195,False
discover-2026-09-24T07:38:18+00:00,2026-09-24T07:38:18+00:00,0106fab4dc2f35a2,ca09aadca6c719d7,5,discover,k3:three_inside_down+above_ma_50+volume_dry,51,51,0.43137254901960786,0.4329108446168058,-0.001538295597197925,-0.007568293159973878,0.9435282358820589,False
discover-2026-09-24T07:38:18+00:00,2026-09-24T07:38:18+00:00,0106fab4dc2f35a2,ca09aadca6c719d7,5,discover,k3:three_inside_down+at_resistance+at_support,225,222,0.4144144144144144,0.43316091681298347,-0.018746502398569065,-0.004697517530604479,0.5997001499250375,False
discover-2026-09-24T07:38:18+00:00,2026-09-24T07:38:18+00:00,0106fab4dc2f35a2,ca09aadca6c719d7,5,discover,k3:three_inside_down+at_resistance+breadth_positive,126,126,0.4365079365079365,0.43349408350078145,0.003013853007155065,-0.0012819305509284677,0.9155422288855573,False
discover-2026-09-24T07:38:18+00:00,2026-09-24T07:38:18+00:00,0106fab4dc2f35a2,ca09aadca6c719d7,5,discover,k3:three_inside_down+at_resistance+ma_50_rising,244,241,0.43568464730290457,0.43316091681298347,0.0025237304899211055,0.0006847187770308182,0.9175412293853074,False
discover-2026-09-24T07:38:18+00:00,2026-09-24T07:38:18+00:00,0106fab4dc2f35a2,ca09aadca6c719d7,5,discover,k3:three_inside_down+at_resistance+market_up,225,222,0.40540540540540543,0.4333671945544211,-0.027961789149015648,-0.0012637592010557811,0.4307846076961519,False
discover-2026-09-24T07:38:18+00:00,2026-09-24T07:38:18+00:00,0106fab4dc2f35a2,ca09aadca6c719d7,5,discover,k3:three_inside_down+at_resistance+rvol_high,55,55,0.4909090909090909,0.43316091681298347,0.05774817409610744,0.004403016810599372,0.3888055972013993,False
discover-2026-09-24T07:38:18+00:00,2026-09-24T07:38:18+00:00,0106fab4dc2f35a2,ca09aadca6c719d7,5,discover,k3:three_inside_down+at_resistance+volume_dry,50,49,0.40816326530612246,0.43316091681298347,-0.024997651506861007,0.004564374454902055,0.6906546726636682,False
discover-2026-09-24T07:38:18+00:00,2026-09-24T07:38:18+00:00,0106fab4dc2f35a2,ca09aadca6c719d7,5,discover,k3:three_inside_down+at_support+breadth_positive,125,125,0.432,0.43349408350078145,-0.0014940835007814512,-0.003245871324532904,0.9785107446276862,False
discover-2026-09-24T07:38:18+00:00,2026-09-24T07:38:18+00:00,0106fab4dc2f35a2,ca09aadca6c719d7,5,discover,k3:three_inside_down+at_support+ma_50_rising,220,218,0.41284403669724773,0.43316091681298347,-0.020316880115735736,-0.003449764761334883,0.5167416291854073,False
discover-2026-09-24T07:38:18+00:00,2026-09-24T07:38:18+00:00,0106fab4dc2f35a2,ca09aadca6c719d7,5,discover,k3:three_inside_down+at_support+market_up,225,223,0.4080717488789238,0.4333671945544211,-0.025295445675497297,-0.005402812054725349,0.4687656171914043,False
discover-2026-09-24T07:38:18+00:00,2026-09-24T07:38:18+00:00,0106fab4dc2f35a2,ca09aadca6c719d7,5,discover,k3:three_inside_down+at_support+rvol_high,65,65,0.4153846153846154,0.43316091681298347,-0.017776301428368058,-0.002756954559584656,0.8125937031484258,False
discover-2026-09-24T07:38:18+00:00,2026-09-24T07:38:18+00:00,0106fab4dc2f35a2,ca09aadca6c719d7,5,discover,k3:three_inside_down+at_support+volume_dry,64,63,0.42857142857142855,0.43316091681298347,-0.004589488241554918,-0.003071798322300763,0.9465267366316842,False
discover-2026-09-24T07:38:18+00:00,2026-09-24T07:38:18+00:00,0106fab4dc2f35a2,ca09aadca6c719d7,5,discover,k3:three_inside_down+breadth_positive+ma_50_rising,256,255,0.4235294117647059,0.43397147446991685,-0.010442062705210975,-0.0073635219723339855,0.7966016991504248,False
discover-2026-09-24T07:38:18+00:00,2026-09-24T07:38:18+00:00,0106fab4dc2f35a2,ca09aadca6c719d7,5,discover,k3:three_inside_down+breadth_positive+market_up,329,328,0.4573170731707317,0.4317500154286067,0.025567057742125032,-0.004095641285576105,0.4217891054472764,False
discover-2026-09-24T07:38:18+00:00,2026-09-24T07:38:18+00:00,0106fab4dc2f35a2,ca09aadca6c719d7,5,discover,k3:three_inside_down+breadth_positive+rvol_high,94,94,0.44680851063829785,0.43281736471831156,0.013991145919986292,-0.011217851495373733,0.8225887056471765,False
discover-2026-09-24T07:38:18+00:00,2026-09-24T07:38:18+00:00,0106fab4dc2f35a2,ca09aadca6c719d7,5,discover,k3:three_inside_down+breadth_positive+volume_dry,43,43,0.4186046511627907,0.43281736471831156,-0.01421271355552084,0.008011947353097255,0.8595702148925537,False
discover-2026-09-24T07:38:18+00:00,2026-09-24T07:38:18+00:00,0106fab4dc2f35a2,ca09aadca6c719d7,5,discover,k3:three_inside_down+ma_50_rising+market_up,431,425,0.43058823529411766,0.43385097321763744,-0.003262737923519776,-0.0037034135303678052,0.9145427286356822,False
discover-2026-09-24T07:38:18+00:00,2026-09-24T07:38:18+00:00,0106fab4dc2f35a2,ca09aadca6c719d7,5,discover,k3:three_inside_down+ma_50_rising+rvol_high,124,124,0.4596774193548387,0.43363549045503663,0.026041928899802058,-0.005402296166192615,0.6156921539230384,False
discover-2026-09-24T07:38:18+00:00,2026-09-24T07:38:18+00:00,0106fab4dc2f35a2,ca09aadca6c719d7,5,discover,k3:three_inside_down+ma_50_rising+volume_dry,82,81,0.37037037037037035,0.43363549045503663,-0.06326512008466628,-0.005131593021501913,0.2048975512243878,False
discover-2026-09-24T07:38:18+00:00,2026-09-24T07:38:18+00:00,0106fab4dc2f35a2,ca09aadca6c719d7,5,discover,k3:three_inside_down+market_up+rvol_high,127,127,0.44881889763779526,0.4316923567132672,0.017126540924528033,-0.006685844923199277,0.7156421789105447,False
discover-2026-09-24T07:38:18+00:00,2026-09-24T07:38:18+00:00,0106fab4dc2f35a2,ca09aadca6c719d7,5,discover,k3:three_inside_down+market_up+volume_dry,74,73,0.4794520547945205,0.4316923567132672,0.0477596980812533,0.0023494269251627758,0.40879560219890054,False
discover-2026-09-24T07:38:18+00:00,2026-09-24T07:38:18+00:00,0106fab4dc2f35a2,ca09aadca6c719d7,5,discover,k3:three_inside_down+rvol_high+volume_dry,0,0,,0.4325326910641198,,,1.0,False
discover-2026-09-24T07:38:18+00:00,2026-09-24T07:38:18+00:00,0106fab4dc2f35a2,ca09aadca6c719d7,5,discover,k3:tight_range,22463,8824,0.4567089755213055,0.4327080252198957,0.024000950301409807,-7.058764832400592e-05,0.001999000499750125,True
discover-2026-09-24T07:38:18+00:00,2026-09-24T07:38:18+00:00,0106fab4dc2f35a2,ca09aadca6c719d7,5,discover,k3:tight_range+above_ma_50,7625,3339,0.48457622042527704,0.4329108446168058,0.05166537580847125,0.002923116259238652,0.0009995002498750624,True
discover-2026-09-24T07:38:18+00:00,2026-09-24T07:38:18+00:00,0106fab4dc2f35a2,ca09aadca6c719d7,5,discover,k3:tight_range+at_resistance,8272,3779,0.4641439534268325,0.43316091681298347,0.030983036613849047,0.0025158036667648534,0.0009995002498750624,True
discover-2026-09-24T07:38:18+00:00,2026-09-24T07:38:18+00:00,0106fab4dc2f35a2,ca09aadca6c719d7,5,discover,k3:tight_range+at_support,11111,4788,0.45091896407685883,0.43316091681298347,0.017758047263875365,-7.871618673850883e-05,0.04897551224387806,False
discover-2026-09-24T07:38:18+00:00,2026-09-24T07:38:18+00:00,0106fab4dc2f35a2,ca09aadca6c719d7,5,discover,k3:tight_range+breadth_positive,10890,4883,0.4710219127585501,0.43301220812131697,0.03800970463723313,0.002096029971560359,0.001999000499750125,True
discover-2026-09-24T07:38:18+00:00,2026-09-24T07:38:18+00:00,0106fab4dc2f35a2,ca09aadca6c719d7,5,discover,k3:tight_range+ma_50_rising,9725,4004,0.4785214785214785,0.43363549045503663,0.044885988066441895,0.0015811285189880773,0.001999000499750125,True
discover-2026-09-24T07:38:18+00:00,2026-09-24T07:38:18+00:00,0106fab4dc2f35a2,ca09aadca6c719d7,5,discover,k3:tight_range+market_up,12799,5235,0.45157593123209167,0.4319008449443232,0.019675086287768484,0.0002915277067305022,0.08395802098950525,False
discover-2026-09-24T07:38:18+00:00,2026-09-24T07:38:18+00:00,0106fab4dc2f35a2,ca09aadca6c719d7,5,discover,k3:tight_range+rvol_high,1658,1293,0.4238205723124517,0.4327080252198957,-0.008887452907444027,-0.00402698127425601,0.5427286356821589,False
discover-2026-09-24T07:38:18+00:00,2026-09-24T07:38:18+00:00,0106fab4dc2f35a2,ca09aadca6c719d7,5,discover,k3:tight_range+volume_dry,8050,3853,0.46327536984168183,0.4327080252198957,0.03056734462178612,-0.0016077791340824907,0.008995502248875561,False
discover-2026-09-24T07:38:18+00:00,2026-09-24T07:38:18+00:00,0106fab4dc2f35a2,ca09aadca6c719d7,5,discover,k3:tight_range+above_ma_50+at_resistance,4074,1986,0.47482376636455187,0.43316091681298347,0.041662849551568404,0.003185890029380405,0.001999000499750125,True
discover-2026-09-24T07:38:18+00:00,2026-09-24T07:38:18+00:00,0106fab4dc2f35a2,ca09aadca6c719d7,5,discover,k3:tight_range+above_ma_50+at_support,3141,1570,0.4770700636942675,0.43316091681298347,0.043909146881284056,0.002359327240641732,0.0029985007496251873,True
discover-2026-09-24T07:38:18+00:00,2026-09-24T07:38:18+00:00,0106fab4dc2f35a2,ca09aadca6c719d7,5,discover,k3:tight_range+above_ma_50+breadth_positive,4249,2037,0.485027000490918,0.43324282339373543,0.05178417709718258,0.004631182511530683,0.0009995002498750624,True
discover-2026-09-24T07:38:18+00:00,2026-09-24T07:38:18+00:00,0106fab4dc2f35a2,ca09aadca6c719d7,5,discover,k3:tight_range+above_ma_50+ma_50_rising,6239,2719,0.4913571165869805,0.43363549045503663,0.05772162613194387,0.003275160343664162,0.0009995002498750624,True
discover-2026-09-24T07:38:18+00:00,2026-09-24T07:38:18+00:00,0106fab4dc2f35a2,ca09aadca6c719d7,5,discover,k3:tight_range+above_ma_50+market_up,5317,2397,0.47058823529411764,0.43310347137611527,0.03748476391800237,0.0028366276603105037,0.010994502748625687,False
discover-2026-09-24T07:38:18+00:00,2026-09-24T07:38:18+00:00,0106fab4dc2f35a2,ca09aadca6c719d7,5,discover,k3:tight_range+above_ma_50+rvol_high,605,485,0.4618556701030928,0.4329108446168058,0.028944825486287018,-0.0011014045523870314,0.17991004497751126,False
discover-2026-09-24T07:38:18+00:00,2026-09-24T07:38:18+00:00,0106fab4dc2f35a2,ca09aadca6c719d7,5,discover,k3:tight_range+above_ma_50+volume_dry,2602,1344,0.49851190476190477,0.4329108446168058,0.06560106014509898,0.002852704417216481,0.0009995002498750624,True
discover-2026-09-24T07:38:18+00:00,2026-09-24T07:38:18+00:00,0106fab4dc2f35a2,ca09aadca6c719d7,5,discover,k3:tight_range+at_resistance+at_support,5195,2483,0.450261780104712,0.43316091681298347,0.017100863291728552,0.001925810727876257,0.095952023988006,False
discover-2026-09-24T07:38:18+00:00,2026-09-24T07:38:18+00:00,0106fab4dc2f35a2,ca09aadca6c719d7,5,discover,k3:tight_range+at_resistance+breadth_positive,4413,2228,0.4748653500897666,0.43349408350078145,0.041371266588985156,0.0040979604638397915,0.001999000499750125,True
discover-2026-09-24T07:38:18+00:00,2026-09-24T07:38:18+00:00,0106fab4dc2f35a2,ca09aadca6c719d7,5,discover,k3:tight_range+at_resistance+ma_50_rising,4868,2264,0.4757067137809187,0.43316091681298347,0.04254579696793526,0.002699778672350282,0.001999000499750125,True
discover-2026-09-24T07:38:18+00:00,2026-09-24T07:38:18+00:00,0106fab4dc2f35a2,ca09aadca6c719d7,5,discover,k3:tight_range+at_resistance+market_up,5212,2481,0.4562676340185409,0.4333671945544211,0.02290043946411985,0.0023802602733536036,0.06596701649175413,False
discover-2026-09-24T07:38:18+00:00,2026-09-24T07:38:18+00:00,0106fab4dc2f35a2,ca09aadca6c719d7,5,discover,k3:tight_range+at_resistance+rvol_high,676,566,0.49823321554770317,0.43316091681298347,0.0650722987347197,0.0032345594232023015,0.0009995002498750624,True
discover-2026-09-24T07:38:18+00:00,2026-09-24T07:38:18+00:00,0106fab4dc2f35a2,ca09aadca6c719d7,5,discover,k3:tight_range+at_resistance+volume_dry,2553,1388,0.46397694524495675,0.43316091681298347,0.030816028431973286,0.0014941342817766476,0.04597701149425287,False
discover-2026-09-24T07:38:18+00:00,2026-09-24T07:38:18+00:00,0106fab4dc2f35a2,ca09aadca6c719d7,5,discover,k3:tight_range+at_support+breadth_positive,5226,2566,0.4621979734996103,0.43349408350078145,0.028703889998828835,0.001996214077435787,0.03698150924537731,False
discover-2026-09-24T07:38:18+00:00,2026-09-24T07:38:18+00:00,0106fab4dc2f35a2,ca09aadca6c719d7,5,discover,k3:tight_range+at_support+ma_50_rising,4912,2256,0.4703014184397163,0.43316091681298347,0.037140501626732825,0.0009342091621835167,0.004997501249375313,True
discover-2026-09-24T07:38:18+00:00,2026-09-24T07:38:18+00:00,0106fab4dc2f35a2,ca09aadca6c719d7,5,discover,k3:tight_range+at_support+market_up,6465,2872,0.44707520891364905,0.4333671945544211,0.013708014359227971,0.0004949812817779773,0.28285857071464265,False
discover-2026-09-24T07:38:18+00:00,2026-09-24T07:38:18+00:00,0106fab4dc2f35a2,ca09aadca6c719d7,5,discover,k3:tight_range+at_support+rvol_high,743,589,0.4431239388794567,0.43316091681298347,0.00996302206647326,-0.0006887747595017591,0.6316841579210395,False
discover-2026-09-24T07:38:18+00:00,2026-09-24T07:38:18+00:00,0106fab4dc2f35a2,ca09aadca6c719d7,5,discover,k3:tight_range+at_support+volume_dry,3948,2109,0.4642010431484116,0.43316091681298347,0.03104012633542813,-0.0012597705942184038,0.02498750624687656,False
discover-2026-09-24T07:38:18+00:00,2026-09-24T07:38:18+00:00,0106fab4dc2f35a2,ca09aadca6c719d7,5,discover,k3:tight_range+breadth_positive+ma_50_rising,4699,2176,0.49724264705882354,0.43397147446991685,0.06327117258890669,0.004964701529524909,0.0009995002498750624,True
discover-2026-09-24T07:38:18+00:00,2026-09-24T07:38:18+00:00,0106fab4dc2f35a2,ca09aadca6c719d7,5,discover,k3:tight_range+breadth_positive+market_up,7567,3363,0.46535831103181685,0.43198173463194706,0.033376576399869795,0.001996198752503473,0.01699150424787606,False
discover-2026-09-24T07:38:18+00:00,2026-09-24T07:38:18+00:00,0106fab4dc2f35a2,ca09aadca6c719d7,5,discover,k3:tight_range+breadth_positive+rvol_high,914,738,0.4281842818428184,0.43301220812131697,-0.00482792627849854,-0.0042454809643965325,0.7946026986506747,False
discover-2026-09-24T07:38:18+00:00,2026-09-24T07:38:18+00:00,0106fab4dc2f35a2,ca09aadca6c719d7,5,discover,k3:tight_range+breadth_positive+volume_dry,3501,1937,0.4847702632937532,0.43301220812131697,0.05175805517243626,0.0009010477494949274,0.001999000499750125,True
discover-2026-09-24T07:38:18+00:00,2026-09-24T07:38:18+00:00,0106fab4dc2f35a2,ca09aadca6c719d7,5,discover,k3:tight_range+ma_50_rising+market_up,6056,2592,0.46412037037037035,0.43385097321763744,0.030269397152732913,0.0018663168280756094,0.035982008995502246,False
discover-2026-09-24T07:38:18+00:00,2026-09-24T07:38:18+00:00,0106fab4dc2f35a2,ca09aadca6c719d7,5,discover,k3:tight_range+ma_50_rising+rvol_high,633,504,0.44246031746031744,0.43363549045503663,0.008824827005280811,-0.001116225154536539,0.6866566716641679,False
discover-2026-09-24T07:38:18+00:00,2026-09-24T07:38:18+00:00,0106fab4dc2f35a2,ca09aadca6c719d7,5,discover,k3:tight_range+ma_50_rising+volume_dry,3717,1831,0.4789732386673949,0.43363549045503663,0.04533774821235825,-8.875935474857728e-05,0.01699150424787606,False
discover-2026-09-24T07:38:18+00:00,2026-09-24T07:38:18+00:00,0106fab4dc2f35a2,ca09aadca6c719d7,5,discover,k3:tight_range+market_up+rvol_high,992,776,0.43041237113402064,0.4319008449443232,-0.0014884738103025374,-0.004141925399403231,0.9735132433783108,False
discover-2026-09-24T07:38:18+00:00,2026-09-24T07:38:18+00:00,0106fab4dc2f35a2,ca09aadca6c719d7,5,discover,k3:tight_range+market_up+volume_dry,4260,2167,0.4536225196123673,0.4319008449443232,0.021721674668044144,-0.0025558212575000133,0.14992503748125938,False
discover-2026-09-24T07:38:18+00:00,2026-09-24T07:38:18+00:00,0106fab4dc2f35a2,ca09aadca6c719d7,5,discover,k3:tight_range+rvol_high+volume_dry,0,0,,0.4327080252198957,,,1.0,False
discover-2026-09-24T07:38:18+00:00,2026-09-24T07:38:18+00:00,0106fab4dc2f35a2,ca09aadca6c719d7,5,discover,k3:inside_day_run,7967,6974,0.4341841124175509,0.4337048403202739,0.0004792720972769948,-0.0003015037296785573,0.9295352323838081,False
discover-2026-09-24T07:38:18+00:00,2026-09-24T07:38:18+00:00,0106fab4dc2f35a2,ca09aadca6c719d7,5,discover,k3:inside_day_run+above_ma_50,3341,2971,0.4668461797374621,0.4329108446168058,0.03393533512065633,0.003515224849444503,0.0009995002498750624,True
discover-2026-09-24T07:38:18+00:00,2026-09-24T07:38:18+00:00,0106fab4dc2f35a2,ca09aadca6c719d7,5,discover,k3:inside_day_run+at_resistance,2874,2552,0.4376959247648903,0.43316091681298347,0.004535007951906811,0.00029899706758278015,0.6496751624187906,False
discover-2026-09-24T07:38:18+00:00,2026-09-24T07:38:18+00:00,0106fab4dc2f35a2,ca09aadca6c719d7,5,discover,k3:inside_day_run+at_support,3130,2752,0.41424418604651164,0.43316091681298347,-0.018916730766471823,-0.0032271044715510735,0.04097951024487756,False
discover-2026-09-24T07:38:18+00:00,2026-09-24T07:38:18+00:00,0106fab4dc2f35a2,ca09aadca6c719d7,5,discover,k3:inside_day_run+breadth_positive,3735,3373,0.4369997035280166,0.43474408621861704,0.002255617309399549,0.00024072795241285639,0.8605697151424287,False
discover-2026-09-24T07:38:18+00:00,2026-09-24T07:38:18+00:00,0106fab4dc2f35a2,ca09aadca6c719d7,5,discover,k3:inside_day_run+ma_50_rising,3546,3137,0.4571246413771119,0.43363549045503663,0.023489150922075264,0.0018144838210466378,0.017991004497751123,False
discover-2026-09-24T07:38:18+00:00,2026-09-24T07:38:18+00:00,0106fab4dc2f35a2,ca09aadca6c719d7,5,discover,k3:inside_day_run+market_up,4785,4217,0.4455774247095091,0.4316764251754239,0.013900999534085245,0.0015307255594198268,0.15792103948025987,False
discover-2026-09-24T07:38:18+00:00,2026-09-24T07:38:18+00:00,0106fab4dc2f35a2,ca09aadca6c719d7,5,discover,k3:inside_day_run+rvol_high,457,437,0.45308924485125857,0.4323737099402499,0.020715534911008693,0.004047116406337399,0.3448275862068966,False
discover-2026-09-24T07:38:18+00:00,2026-09-24T07:38:18+00:00,0106fab4dc2f35a2,ca09aadca6c719d7,5,discover,k3:inside_day_run+volume_dry,1552,1422,0.41631504922644164,0.4325326910641198,-0.016217641837678154,-0.003877338556519075,0.2128935532233883,False
discover-2026-09-24T07:38:18+00:00,2026-09-24T07:38:18+00:00,0106fab4dc2f35a2,ca09aadca6c719d7,5,discover,k3:inside_day_run+above_ma_50+at_resistance,1731,1548,0.4541343669250646,0.43316091681298347,0.020973450112081127,0.0011602021640144268,0.11694152923538231,False
discover-2026-09-24T07:38:18+00:00,2026-09-24T07:38:18+00:00,0106fab4dc2f35a2,ca09aadca6c719d7,5,discover,k3:inside_day_run+above_ma_50+at_support,1025,927,0.4519956850053937,0.43316091681298347,0.018834768192410256,0.0003395792403523141,0.2518740629685157,False
discover-2026-09-24T07:38:18+00:00,2026-09-24T07:38:18+00:00,0106fab4dc2f35a2,ca09aadca6c719d7,5,discover,k3:inside_day_run+above_ma_50+breadth_positive,1962,1777,0.45920090039392236,0.43324282339373543,0.02595807700018693,0.0028240903239619966,0.04397801099450275,False
discover-2026-09-24T07:38:18+00:00,2026-09-24T07:38:18+00:00,0106fab4dc2f35a2,ca09aadca6c719d7,5,discover,k3:inside_day_run+above_ma_50+ma_50_rising,2640,2349,0.47509578544061304,0.43363549045503663,0.04146029498557641,0.0042681139395708625,0.0009995002498750624,True
discover-2026-09-24T07:38:18+00:00,2026-09-24T07:38:18+00:00,0106fab4dc2f35a2,ca09aadca6c719d7,5,discover,k3:inside_day_run+above_ma_50+market_up,2529,2261,0.47058823529411764,0.43310347137611527,0.03748476391800237,0.0043208691757497695,0.0009995002498750624,True
discover-2026-09-24T07:38:18+00:00,2026-09-24T07:38:18+00:00,0106fab4dc2f35a2,ca09aadca6c719d7,5,discover,k3:inside_day_run+above_ma_50+rvol_high,212,207,0.4927536231884058,0.4329108446168058,0.05984277857160003,0.008560923381552073,0.06896551724137931,False
discover-2026-09-24T07:38:18+00:00,2026-09-24T07:38:18+00:00,0106fab4dc2f35a2,ca09aadca6c719d7,5,discover,k3:inside_day_run+above_ma_50+volume_dry,570,533,0.450281425891182,0.4329108446168058,0.017370581274376184,-0.0006719418322467639,0.4577711144427786,False
discover-2026-09-24T07:38:18+00:00,2026-09-24T07:38:18+00:00,0106fab4dc2f35a2,ca09aadca6c719d7,5,discover,k3:inside_day_run+at_resistance+at_support,1612,1441,0.421235253296322,0.43316091681298347,-0.011925663516661467,-0.0009611170625090338,0.3918040979510245,False
discover-2026-09-24T07:38:18+00:00,2026-09-24T07:38:18+00:00,0106fab4dc2f35a2,ca09aadca6c719d7,5,discover,k3:inside_day_run+at_resistance+breadth_positive,1543,1399,0.4303073624017155,0.43349408350078145,-0.0031867210990659256,-2.5184494625369606e-07,0.8495752123938031,False
discover-2026-09-24T07:38:18+00:00,2026-09-24T07:38:18+00:00,0106fab4dc2f35a2,ca09aadca6c719d7,5,discover,k3:inside_day_run+at_resistance+ma_50_rising,1684,1502,0.4507323568575233,0.43316091681298347,0.01757144004453981,0.0003573842654305691,0.22588705647176413,False
discover-2026-09-24T07:38:18+00:00,2026-09-24T07:38:18+00:00,0106fab4dc2f35a2,ca09aadca6c719d7,5,discover,k3:inside_day_run+at_resistance+market_up,1943,1731,0.44482957827845176,0.4333671945544211,0.01146238372403069,0.0015239095429234388,0.3868065967016492,False
discover-2026-09-24T07:38:18+00:00,2026-09-24T07:38:18+00:00,0106fab4dc2f35a2,ca09aadca6c719d7,5,discover,k3:inside_day_run+at_resistance+rvol_high,184,178,0.5168539325842697,0.43316091681298347,0.08369301577128624,0.0072919560277823516,0.012993503248375811,False
discover-2026-09-24T07:38:18+00:00,2026-09-24T07:38:18+00:00,0106fab4dc2f35a2,ca09aadca6c719d7,5,discover,k3:inside_day_run+at_resistance+volume_dry,498,465,0.3978494623655914,0.43316091681298347,-0.03531145444739209,-0.002367299657659876,0.12093953023488256,False
discover-2026-09-24T07:38:18+00:00,2026-09-24T07:38:18+00:00,0106fab4dc2f35a2,ca09aadca6c719d7,5,discover,k3:inside_day_run+at_support+breadth_positive,1406,1278,0.42018779342723006,0.43349408350078145,-0.013306290073551386,-0.0023392178289669894,0.4217891054472764,False
discover-2026-09-24T07:38:18+00:00,2026-09-24T07:38:18+00:00,0106fab4dc2f35a2,ca09aadca6c719d7,5,discover,k3:inside_day_run+at_support+ma_50_rising,1339,1194,0.4128978224455611,0.43316091681298347,-0.020263094367422352,-0.0031809410197861706,0.19490254872563717,False
discover-2026-09-24T07:38:18+00:00,2026-09-24T07:38:18+00:00,0106fab4dc2f35a2,ca09aadca6c719d7,5,discover,k3:inside_day_run+at_support+market_up,1858,1652,0.41828087167070216,0.4333671945544211,-0.015086322883718917,-0.0018722052263288208,0.2818590704647676,False
discover-2026-09-24T07:38:18+00:00,2026-09-24T07:38:18+00:00,0106fab4dc2f35a2,ca09aadca6c719d7,5,discover,k3:inside_day_run+at_support+rvol_high,147,143,0.4755244755244755,0.43316091681298347,0.042363558711492055,0.0031688767089319246,0.2818590704647676,False
discover-2026-09-24T07:38:18+00:00,2026-09-24T07:38:18+00:00,0106fab4dc2f35a2,ca09aadca6c719d7,5,discover,k3:inside_day_run+at_support+volume_dry,744,684,0.3932748538011696,0.43316091681298347,-0.039886063011813855,-0.005567222680842577,0.028985507246376812,False
discover-2026-09-24T07:38:18+00:00,2026-09-24T07:38:18+00:00,0106fab4dc2f35a2,ca09aadca6c719d7,5,discover,k3:inside_day_run+breadth_positive+ma_50_rising,1842,1667,0.46010797840431916,0.43397147446991685,0.02613650393440231,0.001995224185728447,0.09295352323838081,False
discover-2026-09-24T07:38:18+00:00,2026-09-24T07:38:18+00:00,0106fab4dc2f35a2,ca09aadca6c719d7,5,discover,k3:inside_day_run+breadth_positive+market_up,2792,2508,0.4437799043062201,0.4318942157166583,0.011885688589561794,0.0018570501433681382,0.3758120939530235,False
discover-2026-09-24T07:38:18+00:00,2026-09-24T07:38:18+00:00,0106fab4dc2f35a2,ca09aadca6c719d7,5,discover,k3:inside_day_run+breadth_positive+rvol_high,254,240,0.475,0.43266022757132505,0.04233977242867493,0.00476796836732943,0.1519240379810095,False
discover-2026-09-24T07:38:18+00:00,2026-09-24T07:38:18+00:00,0106fab4dc2f35a2,ca09aadca6c719d7,5,discover,k3:inside_day_run+breadth_positive+volume_dry,616,587,0.44122657580919933,0.43281736471831156,0.00840921109088777,-0.0023034293128843227,0.7466266866566716,False
discover-2026-09-24T07:38:18+00:00,2026-09-24T07:38:18+00:00,0106fab4dc2f35a2,ca09aadca6c719d7,5,discover,k3:inside_day_run+ma_50_rising+market_up,2505,2234,0.4619516562220233,0.43385097321763744,0.02810068300438584,0.0029072674435510412,0.025987006496751622,False
discover-2026-09-24T07:38:18+00:00,2026-09-24T07:38:18+00:00,0106fab4dc2f35a2,ca09aadca6c719d7,5,discover,k3:inside_day_run+ma_50_rising+rvol_high,201,196,0.4846938775510204,0.43363549045503663,0.05105838709598376,0.007908622793040507,0.15092453773113443,False
discover-2026-09-24T07:38:18+00:00,2026-09-24T07:38:18+00:00,0106fab4dc2f35a2,ca09aadca6c719d7,5,discover,k3:inside_day_run+ma_50_rising+volume_dry,740,689,0.4339622641509434,0.43363549045503663,0.00032677369590677907,-0.002923914127378465,0.9845077461269365,False
discover-2026-09-24T07:38:18+00:00,2026-09-24T07:38:18+00:00,0106fab4dc2f35a2,ca09aadca6c719d7,5,discover,k3:inside_day_run+market_up+rvol_high,298,283,0.4664310954063604,0.43152250700491335,0.03490858840144706,0.007211447031131623,0.18790604697651175,False
discover-2026-09-24T07:38:18+00:00,2026-09-24T07:38:18+00:00,0106fab4dc2f35a2,ca09aadca6c719d7,5,discover,k3:inside_day_run+market_up+volume_dry,816,747,0.42168674698795183,0.4316923567132672,-0.01000560972531539,-0.002769004260504135,0.5977011494252874,False
discover-2026-09-24T07:38:18+00:00,2026-09-24T07:38:18+00:00,0106fab4dc2f35a2,ca09aadca6c719d7,5,discover,k3:inside_day_run+rvol_high+volume_dry,0,0,,0.4325326910641198,,,1.0,False
discover-2026-09-24T07:38:18+00:00,2026-09-24T07:38:18+00:00,0106fab4dc2f35a2,ca09aadca6c719d7,5,discover,k3:higher_lows,2767,2194,0.4639927073837739,0.433563790357502,0.03042891702627193,0.0008552021401391479,0.021989005497251374,False
discover-2026-09-24T07:38:18+00:00,2026-09-24T07:38:18+00:00,0106fab4dc2f35a2,ca09aadca6c719d7,5,discover,k3:higher_lows+above_ma_50,1457,1154,0.4826689774696707,0.4329108446168058,0.0497581328528649,0.0037026449222376575,0.005997001499250375,False
discover-2026-09-24T07:38:18+00:00,2026-09-24T07:38:18+00:00,0106fab4dc2f35a2,ca09aadca6c719d7,5,discover,k3:higher_lows+at_resistance,1240,983,0.4659206510681587,0.43316091681298347,0.032759734255175255,0.002342709394572436,0.07796101949025487,False
discover-2026-09-24T07:38:18+00:00,2026-09-24T07:38:18+00:00,0106fab4dc2f35a2,ca09aadca6c719d7,5,discover,k3:higher_lows+at_support,1070,852,0.4507042253521127,0.43316091681298347,0.01754330853912922,0.0009595235684630983,0.36481759120439783,False
discover-2026-09-24T07:38:18+00:00,2026-09-24T07:38:18+00:00,0106fab4dc2f35a2,ca09aadca6c719d7,5,discover,k3:higher_lows+breadth_positive,1270,1062,0.4792843691148776,0.43468280627118516,0.04460156284369243,0.002785833572670818,0.014992503748125937,False
discover-2026-09-24T07:38:18+00:00,2026-09-24T07:38:18+00:00,0106fab4dc2f35a2,ca09aadca6c719d7,5,discover,k3:higher_lows+ma_50_rising,1314,1068,0.49625468164794007,0.43363549045503663,0.06261919119290343,0.002987866547972153,0.001999000499750125,True
discover-2026-09-24T07:38:18+00:00,2026-09-24T07:38:18+00:00,0106fab4dc2f35a2,ca09aadca6c719d7,5,discover,k3:higher_lows+market_up,1713,1366,0.4816983894582723,0.4315566044964828,0.050141784961789504,0.002714469624826327,0.009995002498750625,False
discover-2026-09-24T07:38:18+00:00,2026-09-24T07:38:18+00:00,0106fab4dc2f35a2,ca09aadca6c719d7,5,discover,k3:higher_lows+rvol_high,267,242,0.48760330578512395,0.4323737099402499,0.05522959584487408,0.00635709423410135,0.10194902548725637,False
discover-2026-09-24T07:38:18+00:00,2026-09-24T07:38:18+00:00,0106fab4dc2f35a2,ca09aadca6c719d7,5,discover,k3:higher_lows+volume_dry,550,481,0.46361746361746364,0.4325326910641198,0.031084772553343853,0.0014677408244391798,0.2128935532233883,False
discover-2026-09-24T07:38:18+00:00,2026-09-24T07:38:18+00:00,0106fab4dc2f35a2,ca09aadca6c719d7,5,discover,k3:higher_lows+above_ma_50+at_resistance,874,696,0.47126436781609193,0.43316091681298347,0.03810345100310847,0.003196249111210895,0.07796101949025487,False
discover-2026-09-24T07:38:18+00:00,2026-09-24T07:38:18+00:00,0106fab4dc2f35a2,ca09aadca6c719d7,5,discover,k3:higher_lows+above_ma_50+at_support,475,386,0.4792746113989637,0.43316091681298347,0.04611369458598025,0.003729283652835402,0.11094452773613193,False
discover-2026-09-24T07:38:18+00:00,2026-09-24T07:38:18+00:00,0106fab4dc2f35a2,ca09aadca6c719d7,5,discover,k3:higher_lows+above_ma_50+breadth_positive,761,640,0.4875,0.43324282339373543,0.05425717660626456,0.004133985005865965,0.020989505247376312,False
discover-2026-09-24T07:38:18+00:00,2026-09-24T07:38:18+00:00,0106fab4dc2f35a2,ca09aadca6c719d7,5,discover,k3:higher_lows+above_ma_50+ma_50_rising,1102,888,0.5045045045045045,0.43363549045503663,0.07086901404946783,0.0043519125611381874,0.0009995002498750624,True
discover-2026-09-24T07:38:18+00:00,2026-09-24T07:38:18+00:00,0106fab4dc2f35a2,ca09aadca6c719d7,5,discover,k3:higher_lows+above_ma_50+market_up,1059,852,0.49178403755868544,0.43310347137611527,0.05868056618257017,0.003454473834660543,0.010994502748625687,False
discover-2026-09-24T07:38:18+00:00,2026-09-24T07:38:18+00:00,0106fab4dc2f35a2,ca09aadca6c719d7,5,discover,k3:higher_lows+above_ma_50+rvol_high,176,157,0.535031847133758,0.4329108446168058,0.10212100251695216,0.011109610888912217,0.012993503248375811,False
discover-2026-09-24T07:38:18+00:00,2026-09-24T07:38:18+00:00,0106fab4dc2f35a2,ca09aadca6c719d7,5,discover,k3:higher_lows+above_ma_50+volume_dry,261,225,0.48444444444444446,0.4329108446168058,0.051533599827638665,0.005526086312510585,0.15592203898050974,False
discover-2026-09-24T07:38:18+00:00,2026-09-24T07:38:18+00:00,0106fab4dc2f35a2,ca09aadca6c719d7,5,discover,k3:higher_lows+at_resistance+at_support,675,534,0.449438202247191,0.43316091681298347,0.016277285434207533,0.0015753120710283012,0.4657671164417791,False
discover-2026-09-24T07:38:18+00:00,2026-09-24T07:38:18+00:00,0106fab4dc2f35a2,ca09aadca6c719d7,5,discover,k3:higher_lows+at_resistance+breadth_positive,612,522,0.4674329501915709,0.43349408350078145,0.03393886669078944,0.002562876031060318,0.21189405297351324,False
discover-2026-09-24T07:38:18+00:00,2026-09-24T07:38:18+00:00,0106fab4dc2f35a2,ca09aadca6c719d7,5,discover,k3:higher_lows+at_resistance+ma_50_rising,738,598,0.4899665551839465,0.43316091681298347,0.05680563837096303,0.0036048624365354566,0.01199400299850075,False
discover-2026-09-24T07:38:18+00:00,2026-09-24T07:38:18+00:00,0106fab4dc2f35a2,ca09aadca6c719d7,5,discover,k3:higher_lows+at_resistance+market_up,821,664,0.463855421686747,0.4333671945544211,0.030488227132325907,0.0017591353767513406,0.19390304847576212,False
discover-2026-09-24T07:38:18+00:00,2026-09-24T07:38:18+00:00,0106fab4dc2f35a2,ca09aadca6c719d7,5,discover,k3:higher_lows+at_resistance+rvol_high,142,128,0.484375,0.43316091681298347,0.051214083187016535,0.0045894846824694685,0.24087956021989004,False
discover-2026-09-24T07:38:18+00:00,2026-09-24T07:38:18+00:00,0106fab4dc2f35a2,ca09aadca6c719d7,5,discover,k3:higher_lows+at_resistance+volume_dry,223,193,0.47150259067357514,0.43316091681298347,0.038341673860591674,0.0033929090195143168,0.32983508245877063,False
discover-2026-09-24T07:38:18+00:00,2026-09-24T07:38:18+00:00,0106fab4dc2f35a2,ca09aadca6c719d7,5,discover,k3:higher_lows+at_support+breadth_positive,458,389,0.43444730077120824,0.43349408350078145,0.0009532172704267983,0.0021319777939996605,0.9815092453773113,False
discover-2026-09-24T07:38:18+00:00,2026-09-24T07:38:18+00:00,0106fab4dc2f35a2,ca09aadca6c719d7,5,discover,k3:higher_lows+at_support+ma_50_rising,458,384,0.4921875,0.43316091681298347,0.059026583187016535,0.0017625442593550231,0.07496251874062969,False
discover-2026-09-24T07:38:18+00:00,2026-09-24T07:38:18+00:00,0106fab4dc2f35a2,ca09aadca6c719d7,5,discover,k3:higher_lows+at_support+market_up,636,528,0.4356060606060606,0.4333671945544211,0.002238866051639532,0.0013771615163715287,0.9145427286356822,False
discover-2026-09-24T07:38:18+00:00,2026-09-24T07:38:18+00:00,0106fab4dc2f35a2,ca09aadca6c719d7,5,discover,k3:higher_lows+at_support+rvol_high,93,85,0.4588235294117647,0.43316091681298347,0.02566261259878122,0.004204590135052446,0.5817091454272864,False
discover-2026-09-24T07:38:18+00:00,2026-09-24T07:38:18+00:00,0106fab4dc2f35a2,ca09aadca6c719d7,5,discover,k3:higher_lows+at_support+volume_dry,262,228,0.4956140350877193,0.43316091681298347,0.06245311827473582,0.005615269512910239,0.09295352323838081,False
discover-2026-09-24T07:38:18+00:00,2026-09-24T07:38:18+00:00,0106fab4dc2f35a2,ca09aadca6c719d7,5,discover,k3:higher_lows+breadth_positive+ma_50_rising,623,530,0.5094339622641509,0.43397147446991685,0.07546248779423409,0.003972166965249077,0.001999000499750125,True
discover-2026-09-24T07:38:18+00:00,2026-09-24T07:38:18+00:00,0106fab4dc2f35a2,ca09aadca6c719d7,5,discover,k3:higher_lows+breadth_positive+market_up,982,812,0.49507389162561577,0.43188094385420395,0.06319294777141182,0.0044635278086095935,0.005997001499250375,False
discover-2026-09-24T07:38:18+00:00,2026-09-24T07:38:18+00:00,0106fab4dc2f35a2,ca09aadca6c719d7,5,discover,k3:higher_lows+breadth_positive+rvol_high,146,135,0.5407407407407407,0.43266022757132505,0.10808051316941569,0.010975294656005885,0.01699150424787606,False
discover-2026-09-24T07:38:18+00:00,2026-09-24T07:38:18+00:00,0106fab4dc2f35a2,ca09aadca6c719d7,5,discover,k3:higher_lows+breadth_positive+volume_dry,204,181,0.430939226519337,0.43281736471831156,-0.0018781381989745327,-9.823212087946249e-05,0.9515242378810594,False
discover-2026-09-24T07:38:18+00:00,2026-09-24T07:38:18+00:00,0106fab4dc2f35a2,ca09aadca6c719d7,5,discover,k3:higher_lows+ma_50_rising+market_up,925,756,0.5079365079365079,0.43385097321763744,0.07408553471887047,0.0037593611364427205,0.001999000499750125,True
discover-2026-09-24T07:38:18+00:00,2026-09-24T07:38:18+00:00,0106fab4dc2f35a2,ca09aadca6c719d7,5,discover,k3:higher_lows+ma_50_rising+rvol_high,135,123,0.5609756097560976,0.43363549045503663,0.12734011930106098,0.012066063306344974,0.008995502248875561,False
discover-2026-09-24T07:38:18+00:00,2026-09-24T07:38:18+00:00,0106fab4dc2f35a2,ca09aadca6c719d7,5,discover,k3:higher_lows+ma_50_rising+volume_dry,293,263,0.4752851711026616,0.43363549045503663,0.041649680647624976,0.0018007238768721653,0.22688655672163918,False
discover-2026-09-24T07:38:18+00:00,2026-09-24T07:38:18+00:00,0106fab4dc2f35a2,ca09aadca6c719d7,5,discover,k3:higher_lows+market_up+rvol_high,172,157,0.5477707006369427,0.43152250700491335,0.11624819363202932,0.012330809172381822,0.004997501249375313,True
discover-2026-09-24T07:38:18+00:00,2026-09-24T07:38:18+00:00,0106fab4dc2f35a2,ca09aadca6c719d7,5,discover,k3:higher_lows+market_up+volume_dry,318,276,0.463768115942029,0.4316923567132672,0.03207575922876177,0.0003904640192709196,0.3618190904547726,False
discover-2026-09-24T07:38:18+00:00,2026-09-24T07:38:18+00:00,0106fab4dc2f35a2,ca09aadca6c719d7,5,discover,k3:higher_lows+rvol_high+volume_dry,0,0,,0.4325326910641198,,,1.0,False
discover-2026-09-24T07:38:18+00:00,2026-09-24T07:38:18+00:00,0106fab4dc2f35a2,ca09aadca6c719d7,5,discover,k3:breakout,14300,8509,0.4215536490774474,0.4323737099402499,-0.01082006086280246,-0.005261434748138014,0.1679160419790105,False
discover-2026-09-24T07:38:18+00:00,2026-09-24T07:38:18+00:00,0106fab4dc2f35a2,ca09aadca6c719d7,5,discover,k3:breakout+above_ma_50,12884,7649,0.4246306706759053,0.4329108446168058,-0.00828017394090047,-0.004791667998270405,0.3458270864567716,False
discover-2026-09-24T07:38:18+00:00,2026-09-24T07:38:18+00:00,0106fab4dc2f35a2,ca09aadca6c719d7,5,discover,k3:breakout+at_resistance,2296,1969,0.42407313357034027,0.43316091681298347,-0.0090877832426432,-0.0028215359856189983,0.5097451274362819,False
discover-2026-09-24T07:38:18+00:00,2026-09-24T07:38:18+00:00,0106fab4dc2f35a2,ca09aadca6c719d7,5,discover,k3:breakout+at_support,1539,1368,0.39473684210526316,0.43316091681298347,-0.0384240747077203,-0.006753558995386629,0.010994502748625687,False
discover-2026-09-24T07:38:18+00:00,2026-09-24T07:38:18+00:00,0106fab4dc2f35a2,ca09aadca6c719d7,5,discover,k3:breakout+breadth_positive,9984,6183,0.41581756428918,0.43266022757132505,-0.016842663282145065,-0.005609445149198034,0.10794602698650675,False
discover-2026-09-24T07:38:18+00:00,2026-09-24T07:38:18+00:00,0106fab4dc2f35a2,ca09aadca6c719d7,5,discover,k3:breakout+ma_50_rising,9467,5537,0.44049124074408524,0.43363549045503663,0.006855750289048612,-0.0033395274888839833,0.49375312343828087,False
discover-2026-09-24T07:38:18+00:00,2026-09-24T07:38:18+00:00,0106fab4dc2f35a2,ca09aadca6c719d7,5,discover,k3:breakout+market_up,11050,6664,0.4188175270108043,0.43152250700491335,-0.012704979994109022,-0.005160330050198222,0.19990004997501248,False
discover-2026-09-24T07:38:18+00:00,2026-09-24T07:38:18+00:00,0106fab4dc2f35a2,ca09aadca6c719d7,5,discover,k3:breakout+rvol_high,9283,6332,0.4129816803537587,0.4323737099402499,-0.019392029586491166,-0.006364401126484819,0.029985007496251874,False
discover-2026-09-24T07:38:18+00:00,2026-09-24T07:38:18+00:00,0106fab4dc2f35a2,ca09aadca6c719d7,5,discover,k3:breakout+volume_dry,147,122,0.5983606557377049,0.4325326910641198,0.16582796467358513,0.028432044412426236,0.0009995002498750624,True
discover-2026-09-24T07:38:18+00:00,2026-09-24T07:38:18+00:00,0106fab4dc2f35a2,ca09aadca6c719d7,5,discover,k3:breakout+above_ma_50+at_resistance,2237,1919,0.42470036477331946,0.43316091681298347,-0.008460552039664004,-0.002728533411339783,0.5367316341829086,False
discover-2026-09-24T07:38:18+00:00,2026-09-24T07:38:18+00:00,0106fab4dc2f35a2,ca09aadca6c719d7,5,discover,k3:breakout+above_ma_50+at_support,1475,1317,0.39711465451784356,0.43316091681298347,-0.03604626229513991,-0.006671303336280035,0.01899050474762619,False
discover-2026-09-24T07:38:18+00:00,2026-09-24T07:38:18+00:00,0106fab4dc2f35a2,ca09aadca6c719d7,5,discover,k3:breakout+above_ma_50+breadth_positive,9121,5635,0.4165039929015084,0.43324282339373543,-0.01673883049222702,-0.005339902639725682,0.12893553223388307,False
discover-2026-09-24T07:38:18+00:00,2026-09-24T07:38:18+00:00,0106fab4dc2f35a2,ca09aadca6c719d7,5,discover,k3:breakout+above_ma_50+ma_50_rising,9458,5530,0.44086799276672695,0.43363549045503663,0.007232502311690314,-0.003313091867313722,0.47276361819090457,False
discover-2026-09-24T07:38:18+00:00,2026-09-24T07:38:18+00:00,0106fab4dc2f35a2,ca09aadca6c719d7,5,discover,k3:breakout+above_ma_50+market_up,10447,6278,0.42099394711691623,0.43310347137611527,-0.012109524259199034,-0.004892246234455971,0.23888055972013994,False
discover-2026-09-24T07:38:18+00:00,2026-09-24T07:38:18+00:00,0106fab4dc2f35a2,ca09aadca6c719d7,5,discover,k3:breakout+above_ma_50+rvol_high,8386,5712,0.4164915966386555,0.4329108446168058,-0.01641924797815031,-0.005647133436310361,0.09395302348825588,False
discover-2026-09-24T07:38:18+00:00,2026-09-24T07:38:18+00:00,0106fab4dc2f35a2,ca09aadca6c719d7,5,discover,k3:breakout+above_ma_50+volume_dry,127,104,0.5961538461538461,0.4329108446168058,0.16324300153704036,0.0321552988347565,0.0009995002498750624,True
discover-2026-09-24T07:38:18+00:00,2026-09-24T07:38:18+00:00,0106fab4dc2f35a2,ca09aadca6c719d7,5,discover,k3:breakout+at_resistance+at_support,948,860,0.4,0.43316091681298347,-0.03316091681298344,-0.0041205599999442006,0.07296351824087956,False
discover-2026-09-24T07:38:18+00:00,2026-09-24T07:38:18+00:00,0106fab4dc2f35a2,ca09aadca6c719d7,5,discover,k3:breakout+at_resistance+breadth_positive,1544,1363,0.4086573734409391,0.43349408350078145,-0.024836710059842337,-0.003909377476946972,0.14792603698150925,False
discover-2026-09-24T07:38:18+00:00,2026-09-24T07:38:18+00:00,0106fab4dc2f35a2,ca09aadca6c719d7,5,discover,k3:breakout+at_resistance+ma_50_rising,974,855,0.47017543859649125,0.43316091681298347,0.03701452178350778,0.00011765027012113983,0.04697651174412794,False
discover-2026-09-24T07:38:18+00:00,2026-09-24T07:38:18+00:00,0106fab4dc2f35a2,ca09aadca6c719d7,5,discover,k3:breakout+at_resistance+market_up,1723,1507,0.42667551426675515,0.4333671945544211,-0.006691680287665924,-0.0032738818571208983,0.6696651674162919,False
discover-2026-09-24T07:38:18+00:00,2026-09-24T07:38:18+00:00,0106fab4dc2f35a2,ca09aadca6c719d7,5,discover,k3:breakout+at_resistance+rvol_high,1601,1454,0.42159559834938104,0.43316091681298347,-0.011565318463602425,-0.003933731142044337,0.46776611694152925,False
discover-2026-09-24T07:38:18+00:00,2026-09-24T07:38:18+00:00,0106fab4dc2f35a2,ca09aadca6c719d7,5,discover,k3:breakout+at_resistance+volume_dry,35,34,0.5882352941176471,0.43316091681298347,0.1550743773046636,0.02638509913605494,0.09195402298850575,False
discover-2026-09-24T07:38:18+00:00,2026-09-24T07:38:18+00:00,0106fab4dc2f35a2,ca09aadca6c719d7,5,discover,k3:breakout+at_support+breadth_positive,999,900,0.3788888888888889,0.43349408350078145,-0.05460519461189256,-0.007487736948632347,0.0069965017491254375,False
discover-2026-09-24T07:38:18+00:00,2026-09-24T07:38:18+00:00,0106fab4dc2f35a2,ca09aadca6c719d7,5,discover,k3:breakout+at_support+ma_50_rising,456,436,0.44036697247706424,0.43316091681298347,0.007206055664080779,-0.005096546025015656,0.7466266866566716,False
discover-2026-09-24T07:38:18+00:00,2026-09-24T07:38:18+00:00,0106fab4dc2f35a2,ca09aadca6c719d7,5,discover,k3:breakout+at_support+market_up,1124,1017,0.40412979351032446,0.4333671945544211,-0.02923740104409661,-0.00603733326189709,0.079960019990005,False
discover-2026-09-24T07:38:18+00:00,2026-09-24T07:38:18+00:00,0106fab4dc2f35a2,ca09aadca6c719d7,5,discover,k3:breakout+at_support+rvol_high,1138,1053,0.39411206077872746,0.43316091681298347,-0.03904885603425601,-0.007219314764699797,0.01899050474762619,False
discover-2026-09-24T07:38:18+00:00,2026-09-24T07:38:18+00:00,0106fab4dc2f35a2,ca09aadca6c719d7,5,discover,k3:breakout+at_support+volume_dry,19,19,0.42105263157894735,0.43316091681298347,-0.01210828523403612,0.008019457763700149,1.0,False
discover-2026-09-24T07:38:18+00:00,2026-09-24T07:38:18+00:00,0106fab4dc2f35a2,ca09aadca6c719d7,5,discover,k3:breakout+breadth_positive+ma_50_rising,6698,4093,0.43244563889567555,0.43397147446991685,-0.0015258355742412966,-0.003964954374408432,0.9145427286356822,False
discover-2026-09-24T07:38:18+00:00,2026-09-24T07:38:18+00:00,0106fab4dc2f35a2,ca09aadca6c719d7,5,discover,k3:breakout+breadth_positive+market_up,8459,5218,0.4137600613261786,0.4315795515577403,-0.017819490231561708,-0.0054581375512341886,0.1549225387306347,False
discover-2026-09-24T07:38:18+00:00,2026-09-24T07:38:18+00:00,0106fab4dc2f35a2,ca09aadca6c719d7,5,discover,k3:breakout+breadth_positive+rvol_high,6663,4653,0.40769396088545024,0.43266022757132505,-0.024966266685874816,-0.00672273263677626,0.038980509745127435,False
discover-2026-09-24T07:38:18+00:00,2026-09-24T07:38:18+00:00,0106fab4dc2f35a2,ca09aadca6c719d7,5,discover,k3:breakout+breadth_positive+volume_dry,93,78,0.5769230769230769,0.43281736471831156,0.1441057122047653,0.02106102255908578,0.01199400299850075,False
discover-2026-09-24T07:38:18+00:00,2026-09-24T07:38:18+00:00,0106fab4dc2f35a2,ca09aadca6c719d7,5,discover,k3:breakout+ma_50_rising+market_up,7859,4644,0.436046511627907,0.43385097321763744,0.0021955384102695374,-0.0035067265567927733,0.8345827086456772,False
discover-2026-09-24T07:38:18+00:00,2026-09-24T07:38:18+00:00,0106fab4dc2f35a2,ca09aadca6c719d7,5,discover,k3:breakout+ma_50_rising+rvol_high,5860,4000,0.4375,0.43363549045503663,0.003864509544963368,-0.003746552158510551,0.7236381809095452,False
discover-2026-09-24T07:38:18+00:00,2026-09-24T07:38:18+00:00,0106fab4dc2f35a2,ca09aadca6c719d7,5,discover,k3:breakout+ma_50_rising+volume_dry,89,71,0.6338028169014085,0.43363549045503663,0.20016732644637186,0.035123836188558744,0.0029985007496251873,True
discover-2026-09-24T07:38:18+00:00,2026-09-24T07:38:18+00:00,0106fab4dc2f35a2,ca09aadca6c719d7,5,discover,k3:breakout+market_up+rvol_high,7271,5009,0.414054701537233,0.43152250700491335,-0.017467805467680342,-0.0059336283006337885,0.10194902548725637,False
discover-2026-09-24T07:38:18+00:00,2026-09-24T07:38:18+00:00,0106fab4dc2f35a2,ca09aadca6c719d7,5,discover,k3:breakout+market_up+volume_dry,99,83,0.5662650602409639,0.4316923567132672,0.13457270352769668,0.022393087879060098,0.020989505247376312,False
discover-2026-09-24T07:38:18+00:00,2026-09-24T07:38:18+00:00,0106fab4dc2f35a2,ca09aadca6c719d7,5,discover,k3:breakout+rvol_high+volume_dry,0,0,,0.4325326910641198,,,1.0,False
discover-2026-09-24T07:38:18+00:00,2026-09-24T07:38:18+00:00,0106fab4dc2f35a2,ca09aadca6c719d7,5,discover,k5:hammer_shape,12845,9122,0.4287436965577724,0.4458884601585895,-0.017144763600817126,-0.004467380382644878,0.008995502248875561,False
discover-2026-09-24T07:38:18+00:00,2026-09-24T07:38:18+00:00,0106fab4dc2f35a2,ca09aadca6c719d7,5,discover,k5:hammer_shape+above_ma_50,5633,4207,0.43189921559305916,0.4459928272214062,-0.014093611628347047,-0.004319764435982124,0.1619190404797601,False
discover-2026-09-24T07:38:18+00:00,2026-09-24T07:38:18+00:00,0106fab4dc2f35a2,ca09aadca6c719d7,5,discover,k5:hammer_shape+at_resistance,3717,2763,0.4386536373507057,0.44647799342362116,-0.007824356072915428,-0.0016110688608041645,0.47876061969015493,False
discover-2026-09-24T07:38:18+00:00,2026-09-24T07:38:18+00:00,0106fab4dc2f35a2,ca09aadca6c719d7,5,discover,k5:hammer_shape+at_support,4447,3305,0.4187594553706505,0.44647799342362116,-0.027718538052970643,-0.0037602881383773643,0.0029985007496251873,True
discover-2026-09-24T07:38:18+00:00,2026-09-24T07:38:18+00:00,0106fab4dc2f35a2,ca09aadca6c719d7,5,discover,k5:hammer_shape+breadth_positive,5239,4110,0.42311435523114355,0.4463541347391651,-0.02323977950802153,-0.004674151309604466,0.035982008995502246,False
discover-2026-09-24T07:38:18+00:00,2026-09-24T07:38:18+00:00,0106fab4dc2f35a2,ca09aadca6c719d7,5,discover,k5:hammer_shape+ma_50_rising,5834,4290,0.4291375291375291,0.44701895383129536,-0.017881424693766246,-0.0047696204589830725,0.09095452273863068,False
discover-2026-09-24T07:38:18+00:00,2026-09-24T07:38:18+00:00,0106fab4dc2f35a2,ca09aadca6c719d7,5,discover,k5:hammer_shape+market_up,7024,5147,0.43093063920730523,0.44405701586328455,-0.013126376655979322,-0.003329115523441058,0.239880059970015,False
discover-2026-09-24T07:38:18+00:00,2026-09-24T07:38:18+00:00,0106fab4dc2f35a2,ca09aadca6c719d7,5,discover,k5:hammer_shape+rvol_high,1767,1571,0.4258434118395926,0.4451691663760028,-0.019325754536410167,-0.005655470558453428,0.23288355822088955,False
discover-2026-09-24T07:38:18+00:00,2026-09-24T07:38:18+00:00,0106fab4dc2f35a2,ca09aadca6c719d7,5,discover,k5:hammer_shape+volume_dry,2232,1819,0.42550852116547555,0.44539055713745945,-0.019882035971983902,-0.004940584982866745,0.15292353823088456,False
discover-2026-09-24T07:38:18+00:00,2026-09-24T07:38:18+00:00,0106fab4dc2f35a2,ca09aadca6c719d7,5,discover,k5:hammer_shape+above_ma_50+at_resistance,2364,1820,0.4467032967032967,0.44647799342362116,0.0002253032796755705,-0.0007258693549732784,0.9945027486256871,False
discover-2026-09-24T07:38:18+00:00,2026-09-24T07:38:18+00:00,0106fab4dc2f35a2,ca09aadca6c719d7,5,discover,k5:hammer_shape+above_ma_50+at_support,1820,1449,0.4334023464458247,0.44647799342362116,-0.013075646977796451,-0.0015436639626181517,0.33483258370814595,False
discover-2026-09-24T07:38:18+00:00,2026-09-24T07:38:18+00:00,0106fab4dc2f35a2,ca09aadca6c719d7,5,discover,k5:hammer_shape+above_ma_50+breadth_positive,2915,2344,0.42619453924914674,0.44547991433577777,-0.01928537508663103,-0.004989738140203101,0.15992003998001,False
discover-2026-09-24T07:38:18+00:00,2026-09-24T07:38:18+00:00,0106fab4dc2f35a2,ca09aadca6c719d7,5,discover,k5:hammer_shape+above_ma_50+ma_50_rising,4530,3378,0.4369449378330373,0.44701895383129536,-0.010074015998258079,-0.0033178780544949413,0.3868065967016492,False
discover-2026-09-24T07:38:18+00:00,2026-09-24T07:38:18+00:00,0106fab4dc2f35a2,ca09aadca6c719d7,5,discover,k5:hammer_shape+above_ma_50+market_up,3938,3003,0.4358974358974359,0.44631547919824827,-0.010418043300812363,-0.002951790510250327,0.4407796101949025,False
discover-2026-09-24T07:38:18+00:00,2026-09-24T07:38:18+00:00,0106fab4dc2f35a2,ca09aadca6c719d7,5,discover,k5:hammer_shape+above_ma_50+rvol_high,942,851,0.4195064629847238,0.4459928272214062,-0.02648636423668238,-0.00632389727728675,0.272863568215892,False
discover-2026-09-24T07:38:18+00:00,2026-09-24T07:38:18+00:00,0106fab4dc2f35a2,ca09aadca6c719d7,5,discover,k5:hammer_shape+above_ma_50+volume_dry,931,768,0.4205729166666667,0.4459928272214062,-0.025419910554739522,-0.0042970211583410346,0.17791104447776113,False
discover-2026-09-24T07:38:18+00:00,2026-09-24T07:38:18+00:00,0106fab4dc2f35a2,ca09aadca6c719d7,5,discover,k5:hammer_shape+at_resistance+at_support,2337,1766,0.42072480181200456,0.44647799342362116,-0.0257531916116166,-0.0025405096835047544,0.06596701649175413,False
discover-2026-09-24T07:38:18+00:00,2026-09-24T07:38:18+00:00,0106fab4dc2f35a2,ca09aadca6c719d7,5,discover,k5:hammer_shape+at_resistance+breadth_positive,1668,1325,0.4430188679245283,0.44594121449348223,-0.002922346568953904,-0.0017883258810617887,0.8775612193903048,False
discover-2026-09-24T07:38:18+00:00,2026-09-24T07:38:18+00:00,0106fab4dc2f35a2,ca09aadca6c719d7,5,discover,k5:hammer_shape+at_resistance+ma_50_rising,2300,1736,0.43605990783410137,0.44647799342362116,-0.010418085589519788,-0.0018346384973250795,0.47476261869065467,False
discover-2026-09-24T07:38:18+00:00,2026-09-24T07:38:18+00:00,0106fab4dc2f35a2,ca09aadca6c719d7,5,discover,k5:hammer_shape+at_resistance+market_up,2291,1744,0.44896788990825687,0.44683182363854634,0.0021360662697105237,-0.00039818274933779355,0.8905547226386806,False
discover-2026-09-24T07:38:18+00:00,2026-09-24T07:38:18+00:00,0106fab4dc2f35a2,ca09aadca6c719d7,5,discover,k5:hammer_shape+at_resistance+rvol_high,522,474,0.43037974683544306,0.44647799342362116,-0.0160982465881781,-0.004995663835769473,0.5347326336831584,False
discover-2026-09-24T07:38:18+00:00,2026-09-24T07:38:18+00:00,0106fab4dc2f35a2,ca09aadca6c719d7,5,discover,k5:hammer_shape+at_resistance+volume_dry,630,528,0.4185606060606061,0.44647799342362116,-0.027917387363015078,-0.0020351180528092906,0.2318840579710145,False
discover-2026-09-24T07:38:18+00:00,2026-09-24T07:38:18+00:00,0106fab4dc2f35a2,ca09aadca6c719d7,5,discover,k5:hammer_shape+at_support+breadth_positive,1734,1389,0.4146868250539957,0.44594121449348223,-0.03125438943948655,-0.005050108750419341,0.04997501249375312,False
discover-2026-09-24T07:38:18+00:00,2026-09-24T07:38:18+00:00,0106fab4dc2f35a2,ca09aadca6c719d7,5,discover,k5:hammer_shape+at_support+ma_50_rising,2172,1669,0.4128220491312163,0.44647799342362116,-0.03365594429240487,-0.004489006846942798,0.01199400299850075,False
discover-2026-09-24T07:38:18+00:00,2026-09-24T07:38:18+00:00,0106fab4dc2f35a2,ca09aadca6c719d7,5,discover,k5:hammer_shape+at_support+market_up,2456,1878,0.4334398296059638,0.44683182363854634,-0.013391994032582566,-0.0007380324602544558,0.33683158420789605,False
discover-2026-09-24T07:38:18+00:00,2026-09-24T07:38:18+00:00,0106fab4dc2f35a2,ca09aadca6c719d7,5,discover,k5:hammer_shape+at_support+rvol_high,534,478,0.3912133891213389,0.44647799342362116,-0.05526460430228225,-0.00572346942502394,0.0239880059970015,False
discover-2026-09-24T07:38:18+00:00,2026-09-24T07:38:18+00:00,0106fab4dc2f35a2,ca09aadca6c719d7,5,discover,k5:hammer_shape+at_support+volume_dry,950,809,0.4276885043263288,0.44647799342362116,-0.018789489097292333,-0.0028452185016113853,0.30884557721139433,False
discover-2026-09-24T07:38:18+00:00,2026-09-24T07:38:18+00:00,0106fab4dc2f35a2,ca09aadca6c719d7,5,discover,k5:hammer_shape+breadth_positive+ma_50_rising,2638,2114,0.4304635761589404,0.4464890328279111,-0.016025456668970706,-0.004057532342806269,0.28385807096451776,False
discover-2026-09-24T07:38:18+00:00,2026-09-24T07:38:18+00:00,0106fab4dc2f35a2,ca09aadca6c719d7,5,discover,k5:hammer_shape+breadth_positive+market_up,3783,2944,0.43070652173913043,0.44353191760933036,-0.01282539587019993,-0.003608300811215113,0.3808095952023988,False
discover-2026-09-24T07:38:18+00:00,2026-09-24T07:38:18+00:00,0106fab4dc2f35a2,ca09aadca6c719d7,5,discover,k5:hammer_shape+breadth_positive+rvol_high,887,795,0.42012578616352203,0.4446161483521763,-0.024490362188654247,-0.006297398069815195,0.24987506246876562,False
discover-2026-09-24T07:38:18+00:00,2026-09-24T07:38:18+00:00,0106fab4dc2f35a2,ca09aadca6c719d7,5,discover,k5:hammer_shape+breadth_positive+volume_dry,732,626,0.43450479233226835,0.44482762783547886,-0.010322835503210503,-0.0017343838575403629,0.6176911544227887,False
discover-2026-09-24T07:38:18+00:00,2026-09-24T07:38:18+00:00,0106fab4dc2f35a2,ca09aadca6c719d7,5,discover,k5:hammer_shape+ma_50_rising+market_up,3820,2874,0.4328462073764788,0.44738177984302396,-0.014535572466545188,-0.002924666065752862,0.3008495752123938,False
discover-2026-09-24T07:38:18+00:00,2026-09-24T07:38:18+00:00,0106fab4dc2f35a2,ca09aadca6c719d7,5,discover,k5:hammer_shape+ma_50_rising+rvol_high,824,746,0.4262734584450402,0.44701895383129536,-0.02074549538625514,-0.0024707803022185632,0.4267866066966517,False
discover-2026-09-24T07:38:18+00:00,2026-09-24T07:38:18+00:00,0106fab4dc2f35a2,ca09aadca6c719d7,5,discover,k5:hammer_shape+ma_50_rising+volume_dry,1121,921,0.4212812160694897,0.44701895383129536,-0.025737737761805657,-0.005063188175461133,0.15992003998001,False
discover-2026-09-24T07:38:18+00:00,2026-09-24T07:38:18+00:00,0106fab4dc2f35a2,ca09aadca6c719d7,5,discover,k5:hammer_shape+market_up+rvol_high,1038,926,0.4330453563714903,0.44439564125395803,-0.011350284882467754,-0.004501674875787409,0.6266866566716641,False
discover-2026-09-24T07:38:18+00:00,2026-09-24T07:38:18+00:00,0106fab4dc2f35a2,ca09aadca6c719d7,5,discover,k5:hammer_shape+market_up+volume_dry,1097,887,0.4317925591882751,0.44465592268177556,-0.01286336349350048,-0.001962802248411035,0.4757621189405297,False
discover-2026-09-24T07:38:18+00:00,2026-09-24T07:38:18+00:00,0106fab4dc2f35a2,ca09aadca6c719d7,5,discover,k5:hammer_shape+rvol_high+volume_dry,0,0,,0.44539055713745945,,,1.0,False
discover-2026-09-24T07:38:18+00:00,2026-09-24T07:38:18+00:00,0106fab4dc2f35a2,ca09aadca6c719d7,5,discover,k5:inverted_hammer_shape,10910,8596,0.46172638436482083,0.4458884601585895,0.015837924206231313,0.00017484145047200165,0.014992503748125937,False
discover-2026-09-24T07:38:18+00:00,2026-09-24T07:38:18+00:00,0106fab4dc2f35a2,ca09aadca6c719d7,5,discover,k5:inverted_hammer_shape+above_ma_50,4600,3733,0.4746852397535494,0.4459928272214062,0.02869241253214322,0.0019438654330008495,0.008995502248875561,False
discover-2026-09-24T07:38:18+00:00,2026-09-24T07:38:18+00:00,0106fab4dc2f35a2,ca09aadca6c719d7,5,discover,k5:inverted_hammer_shape+at_resistance,3336,2835,0.4620811287477954,0.44647799342362116,0.015603135324174233,0.0014257341524548917,0.13393303348325838,False
discover-2026-09-24T07:38:18+00:00,2026-09-24T07:38:18+00:00,0106fab4dc2f35a2,ca09aadca6c719d7,5,discover,k5:inverted_hammer_shape+at_support,3323,2764,0.43379160636758324,0.44647799342362116,-0.012686387056037918,-0.0028319315962526035,0.23588205897051473,False
discover-2026-09-24T07:38:18+00:00,2026-09-24T07:38:18+00:00,0106fab4dc2f35a2,ca09aadca6c719d7,5,discover,k5:inverted_hammer_shape+breadth_positive,4808,4058,0.4588467225234105,0.4463541347391651,0.012492587784245446,0.0009248713909062442,0.2688655672163918,False
discover-2026-09-24T07:38:18+00:00,2026-09-24T07:38:18+00:00,0106fab4dc2f35a2,ca09aadca6c719d7,5,discover,k5:inverted_hammer_shape+ma_50_rising,5054,4033,0.4857426233573023,0.44701895383129536,0.03872366952600692,0.0025600960661385425,0.001999000499750125,True
discover-2026-09-24T07:38:18+00:00,2026-09-24T07:38:18+00:00,0106fab4dc2f35a2,ca09aadca6c719d7,5,discover,k5:inverted_hammer_shape+market_up,6225,5035,0.4544190665342602,0.44405701586328455,0.01036205067097562,-9.993730739165243e-05,0.30484757621189407,False
discover-2026-09-24T07:38:18+00:00,2026-09-24T07:38:18+00:00,0106fab4dc2f35a2,ca09aadca6c719d7,5,discover,k5:inverted_hammer_shape+rvol_high,1920,1792,0.453125,0.4451691663760028,0.00795583362399721,-3.474139629649261e-05,0.6306846576711644,False
discover-2026-09-24T07:38:18+00:00,2026-09-24T07:38:18+00:00,0106fab4dc2f35a2,ca09aadca6c719d7,5,discover,k5:inverted_hammer_shape+volume_dry,1640,1441,0.45246356696738377,0.44539055713745945,0.007073009829924315,-0.00214439822305767,0.6466766616691654,False
discover-2026-09-24T07:38:18+00:00,2026-09-24T07:38:18+00:00,0106fab4dc2f35a2,ca09aadca6c719d7,5,discover,k5:inverted_hammer_shape+above_ma_50+at_resistance,1775,1532,0.47780678851174935,0.44647799342362116,0.03132879508812819,0.00362802603338852,0.035982008995502246,False
discover-2026-09-24T07:38:18+00:00,2026-09-24T07:38:18+00:00,0106fab4dc2f35a2,ca09aadca6c719d7,5,discover,k5:inverted_hammer_shape+above_ma_50+at_support,1000,866,0.4515011547344111,0.44647799342362116,0.0050231613107899475,0.00038856754560348544,0.7646176911544228,False
discover-2026-09-24T07:38:18+00:00,2026-09-24T07:38:18+00:00,0106fab4dc2f35a2,ca09aadca6c719d7,5,discover,k5:inverted_hammer_shape+above_ma_50+breadth_positive,2658,2251,0.46956908040870726,0.44547991433577777,0.02408916607292949,0.0028870252278338465,0.11394302848575712,False
discover-2026-09-24T07:38:18+00:00,2026-09-24T07:38:18+00:00,0106fab4dc2f35a2,ca09aadca6c719d7,5,discover,k5:inverted_hammer_shape+above_ma_50+ma_50_rising,3656,2957,0.4873182279337166,0.44701895383129536,0.040299274102421234,0.003209070193451319,0.001999000499750125,True
discover-2026-09-24T07:38:18+00:00,2026-09-24T07:38:18+00:00,0106fab4dc2f35a2,ca09aadca6c719d7,5,discover,k5:inverted_hammer_shape+above_ma_50+market_up,3461,2841,0.47412882787750793,0.44631547919824827,0.027813348679259664,0.002720995592799199,0.021989005497251374,False
discover-2026-09-24T07:38:18+00:00,2026-09-24T07:38:18+00:00,0106fab4dc2f35a2,ca09aadca6c719d7,5,discover,k5:inverted_hammer_shape+above_ma_50+rvol_high,1025,971,0.4654994850669413,0.4459928272214062,0.01950665784553507,0.003220099115721348,0.3308345827086457,False
discover-2026-09-24T07:38:18+00:00,2026-09-24T07:38:18+00:00,0106fab4dc2f35a2,ca09aadca6c719d7,5,discover,k5:inverted_hammer_shape+above_ma_50+volume_dry,557,502,0.4442231075697211,0.4459928272214062,-0.0017697196516850977,-0.002552880669453666,0.9135432283858071,False
discover-2026-09-24T07:38:18+00:00,2026-09-24T07:38:18+00:00,0106fab4dc2f35a2,ca09aadca6c719d7,5,discover,k5:inverted_hammer_shape+at_resistance+at_support,1839,1590,0.44025157232704404,0.44647799342362116,-0.006226421096577117,-0.00038797478724839757,0.6136931534232883,False
discover-2026-09-24T07:38:18+00:00,2026-09-24T07:38:18+00:00,0106fab4dc2f35a2,ca09aadca6c719d7,5,discover,k5:inverted_hammer_shape+at_resistance+breadth_positive,1611,1442,0.46740638002773927,0.44594121449348223,0.021465165534257036,0.0027271637988516,0.16491754122938532,False
discover-2026-09-24T07:38:18+00:00,2026-09-24T07:38:18+00:00,0106fab4dc2f35a2,ca09aadca6c719d7,5,discover,k5:inverted_hammer_shape+at_resistance+ma_50_rising,1921,1650,0.4866666666666667,0.44647799342362116,0.040188673243045536,0.0038373396360378022,0.0029985007496251873,True
discover-2026-09-24T07:38:18+00:00,2026-09-24T07:38:18+00:00,0106fab4dc2f35a2,ca09aadca6c719d7,5,discover,k5:inverted_hammer_shape+at_resistance+market_up,2194,1874,0.4605122732123799,0.44683182363854634,0.013680449573833575,0.0021460406876847348,0.3028485757121439,False
discover-2026-09-24T07:38:18+00:00,2026-09-24T07:38:18+00:00,0106fab4dc2f35a2,ca09aadca6c719d7,5,discover,k5:inverted_hammer_shape+at_resistance+rvol_high,569,551,0.4646098003629764,0.44647799342362116,0.018131806939355233,0.0028878139355101684,0.43278360819590206,False
discover-2026-09-24T07:38:18+00:00,2026-09-24T07:38:18+00:00,0106fab4dc2f35a2,ca09aadca6c719d7,5,discover,k5:inverted_hammer_shape+at_resistance+volume_dry,499,454,0.44273127753303965,0.44647799342362116,-0.003746715890581509,0.001150855052168149,0.9025487256371814,False
discover-2026-09-24T07:38:18+00:00,2026-09-24T07:38:18+00:00,0106fab4dc2f35a2,ca09aadca6c719d7,5,discover,k5:inverted_hammer_shape+at_support+breadth_positive,1352,1178,0.4473684210526316,0.44594121449348223,0.0014272065591493521,-0.0011654221406735632,0.9395302348825587,False
discover-2026-09-24T07:38:18+00:00,2026-09-24T07:38:18+00:00,0106fab4dc2f35a2,ca09aadca6c719d7,5,discover,k5:inverted_hammer_shape+at_support+ma_50_rising,1488,1270,0.4582677165354331,0.44647799342362116,0.011789723111811923,0.000577328102732946,0.4527736131934033,False
discover-2026-09-24T07:38:18+00:00,2026-09-24T07:38:18+00:00,0106fab4dc2f35a2,ca09aadca6c719d7,5,discover,k5:inverted_hammer_shape+at_support+market_up,1927,1639,0.43868212324588163,0.44683182363854634,-0.008149700392664716,-0.0016210179209234336,0.6056971514242878,False
discover-2026-09-24T07:38:18+00:00,2026-09-24T07:38:18+00:00,0106fab4dc2f35a2,ca09aadca6c719d7,5,discover,k5:inverted_hammer_shape+at_support+rvol_high,449,428,0.42289719626168226,0.44647799342362116,-0.023580797161938893,-0.003474268790569947,0.35082458770614694,False
discover-2026-09-24T07:38:18+00:00,2026-09-24T07:38:18+00:00,0106fab4dc2f35a2,ca09aadca6c719d7,5,discover,k5:inverted_hammer_shape+at_support+volume_dry,676,602,0.4485049833887043,0.44647799342362116,0.002026989965083159,-0.0018896679000103163,0.895552223888056,False
discover-2026-09-24T07:38:18+00:00,2026-09-24T07:38:18+00:00,0106fab4dc2f35a2,ca09aadca6c719d7,5,discover,k5:inverted_hammer_shape+breadth_positive+ma_50_rising,2502,2118,0.4773371104815864,0.4464890328279111,0.03084807765367531,0.002760564583698614,0.04597701149425287,False
discover-2026-09-24T07:38:18+00:00,2026-09-24T07:38:18+00:00,0106fab4dc2f35a2,ca09aadca6c719d7,5,discover,k5:inverted_hammer_shape+breadth_positive+market_up,3582,3008,0.4677526595744681,0.44353191760933036,0.024220741965137738,0.0020606037505689085,0.07896051974012994,False
discover-2026-09-24T07:38:18+00:00,2026-09-24T07:38:18+00:00,0106fab4dc2f35a2,ca09aadca6c719d7,5,discover,k5:inverted_hammer_shape+breadth_positive+rvol_high,1011,960,0.434375,0.4446161483521763,-0.010241148352176266,-0.0006417813908637881,0.6016991504247876,False
discover-2026-09-24T07:38:18+00:00,2026-09-24T07:38:18+00:00,0106fab4dc2f35a2,ca09aadca6c719d7,5,discover,k5:inverted_hammer_shape+breadth_positive+volume_dry,559,520,0.4423076923076923,0.44482762783547886,-0.0025199355277865654,0.0007929897730442601,0.9305347326336831,False
discover-2026-09-24T07:38:18+00:00,2026-09-24T07:38:18+00:00,0106fab4dc2f35a2,ca09aadca6c719d7,5,discover,k5:inverted_hammer_shape+ma_50_rising+market_up,3442,2807,0.47239045244032773,0.44738177984302396,0.02500867259730377,0.0017802801072919641,0.053973013493253376,False
discover-2026-09-24T07:38:18+00:00,2026-09-24T07:38:18+00:00,0106fab4dc2f35a2,ca09aadca6c719d7,5,discover,k5:inverted_hammer_shape+ma_50_rising+rvol_high,940,891,0.49270482603815935,0.44701895383129536,0.04568587220686399,0.004998671645366039,0.04297851074462768,False
discover-2026-09-24T07:38:18+00:00,2026-09-24T07:38:18+00:00,0106fab4dc2f35a2,ca09aadca6c719d7,5,discover,k5:inverted_hammer_shape+ma_50_rising+volume_dry,825,734,0.4673024523160763,0.44701895383129536,0.02028349848478095,0.0007373203917616638,0.36281859070464767,False
discover-2026-09-24T07:38:18+00:00,2026-09-24T07:38:18+00:00,0106fab4dc2f35a2,ca09aadca6c719d7,5,discover,k5:inverted_hammer_shape+market_up+rvol_high,1228,1154,0.4306759098786828,0.44439564125395803,-0.013719731375275213,-0.0018153796453127156,0.45577211394302847,False
discover-2026-09-24T07:38:18+00:00,2026-09-24T07:38:18+00:00,0106fab4dc2f35a2,ca09aadca6c719d7,5,discover,k5:inverted_hammer_shape+market_up+volume_dry,806,736,0.4429347826086957,0.44465592268177556,-0.0017211400730798854,-0.0022509411074635925,0.9495252373813093,False
discover-2026-09-24T07:38:18+00:00,2026-09-24T07:38:18+00:00,0106fab4dc2f35a2,ca09aadca6c719d7,5,discover,k5:inverted_hammer_shape+rvol_high+volume_dry,0,0,,0.44539055713745945,,,1.0,False
discover-2026-09-24T07:38:18+00:00,2026-09-24T07:38:18+00:00,0106fab4dc2f35a2,ca09aadca6c719d7,5,discover,k5:doji,32330,19518,0.447586842914233,0.4458884601585895,0.0016983827556434905,-0.0014142982104732341,0.6546726636681659,False
discover-2026-09-24T07:38:18+00:00,2026-09-24T07:38:18+00:00,0106fab4dc2f35a2,ca09aadca6c719d7,5,discover,k5:doji+above_ma_50,14545,9267,0.4564584007769505,0.4459928272214062,0.010465573555544283,0.0006107566964063138,0.1549225387306347,False
discover-2026-09-24T07:38:18+00:00,2026-09-24T07:38:18+00:00,0106fab4dc2f35a2,ca09aadca6c719d7,5,discover,k5:doji+at_resistance,10040,6766,0.45078332840673957,0.44647799342362116,0.004305334983118414,0.00046343786740559784,0.5697151424287856,False
discover-2026-09-24T07:38:18+00:00,2026-09-24T07:38:18+00:00,0106fab4dc2f35a2,ca09aadca6c719d7,5,discover,k5:doji+at_support,10586,7090,0.43554301833568404,0.44647799342362116,-0.010934975087937115,-0.0027171806077614684,0.13493253373313344,False
discover-2026-09-24T07:38:18+00:00,2026-09-24T07:38:18+00:00,0106fab4dc2f35a2,ca09aadca6c719d7,5,discover,k5:doji+breadth_positive,14697,10029,0.4433143882740054,0.4463541347391651,-0.0030397464651596984,-0.001262996607065028,0.7586206896551724,False
discover-2026-09-24T07:38:18+00:00,2026-09-24T07:38:18+00:00,0106fab4dc2f35a2,ca09aadca6c719d7,5,discover,k5:doji+ma_50_rising,14941,9313,0.4619349296682057,0.44701895383129536,0.014915975836910345,9.283301461913553e-05,0.03398300849575212,False
discover-2026-09-24T07:38:18+00:00,2026-09-24T07:38:18+00:00,0106fab4dc2f35a2,ca09aadca6c719d7,5,discover,k5:doji+market_up,18331,11792,0.4460651289009498,0.44405701586328455,0.002008113037665238,-0.0008810514708509652,0.7936031984007996,False
discover-2026-09-24T07:38:18+00:00,2026-09-24T07:38:18+00:00,0106fab4dc2f35a2,ca09aadca6c719d7,5,discover,k5:doji+rvol_high,4688,3994,0.44341512268402605,0.4451691663760028,-0.0017540436919767366,-0.0014597556670852892,0.8435782108945528,False
discover-2026-09-24T07:38:18+00:00,2026-09-24T07:38:18+00:00,0106fab4dc2f35a2,ca09aadca6c719d7,5,discover,k5:doji+volume_dry,4789,3669,0.43853911147451624,0.44539055713745945,-0.006851445662943212,-0.0032586038457888392,0.5167416291854073,False
discover-2026-09-24T07:38:18+00:00,2026-09-24T07:38:18+00:00,0106fab4dc2f35a2,ca09aadca6c719d7,5,discover,k5:doji+above_ma_50+at_resistance,6015,4219,0.4593505570040294,0.44647799342362116,0.012872563580408225,0.002302009402337125,0.1409295352323838,False
discover-2026-09-24T07:38:18+00:00,2026-09-24T07:38:18+00:00,0106fab4dc2f35a2,ca09aadca6c719d7,5,discover,k5:doji+above_ma_50+at_support,3856,2845,0.4404217926186292,0.44647799342362116,-0.0060562008049919736,8.818898905290169e-05,0.5417291354322838,False
discover-2026-09-24T07:38:18+00:00,2026-09-24T07:38:18+00:00,0106fab4dc2f35a2,ca09aadca6c719d7,5,discover,k5:doji+above_ma_50+breadth_positive,8357,5797,0.4526479213386234,0.44547991433577777,0.007168007002845644,0.0007788031694814398,0.5397301349325337,False
discover-2026-09-24T07:38:18+00:00,2026-09-24T07:38:18+00:00,0106fab4dc2f35a2,ca09aadca6c719d7,5,discover,k5:doji+above_ma_50+ma_50_rising,11528,7309,0.4647694623067451,0.44701895383129536,0.017750508475449733,0.0013863691325564432,0.04697651174412794,False
discover-2026-09-24T07:38:18+00:00,2026-09-24T07:38:18+00:00,0106fab4dc2f35a2,ca09aadca6c719d7,5,discover,k5:doji+above_ma_50+market_up,10699,7078,0.4614297824244137,0.44631547919824827,0.015114303226165415,0.001776564535739868,0.13793103448275862,False
discover-2026-09-24T07:38:18+00:00,2026-09-24T07:38:18+00:00,0106fab4dc2f35a2,ca09aadca6c719d7,5,discover,k5:doji+above_ma_50+rvol_high,2594,2221,0.444844664565511,0.4459928272214062,-0.0011481626558951796,-0.0006165052979181564,0.9155422288855573,False
discover-2026-09-24T07:38:18+00:00,2026-09-24T07:38:18+00:00,0106fab4dc2f35a2,ca09aadca6c719d7,5,discover,k5:doji+above_ma_50+volume_dry,1898,1527,0.4485920104780616,0.4459928272214062,0.0025991832566553685,-0.00011445838548024674,0.881559220389805,False
discover-2026-09-24T07:38:18+00:00,2026-09-24T07:38:18+00:00,0106fab4dc2f35a2,ca09aadca6c719d7,5,discover,k5:doji+at_resistance+at_support,5779,4027,0.43853985597218775,0.44647799342362116,-0.007938137451433402,-0.0003478675821378239,0.4017991004497751,False
discover-2026-09-24T07:38:18+00:00,2026-09-24T07:38:18+00:00,0106fab4dc2f35a2,ca09aadca6c719d7,5,discover,k5:doji+at_resistance+breadth_positive,5091,3747,0.4502268481451828,0.44594121449348223,0.004285633651700593,0.0013240626943030725,0.7286356821589205,False
discover-2026-09-24T07:38:18+00:00,2026-09-24T07:38:18+00:00,0106fab4dc2f35a2,ca09aadca6c719d7,5,discover,k5:doji+at_resistance+ma_50_rising,5955,4078,0.45978420794507113,0.44647799342362116,0.013306214521449977,0.0011316169551996637,0.18490754622688654,False
discover-2026-09-24T07:38:18+00:00,2026-09-24T07:38:18+00:00,0106fab4dc2f35a2,ca09aadca6c719d7,5,discover,k5:doji+at_resistance+market_up,6548,4598,0.45867768595041325,0.44683182363854634,0.011845862311866906,0.0021254599795744946,0.2818590704647676,False
discover-2026-09-24T07:38:18+00:00,2026-09-24T07:38:18+00:00,0106fab4dc2f35a2,ca09aadca6c719d7,5,discover,k5:doji+at_resistance+rvol_high,1496,1324,0.4471299093655589,0.44647799342362116,0.0006519159419377529,0.0012773379119088303,0.9805097451274363,False
discover-2026-09-24T07:38:18+00:00,2026-09-24T07:38:18+00:00,0106fab4dc2f35a2,ca09aadca6c719d7,5,discover,k5:doji+at_resistance+volume_dry,1500,1197,0.4394319131161236,0.44647799342362116,-0.0070460803074975376,-0.00031485669666040116,0.63968015992004,False
discover-2026-09-24T07:38:18+00:00,2026-09-24T07:38:18+00:00,0106fab4dc2f35a2,ca09aadca6c719d7,5,discover,k5:doji+at_support+breadth_positive,4562,3364,0.43787158145065397,0.44594121449348223,-0.008069633042828261,-0.0016403280868142512,0.5037481259370314,False
discover-2026-09-24T07:38:18+00:00,2026-09-24T07:38:18+00:00,0106fab4dc2f35a2,ca09aadca6c719d7,5,discover,k5:doji+at_support+ma_50_rising,4780,3380,0.44970414201183434,0.44647799342362116,0.0032261485882131846,-0.001603493695927749,0.7596201899050474,False
discover-2026-09-24T07:38:18+00:00,2026-09-24T07:38:18+00:00,0106fab4dc2f35a2,ca09aadca6c719d7,5,discover,k5:doji+at_support+market_up,6052,4242,0.44271570014144274,0.44683182363854634,-0.004116123497103608,-0.0005504545878971792,0.7306346826586707,False
discover-2026-09-24T07:38:18+00:00,2026-09-24T07:38:18+00:00,0106fab4dc2f35a2,ca09aadca6c719d7,5,discover,k5:doji+at_support+rvol_high,1302,1149,0.4090513489991297,0.44647799342362116,-0.03742664442449145,-0.0028702654464401577,0.047976011994003,False
discover-2026-09-24T07:38:18+00:00,2026-09-24T07:38:18+00:00,0106fab4dc2f35a2,ca09aadca6c719d7,5,discover,k5:doji+at_support+volume_dry,2057,1667,0.4391121775644871,0.44647799342362116,-0.0073658158591340395,-0.0025049367833111335,0.5907046476761619,False
discover-2026-09-24T07:38:18+00:00,2026-09-24T07:38:18+00:00,0106fab4dc2f35a2,ca09aadca6c719d7,5,discover,k5:doji+breadth_positive+ma_50_rising,7501,5200,0.4551923076923077,0.4464890328279111,0.008703274864396593,0.00018917820936700222,0.495752123938031,False
discover-2026-09-24T07:38:18+00:00,2026-09-24T07:38:18+00:00,0106fab4dc2f35a2,ca09aadca6c719d7,5,discover,k5:doji+breadth_positive+market_up,10840,7511,0.45093862335241647,0.44353191760933036,0.007406705743086106,-5.2630301989924105e-05,0.5377311344327836,False
discover-2026-09-24T07:38:18+00:00,2026-09-24T07:38:18+00:00,0106fab4dc2f35a2,ca09aadca6c719d7,5,discover,k5:doji+breadth_positive+rvol_high,2596,2241,0.44132083891120033,0.4446161483521763,-0.0032953094409759465,-0.0010514864135054665,0.8425787106446777,False
discover-2026-09-24T07:38:18+00:00,2026-09-24T07:38:18+00:00,0106fab4dc2f35a2,ca09aadca6c719d7,5,discover,k5:doji+breadth_positive+volume_dry,1716,1422,0.4613220815752461,0.44482762783547886,0.016494453739767267,0.0011810865113685994,0.35282358820589704,False
discover-2026-09-24T07:38:18+00:00,2026-09-24T07:38:18+00:00,0106fab4dc2f35a2,ca09aadca6c719d7,5,discover,k5:doji+ma_50_rising+market_up,10173,6631,0.4604132106771226,0.44738177984302396,0.013031430834098634,0.0011056932736308155,0.239880059970015,False
discover-2026-09-24T07:38:18+00:00,2026-09-24T07:38:18+00:00,0106fab4dc2f35a2,ca09aadca6c719d7,5,discover,k5:doji+ma_50_rising+rvol_high,2234,1924,0.4594594594594595,0.44701895383129536,0.012440505628164122,0.0012214592564525751,0.463768115942029,False
discover-2026-09-24T07:38:18+00:00,2026-09-24T07:38:18+00:00,0106fab4dc2f35a2,ca09aadca6c719d7,5,discover,k5:doji+ma_50_rising+volume_dry,2429,1908,0.44758909853249473,0.44701895383129536,0.000570144701199371,-0.0013186051747329523,0.991504247876062,False
discover-2026-09-24T07:38:18+00:00,2026-09-24T07:38:18+00:00,0106fab4dc2f35a2,ca09aadca6c719d7,5,discover,k5:doji+market_up+rvol_high,2893,2500,0.4456,0.44439564125395803,0.001204358746041967,-0.00016669304647815199,0.9205397301349325,False
discover-2026-09-24T07:38:18+00:00,2026-09-24T07:38:18+00:00,0106fab4dc2f35a2,ca09aadca6c719d7,5,discover,k5:doji+market_up+volume_dry,2324,1867,0.4317086234600964,0.44465592268177556,-0.012947299221679143,-0.002377111103517414,0.4447776111944028,False
discover-2026-09-24T07:38:18+00:00,2026-09-24T07:38:18+00:00,0106fab4dc2f35a2,ca09aadca6c719d7,5,discover,k5:doji+rvol_high+volume_dry,0,0,,0.44539055713745945,,,1.0,False
discover-2026-09-24T07:38:18+00:00,2026-09-24T07:38:18+00:00,0106fab4dc2f35a2,ca09aadca6c719d7,5,discover,k5:marubozu_green,14059,10794,0.44042986844543264,0.4458884601585895,-0.0054585917131568795,-0.0019560269987922625,0.41179410294852575,False
discover-2026-09-24T07:38:18+00:00,2026-09-24T07:38:18+00:00,0106fab4dc2f35a2,ca09aadca6c719d7,5,discover,k5:marubozu_green+above_ma_50,7572,5940,0.44343434343434346,0.4459928272214062,-0.0025584837870627486,-0.0007408450379727653,0.7526236881559221,False
discover-2026-09-24T07:38:18+00:00,2026-09-24T07:38:18+00:00,0106fab4dc2f35a2,ca09aadca6c719d7,5,discover,k5:marubozu_green+at_resistance,3609,3123,0.44284341978866476,0.44647799342362116,-0.003634573634956395,0.0008260839548602157,0.7156421789105447,False
discover-2026-09-24T07:38:18+00:00,2026-09-24T07:38:18+00:00,0106fab4dc2f35a2,ca09aadca6c719d7,5,discover,k5:marubozu_green+at_support,3646,3159,0.42735042735042733,0.44647799342362116,-0.019127566073193825,-0.0027953436746254844,0.06896551724137931,False
discover-2026-09-24T07:38:18+00:00,2026-09-24T07:38:18+00:00,0106fab4dc2f35a2,ca09aadca6c719d7,5,discover,k5:marubozu_green+breadth_positive,7051,5712,0.43119747899159666,0.4463541347391651,-0.015156655747568415,-0.0019345506870922186,0.12993503248375812,False
discover-2026-09-24T07:38:18+00:00,2026-09-24T07:38:18+00:00,0106fab4dc2f35a2,ca09aadca6c719d7,5,discover,k5:marubozu_green+ma_50_rising,6795,5298,0.45224613061532654,0.44701895383129536,0.005227176784031173,-0.0008144107565125839,0.5887056471764118,False
discover-2026-09-24T07:38:18+00:00,2026-09-24T07:38:18+00:00,0106fab4dc2f35a2,ca09aadca6c719d7,5,discover,k5:marubozu_green+market_up,8107,6386,0.43642342624491076,0.44405701586328455,-0.007633589618373793,-0.0016159140773357723,0.4307846076961519,False
discover-2026-09-24T07:38:18+00:00,2026-09-24T07:38:18+00:00,0106fab4dc2f35a2,ca09aadca6c719d7,5,discover,k5:marubozu_green+rvol_high,4303,3779,0.41942312781159036,0.4451691663760028,-0.025746038564412432,-0.004257606083497616,0.014992503748125937,False
discover-2026-09-24T07:38:18+00:00,2026-09-24T07:38:18+00:00,0106fab4dc2f35a2,ca09aadca6c719d7,5,discover,k5:marubozu_green+volume_dry,1702,1479,0.4563894523326572,0.44539055713745945,0.010998895195197755,-0.00035377720505627046,0.48875562218890556,False
discover-2026-09-24T07:38:18+00:00,2026-09-24T07:38:18+00:00,0106fab4dc2f35a2,ca09aadca6c719d7,5,discover,k5:marubozu_green+above_ma_50+at_resistance,2676,2359,0.45315811784654514,0.44647799342362116,0.006680124422923983,0.0027660028872753288,0.5847076461769115,False
discover-2026-09-24T07:38:18+00:00,2026-09-24T07:38:18+00:00,0106fab4dc2f35a2,ca09aadca6c719d7,5,discover,k5:marubozu_green+above_ma_50+at_support,1998,1814,0.4410143329658214,0.44647799342362116,-0.005463660457799779,-0.000289532509450532,0.6616691654172914,False
discover-2026-09-24T07:38:18+00:00,2026-09-24T07:38:18+00:00,0106fab4dc2f35a2,ca09aadca6c719d7,5,discover,k5:marubozu_green+above_ma_50+breadth_positive,4461,3655,0.4303693570451436,0.44547991433577777,-0.015110557290634152,-0.0009062929664303413,0.21389305347326337,False
discover-2026-09-24T07:38:18+00:00,2026-09-24T07:38:18+00:00,0106fab4dc2f35a2,ca09aadca6c719d7,5,discover,k5:marubozu_green+above_ma_50+ma_50_rising,5780,4509,0.46063428698159237,0.44701895383129536,0.013615333150297004,0.0008292723120023348,0.15892053973013492,False
discover-2026-09-24T07:38:18+00:00,2026-09-24T07:38:18+00:00,0106fab4dc2f35a2,ca09aadca6c719d7,5,discover,k5:marubozu_green+above_ma_50+market_up,5623,4456,0.4513016157989228,0.44631547919824827,0.00498613660067454,0.0007176594766129852,0.6336831584207896,False
discover-2026-09-24T07:38:18+00:00,2026-09-24T07:38:18+00:00,0106fab4dc2f35a2,ca09aadca6c719d7,5,discover,k5:marubozu_green+above_ma_50+rvol_high,3047,2664,0.4241741741741742,0.4459928272214062,-0.021818653047232017,-0.0014645956975343271,0.06696651674162919,False
discover-2026-09-24T07:38:18+00:00,2026-09-24T07:38:18+00:00,0106fab4dc2f35a2,ca09aadca6c719d7,5,discover,k5:marubozu_green+above_ma_50+volume_dry,796,698,0.4785100286532951,0.4459928272214062,0.03251720143188891,0.0022309537422657054,0.16391804097951024,False
discover-2026-09-24T07:38:18+00:00,2026-09-24T07:38:18+00:00,0106fab4dc2f35a2,ca09aadca6c719d7,5,discover,k5:marubozu_green+at_resistance+at_support,2016,1790,0.4301675977653631,0.44647799342362116,-0.016310395658258037,-0.0003691774036455761,0.19290354822588707,False
discover-2026-09-24T07:38:18+00:00,2026-09-24T07:38:18+00:00,0106fab4dc2f35a2,ca09aadca6c719d7,5,discover,k5:marubozu_green+at_resistance+breadth_positive,1873,1679,0.4234663490172722,0.44594121449348223,-0.022474865476210026,0.0009039081958655952,0.10794602698650675,False
discover-2026-09-24T07:38:18+00:00,2026-09-24T07:38:18+00:00,0106fab4dc2f35a2,ca09aadca6c719d7,5,discover,k5:marubozu_green+at_resistance+ma_50_rising,2138,1847,0.4656199242014077,0.44647799342362116,0.01914193077778653,0.002147853786878883,0.18190904547726136,False
discover-2026-09-24T07:38:18+00:00,2026-09-24T07:38:18+00:00,0106fab4dc2f35a2,ca09aadca6c719d7,5,discover,k5:marubozu_green+at_resistance+market_up,2347,2074,0.4474445515911283,0.44683182363854634,0.0006127279525819374,0.0023193117132483724,0.9585207396301849,False
discover-2026-09-24T07:38:18+00:00,2026-09-24T07:38:18+00:00,0106fab4dc2f35a2,ca09aadca6c719d7,5,discover,k5:marubozu_green+at_resistance+rvol_high,1122,1071,0.41830065359477125,0.44647799342362116,-0.0281773398288499,0.0007036787528176032,0.14192903548225888,False
discover-2026-09-24T07:38:18+00:00,2026-09-24T07:38:18+00:00,0106fab4dc2f35a2,ca09aadca6c719d7,5,discover,k5:marubozu_green+at_resistance+volume_dry,495,448,0.46651785714285715,0.44647799342362116,0.020039863719235995,0.0035932663426154515,0.42478760619690153,False
discover-2026-09-24T07:38:18+00:00,2026-09-24T07:38:18+00:00,0106fab4dc2f35a2,ca09aadca6c719d7,5,discover,k5:marubozu_green+at_support+breadth_positive,1714,1532,0.42493472584856395,0.44594121449348223,-0.021006488644918275,-0.0018426981969401968,0.13393303348325838,False
discover-2026-09-24T07:38:18+00:00,2026-09-24T07:38:18+00:00,0106fab4dc2f35a2,ca09aadca6c719d7,5,discover,k5:marubozu_green+at_support+ma_50_rising,1803,1579,0.4369854338188727,0.44647799342362116,-0.00949255960474843,-0.0025870163394953096,0.559720139930035,False
discover-2026-09-24T07:38:18+00:00,2026-09-24T07:38:18+00:00,0106fab4dc2f35a2,ca09aadca6c719d7,5,discover,k5:marubozu_green+at_support+market_up,2133,1894,0.43189017951425557,0.44683182363854634,-0.014941644124290776,-0.001250710653847861,0.2868565717141429,False
discover-2026-09-24T07:38:18+00:00,2026-09-24T07:38:18+00:00,0106fab4dc2f35a2,ca09aadca6c719d7,5,discover,k5:marubozu_green+at_support+rvol_high,947,913,0.4173055859802848,0.44647799342362116,-0.02917240744333638,-0.0026753604620917367,0.11294352823588207,False
discover-2026-09-24T07:38:18+00:00,2026-09-24T07:38:18+00:00,0106fab4dc2f35a2,ca09aadca6c719d7,5,discover,k5:marubozu_green+at_support+volume_dry,641,574,0.445993031358885,0.44647799342362116,-0.00048496206473613857,0.0006981244826556734,0.9865067466266867,False
discover-2026-09-24T07:38:18+00:00,2026-09-24T07:38:18+00:00,0106fab4dc2f35a2,ca09aadca6c719d7,5,discover,k5:marubozu_green+breadth_positive+ma_50_rising,3635,2948,0.4379240162822252,0.4464890328279111,-0.008565016545685866,-0.0007013687594677665,0.5227386306846576,False
discover-2026-09-24T07:38:18+00:00,2026-09-24T07:38:18+00:00,0106fab4dc2f35a2,ca09aadca6c719d7,5,discover,k5:marubozu_green+breadth_positive+market_up,5034,4080,0.4294117647058823,0.44353191760933036,-0.014120152903448036,-0.0018070044077444895,0.2958520739630185,False
discover-2026-09-24T07:38:18+00:00,2026-09-24T07:38:18+00:00,0106fab4dc2f35a2,ca09aadca6c719d7,5,discover,k5:marubozu_green+breadth_positive+rvol_high,2697,2408,0.40988372093023256,0.4446161483521763,-0.03473242742194371,-0.004522274127533957,0.010994502748625687,False
discover-2026-09-24T07:38:18+00:00,2026-09-24T07:38:18+00:00,0106fab4dc2f35a2,ca09aadca6c719d7,5,discover,k5:marubozu_green+breadth_positive+volume_dry,685,606,0.48184818481848185,0.44482762783547886,0.037020556983002995,0.0065695270373857355,0.0769615192403798,False
discover-2026-09-24T07:38:18+00:00,2026-09-24T07:38:18+00:00,0106fab4dc2f35a2,ca09aadca6c719d7,5,discover,k5:marubozu_green+ma_50_rising+market_up,4746,3727,0.46176549503622216,0.44738177984302396,0.014383715193198199,0.001164589955383909,0.21989005497251374,False
discover-2026-09-24T07:38:18+00:00,2026-09-24T07:38:18+00:00,0106fab4dc2f35a2,ca09aadca6c719d7,5,discover,k5:marubozu_green+ma_50_rising+rvol_high,2290,2005,0.44738154613466335,0.44701895383129536,0.0003625923033679923,-1.9322811668866757e-05,0.9965017491254373,False
discover-2026-09-24T07:38:18+00:00,2026-09-24T07:38:18+00:00,0106fab4dc2f35a2,ca09aadca6c719d7,5,discover,k5:marubozu_green+ma_50_rising+volume_dry,867,757,0.45178335535006603,0.44701895383129536,0.004764401518770667,-0.0017215071073173275,0.8315842078960519,False
discover-2026-09-24T07:38:18+00:00,2026-09-24T07:38:18+00:00,0106fab4dc2f35a2,ca09aadca6c719d7,5,discover,k5:marubozu_green+market_up+rvol_high,2917,2573,0.4185775359502526,0.44439564125395803,-0.02581810530370543,-0.0029244072146888396,0.06696651674162919,False
discover-2026-09-24T07:38:18+00:00,2026-09-24T07:38:18+00:00,0106fab4dc2f35a2,ca09aadca6c719d7,5,discover,k5:marubozu_green+market_up+volume_dry,815,716,0.4650837988826816,0.44465592268177556,0.020427876200906026,0.004168418779937792,0.3598200899550225,False
discover-2026-09-24T07:38:18+00:00,2026-09-24T07:38:18+00:00,0106fab4dc2f35a2,ca09aadca6c719d7,5,discover,k5:marubozu_green+rvol_high+volume_dry,0,0,,0.44539055713745945,,,1.0,False
discover-2026-09-24T07:38:18+00:00,2026-09-24T07:38:18+00:00,0106fab4dc2f35a2,ca09aadca6c719d7,5,discover,k5:marubozu_red,16427,12148,0.4634507737899243,0.4458884601585895,0.01756231363133476,-0.00036138069186703227,0.001999000499750125,True
discover-2026-09-24T07:38:18+00:00,2026-09-24T07:38:18+00:00,0106fab4dc2f35a2,ca09aadca6c719d7,5,discover,k5:marubozu_red+above_ma_50,5815,4649,0.4719294471929447,0.4459928272214062,0.02593661997153851,0.0018373275720939383,0.03398300849575212,False
discover-2026-09-24T07:38:18+00:00,2026-09-24T07:38:18+00:00,0106fab4dc2f35a2,ca09aadca6c719d7,5,discover,k5:marubozu_red+at_resistance,4333,3666,0.45881069285324605,0.44647799342362116,0.012332699429624894,-0.00010495747383663092,0.19790104947526238,False
discover-2026-09-24T07:38:18+00:00,2026-09-24T07:38:18+00:00,0106fab4dc2f35a2,ca09aadca6c719d7,5,discover,k5:marubozu_red+at_support,5124,4182,0.4452415112386418,0.44647799342362116,-0.0012364821849793484,-0.0021869179786278277,0.8895552223888056,False
discover-2026-09-24T07:38:18+00:00,2026-09-24T07:38:18+00:00,0106fab4dc2f35a2,ca09aadca6c719d7,5,discover,k5:marubozu_red+breadth_positive,6580,5400,0.465,0.4463541347391651,0.01864586526083495,0.0010842876687901849,0.1469265367316342,False
discover-2026-09-24T07:38:18+00:00,2026-09-24T07:38:18+00:00,0106fab4dc2f35a2,ca09aadca6c719d7,5,discover,k5:marubozu_red+ma_50_rising,7660,5782,0.47838118298166726,0.44701895383129536,0.0313622291503719,0.001043989501428949,0.004997501249375313,True
discover-2026-09-24T07:38:18+00:00,2026-09-24T07:38:18+00:00,0106fab4dc2f35a2,ca09aadca6c719d7,5,discover,k5:marubozu_red+market_up,8661,6728,0.44946492271105826,0.44405701586328455,0.0054079068477737025,-0.0009234566640011552,0.6146926536731634,False
discover-2026-09-24T07:38:18+00:00,2026-09-24T07:38:18+00:00,0106fab4dc2f35a2,ca09aadca6c719d7,5,discover,k5:marubozu_red+rvol_high,2432,2203,0.4902405810258738,0.4451691663760028,0.04507141464987102,0.00427798147228813,0.004997501249375313,True
discover-2026-09-24T07:38:18+00:00,2026-09-24T07:38:18+00:00,0106fab4dc2f35a2,ca09aadca6c719d7,5,discover,k5:marubozu_red+volume_dry,2671,2235,0.45861297539149887,0.44539055713745945,0.013222418254039414,-0.00324000395264648,0.3618190904547726,False
discover-2026-09-24T07:38:18+00:00,2026-09-24T07:38:18+00:00,0106fab4dc2f35a2,ca09aadca6c719d7,5,discover,k5:marubozu_red+above_ma_50+at_resistance,1937,1703,0.4732824427480916,0.44647799342362116,0.02680444932447046,0.0022086384029588275,0.07596201899050475,False
discover-2026-09-24T07:38:18+00:00,2026-09-24T07:38:18+00:00,0106fab4dc2f35a2,ca09aadca6c719d7,5,discover,k5:marubozu_red+above_ma_50+at_support,1208,1073,0.46877912395153776,0.44647799342362116,0.0223011305279166,0.0009684763554869698,0.2128935532233883,False
discover-2026-09-24T07:38:18+00:00,2026-09-24T07:38:18+00:00,0106fab4dc2f35a2,ca09aadca6c719d7,5,discover,k5:marubozu_red+above_ma_50+breadth_positive,3267,2754,0.4793028322440087,0.44547991433577777,0.03382291790823094,0.0026252918498070655,0.08195902048975512,False
discover-2026-09-24T07:38:18+00:00,2026-09-24T07:38:18+00:00,0106fab4dc2f35a2,ca09aadca6c719d7,5,discover,k5:marubozu_red+above_ma_50+ma_50_rising,4841,3858,0.4771902540176257,0.44701895383129536,0.030171300186330352,0.0022665875702579693,0.03398300849575212,False
discover-2026-09-24T07:38:18+00:00,2026-09-24T07:38:18+00:00,0106fab4dc2f35a2,ca09aadca6c719d7,5,discover,k5:marubozu_red+above_ma_50+market_up,4377,3548,0.471815107102593,0.44631547919824827,0.025499627904344735,0.0025634226917204015,0.10794602698650675,False
discover-2026-09-24T07:38:18+00:00,2026-09-24T07:38:18+00:00,0106fab4dc2f35a2,ca09aadca6c719d7,5,discover,k5:marubozu_red+above_ma_50+rvol_high,860,804,0.5099502487562189,0.4459928272214062,0.06395742153481265,0.006430393814307951,0.00399800099950025,True
discover-2026-09-24T07:38:18+00:00,2026-09-24T07:38:18+00:00,0106fab4dc2f35a2,ca09aadca6c719d7,5,discover,k5:marubozu_red+above_ma_50+volume_dry,781,690,0.4652173913043478,0.4459928272214062,0.019224564082941598,-0.00033035781768726987,0.43278360819590206,False
discover-2026-09-24T07:38:18+00:00,2026-09-24T07:38:18+00:00,0106fab4dc2f35a2,ca09aadca6c719d7,5,discover,k5:marubozu_red+at_resistance+at_support,2618,2247,0.4490431686693369,0.44647799342362116,0.002565175245715756,-0.000590570233255068,0.8255872063968016,False
discover-2026-09-24T07:38:18+00:00,2026-09-24T07:38:18+00:00,0106fab4dc2f35a2,ca09aadca6c719d7,5,discover,k5:marubozu_red+at_resistance+breadth_positive,2025,1803,0.4764281752634498,0.44594121449348223,0.030486960769967597,0.0021768015336695663,0.050974512743628186,False
discover-2026-09-24T07:38:18+00:00,2026-09-24T07:38:18+00:00,0106fab4dc2f35a2,ca09aadca6c719d7,5,discover,k5:marubozu_red+at_resistance+ma_50_rising,2622,2226,0.4667565139263252,0.44647799342362116,0.020278520502704067,0.00020837944527835904,0.14592703648175911,False
discover-2026-09-24T07:38:18+00:00,2026-09-24T07:38:18+00:00,0106fab4dc2f35a2,ca09aadca6c719d7,5,discover,k5:marubozu_red+at_resistance+market_up,2738,2352,0.46130952380952384,0.44683182363854634,0.014477700170977492,0.001186843919143581,0.2888555722138931,False
discover-2026-09-24T07:38:18+00:00,2026-09-24T07:38:18+00:00,0106fab4dc2f35a2,ca09aadca6c719d7,5,discover,k5:marubozu_red+at_resistance+rvol_high,579,558,0.482078853046595,0.44647799342362116,0.035600859622973824,0.0027829844700892593,0.08495752123938032,False
discover-2026-09-24T07:38:18+00:00,2026-09-24T07:38:18+00:00,0106fab4dc2f35a2,ca09aadca6c719d7,5,discover,k5:marubozu_red+at_resistance+volume_dry,727,651,0.4362519201228879,0.44647799342362116,-0.010226073300733274,-0.0032928654305475293,0.6106946526736632,False
discover-2026-09-24T07:38:18+00:00,2026-09-24T07:38:18+00:00,0106fab4dc2f35a2,ca09aadca6c719d7,5,discover,k5:marubozu_red+at_support+breadth_positive,1989,1733,0.44143104443162146,0.44594121449348223,-0.004510170061860774,-0.0017294488435642835,0.7976011994002998,False
discover-2026-09-24T07:38:18+00:00,2026-09-24T07:38:18+00:00,0106fab4dc2f35a2,ca09aadca6c719d7,5,discover,k5:marubozu_red+at_support+ma_50_rising,2481,2084,0.46065259117082535,0.44647799342362116,0.014174597747204198,-0.0015394254130831598,0.31084457771114443,False
discover-2026-09-24T07:38:18+00:00,2026-09-24T07:38:18+00:00,0106fab4dc2f35a2,ca09aadca6c719d7,5,discover,k5:marubozu_red+at_support+market_up,2840,2375,0.4378947368421053,0.44683182363854634,-0.008937086796441063,-0.0014893029976101055,0.5337331334332833,False
discover-2026-09-24T07:38:18+00:00,2026-09-24T07:38:18+00:00,0106fab4dc2f35a2,ca09aadca6c719d7,5,discover,k5:marubozu_red+at_support+rvol_high,640,611,0.469721767594108,0.44647799342362116,0.02324377417048684,0.0007259629479870022,0.28285857071464265,False
discover-2026-09-24T07:38:18+00:00,2026-09-24T07:38:18+00:00,0106fab4dc2f35a2,ca09aadca6c719d7,5,discover,k5:marubozu_red+at_support+volume_dry,1104,983,0.4404883011190234,0.44647799342362116,-0.005989692304597782,-0.003600734160786596,0.7286356821589205,False
discover-2026-09-24T07:38:18+00:00,2026-09-24T07:38:18+00:00,0106fab4dc2f35a2,ca09aadca6c719d7,5,discover,k5:marubozu_red+breadth_positive+ma_50_rising,3428,2825,0.479646017699115,0.4464890328279111,0.03315698487120394,0.0019402784561849136,0.12093953023488256,False
discover-2026-09-24T07:38:18+00:00,2026-09-24T07:38:18+00:00,0106fab4dc2f35a2,ca09aadca6c719d7,5,discover,k5:marubozu_red+breadth_positive+market_up,4809,3943,0.4636063910727872,0.44353191760933036,0.020074473463456866,0.0009923912128519511,0.22488755622188905,False
discover-2026-09-24T07:38:18+00:00,2026-09-24T07:38:18+00:00,0106fab4dc2f35a2,ca09aadca6c719d7,5,discover,k5:marubozu_red+breadth_positive+rvol_high,1054,984,0.5,0.4446161483521763,0.05538385164782372,0.0021436741467851022,0.017991004497751123,False
discover-2026-09-24T07:38:18+00:00,2026-09-24T07:38:18+00:00,0106fab4dc2f35a2,ca09aadca6c719d7,5,discover,k5:marubozu_red+breadth_positive+volume_dry,832,751,0.440745672436751,0.44482762783547886,-0.0040819553987278545,0.0010818846665270477,0.8295852073963018,False
discover-2026-09-24T07:38:18+00:00,2026-09-24T07:38:18+00:00,0106fab4dc2f35a2,ca09aadca6c719d7,5,discover,k5:marubozu_red+ma_50_rising+market_up,4919,3862,0.4673744174003107,0.44738177984302396,0.019992637557286752,0.0018370521930474754,0.18290854572713644,False
discover-2026-09-24T07:38:18+00:00,2026-09-24T07:38:18+00:00,0106fab4dc2f35a2,ca09aadca6c719d7,5,discover,k5:marubozu_red+ma_50_rising+rvol_high,1084,997,0.5115346038114343,0.44701895383129536,0.06451564998013898,0.005226288702608997,0.0029985007496251873,True
discover-2026-09-24T07:38:18+00:00,2026-09-24T07:38:18+00:00,0106fab4dc2f35a2,ca09aadca6c719d7,5,discover,k5:marubozu_red+ma_50_rising+volume_dry,1370,1149,0.46823324630113144,0.44701895383129536,0.021214292469836082,-0.0021189503553055906,0.29485257371314344,False
discover-2026-09-24T07:38:18+00:00,2026-09-24T07:38:18+00:00,0106fab4dc2f35a2,ca09aadca6c719d7,5,discover,k5:marubozu_red+market_up+rvol_high,1303,1203,0.5012468827930174,0.44439564125395803,0.056851241539059405,0.004094952788640759,0.0009995002498750624,True
discover-2026-09-24T07:38:18+00:00,2026-09-24T07:38:18+00:00,0106fab4dc2f35a2,ca09aadca6c719d7,5,discover,k5:marubozu_red+market_up+volume_dry,1240,1072,0.42630597014925375,0.44465592268177556,-0.018349952532521807,-0.0035485811476127305,0.39080459770114945,False
discover-2026-09-24T07:38:18+00:00,2026-09-24T07:38:18+00:00,0106fab4dc2f35a2,ca09aadca6c719d7,5,discover,k5:marubozu_red+rvol_high+volume_dry,0,0,,0.44539055713745945,,,1.0,False
discover-2026-09-24T07:38:18+00:00,2026-09-24T07:38:18+00:00,0106fab4dc2f35a2,ca09aadca6c719d7,5,discover,k5:bullish_engulfing,5603,5028,0.4266109785202864,0.44598664541294175,-0.019375666892655352,-0.0041179125679421695,0.04597701149425287,False
discover-2026-09-24T07:38:18+00:00,2026-09-24T07:38:18+00:00,0106fab4dc2f35a2,ca09aadca6c719d7,5,discover,k5:bullish_engulfing+above_ma_50,3005,2665,0.449906191369606,0.4459928272214062,0.003913364148199816,-0.0018150290755572836,0.7716141929035483,False
discover-2026-09-24T07:38:18+00:00,2026-09-24T07:38:18+00:00,0106fab4dc2f35a2,ca09aadca6c719d7,5,discover,k5:bullish_engulfing+at_resistance,1497,1393,0.4443646805455851,0.44647799342362116,-0.0021133128780360666,-0.00020084612779318044,0.8545727136431784,False
discover-2026-09-24T07:38:18+00:00,2026-09-24T07:38:18+00:00,0106fab4dc2f35a2,ca09aadca6c719d7,5,discover,k5:bullish_engulfing+at_support,1537,1448,0.412292817679558,0.44647799342362116,-0.034185175744063157,-0.0027676009931082417,0.02798600699650175,False
discover-2026-09-24T07:38:18+00:00,2026-09-24T07:38:18+00:00,0106fab4dc2f35a2,ca09aadca6c719d7,5,discover,k5:bullish_engulfing+breadth_positive,2549,2353,0.4360390990225244,0.44637374109555394,-0.010334642073029532,-0.002096469687949229,0.4867566216891554,False
discover-2026-09-24T07:38:18+00:00,2026-09-24T07:38:18+00:00,0106fab4dc2f35a2,ca09aadca6c719d7,5,discover,k5:bullish_engulfing+ma_50_rising,2833,2514,0.4478918058870326,0.44701895383129536,0.0008728520557372277,-0.0016785119111639012,0.9575212393803099,False
discover-2026-09-24T07:38:18+00:00,2026-09-24T07:38:18+00:00,0106fab4dc2f35a2,ca09aadca6c719d7,5,discover,k5:bullish_engulfing+market_up,3390,3046,0.43368351936966515,0.4440722629615829,-0.01038874359191777,-0.0022738066526440497,0.4777611194402799,False
discover-2026-09-24T07:38:18+00:00,2026-09-24T07:38:18+00:00,0106fab4dc2f35a2,ca09aadca6c719d7,5,discover,k5:bullish_engulfing+rvol_high,1444,1364,0.44281524926686217,0.4451691663760028,-0.002353917109140624,-0.0013400593373452906,0.8655672163918041,False
discover-2026-09-24T07:38:18+00:00,2026-09-24T07:38:18+00:00,0106fab4dc2f35a2,ca09aadca6c719d7,5,discover,k5:bullish_engulfing+volume_dry,553,532,0.4323308270676692,0.44539055713745945,-0.013059730069790276,-0.004894762382569427,0.5757121439280359,False
discover-2026-09-24T07:38:18+00:00,2026-09-24T07:38:18+00:00,0106fab4dc2f35a2,ca09aadca6c719d7,5,discover,k5:bullish_engulfing+above_ma_50+at_resistance,1067,995,0.4663316582914573,0.44647799342362116,0.01985366486783613,0.0010985412022866635,0.2688655672163918,False
discover-2026-09-24T07:38:18+00:00,2026-09-24T07:38:18+00:00,0106fab4dc2f35a2,ca09aadca6c719d7,5,discover,k5:bullish_engulfing+above_ma_50+at_support,820,782,0.4437340153452685,0.44647799342362116,-0.002743978078352638,-0.0006414353339084598,0.8995502248875562,False
discover-2026-09-24T07:38:18+00:00,2026-09-24T07:38:18+00:00,0106fab4dc2f35a2,ca09aadca6c719d7,5,discover,k5:bullish_engulfing+above_ma_50+breadth_positive,1660,1517,0.45682267633487145,0.44547991433577777,0.011342761999093676,0.0005092242538307279,0.5517241379310345,False
discover-2026-09-24T07:38:18+00:00,2026-09-24T07:38:18+00:00,0106fab4dc2f35a2,ca09aadca6c719d7,5,discover,k5:bullish_engulfing+above_ma_50+ma_50_rising,2415,2132,0.45590994371482174,0.44701895383129536,0.008890989883526379,-0.0007180275163439032,0.5667166416791605,False
discover-2026-09-24T07:38:18+00:00,2026-09-24T07:38:18+00:00,0106fab4dc2f35a2,ca09aadca6c719d7,5,discover,k5:bullish_engulfing+above_ma_50+market_up,2277,2025,0.45728395061728394,0.44631547919824827,0.010968471419035675,-0.00014949333572304162,0.5207396301849075,False
discover-2026-09-24T07:38:18+00:00,2026-09-24T07:38:18+00:00,0106fab4dc2f35a2,ca09aadca6c719d7,5,discover,k5:bullish_engulfing+above_ma_50+rvol_high,973,911,0.45334796926454446,0.4459928272214062,0.007355142043138252,-0.0005342270799223981,0.7126436781609196,False
discover-2026-09-24T07:38:18+00:00,2026-09-24T07:38:18+00:00,0106fab4dc2f35a2,ca09aadca6c719d7,5,discover,k5:bullish_engulfing+above_ma_50+volume_dry,258,251,0.4860557768924303,0.4459928272214062,0.040062949671024084,-0.0025641728501799204,0.27586206896551724,False
discover-2026-09-24T07:38:18+00:00,2026-09-24T07:38:18+00:00,0106fab4dc2f35a2,ca09aadca6c719d7,5,discover,k5:bullish_engulfing+at_resistance+at_support,833,787,0.4383735705209657,0.44647799342362116,-0.00810442290265545,0.0008437921099212183,0.6446776611694153,False
discover-2026-09-24T07:38:18+00:00,2026-09-24T07:38:18+00:00,0106fab4dc2f35a2,ca09aadca6c719d7,5,discover,k5:bullish_engulfing+at_resistance+breadth_positive,777,736,0.44157608695652173,0.44594121449348223,-0.0043651275369605,-0.0003826694007741464,0.8285857071464268,False
discover-2026-09-24T07:38:18+00:00,2026-09-24T07:38:18+00:00,0106fab4dc2f35a2,ca09aadca6c719d7,5,discover,k5:bullish_engulfing+at_resistance+ma_50_rising,926,859,0.459837019790454,0.44647799342362116,0.013359026366832838,0.0007127197314383163,0.4827586206896552,False
discover-2026-09-24T07:38:18+00:00,2026-09-24T07:38:18+00:00,0106fab4dc2f35a2,ca09aadca6c719d7,5,discover,k5:bullish_engulfing+at_resistance+market_up,1029,958,0.44572025052192066,0.44683182363854634,-0.001111573116625686,0.00033335001170117686,0.9515242378810594,False
discover-2026-09-24T07:38:18+00:00,2026-09-24T07:38:18+00:00,0106fab4dc2f35a2,ca09aadca6c719d7,5,discover,k5:bullish_engulfing+at_resistance+rvol_high,404,392,0.461734693877551,0.44647799342362116,0.01525670045392985,0.001478614997675777,0.559720139930035,False
discover-2026-09-24T07:38:18+00:00,2026-09-24T07:38:18+00:00,0106fab4dc2f35a2,ca09aadca6c719d7,5,discover,k5:bullish_engulfing+at_resistance+volume_dry,167,163,0.49693251533742333,0.44647799342362116,0.050454521913802175,0.0037331840432031096,0.24687656171914044,False
discover-2026-09-24T07:38:18+00:00,2026-09-24T07:38:18+00:00,0106fab4dc2f35a2,ca09aadca6c719d7,5,discover,k5:bullish_engulfing+at_support+breadth_positive,681,658,0.41793313069908816,0.44594121449348223,-0.028008083794394067,-0.0028792893791572552,0.24887556221889057,False
discover-2026-09-24T07:38:18+00:00,2026-09-24T07:38:18+00:00,0106fab4dc2f35a2,ca09aadca6c719d7,5,discover,k5:bullish_engulfing+at_support+ma_50_rising,795,750,0.4186666666666667,0.44647799342362116,-0.02781132675695447,-0.0035207662973307722,0.2098950524737631,False
discover-2026-09-24T07:38:18+00:00,2026-09-24T07:38:18+00:00,0106fab4dc2f35a2,ca09aadca6c719d7,5,discover,k5:bullish_engulfing+at_support+market_up,957,911,0.41822173435784854,0.44683182363854634,-0.028610089280697804,-0.0020670725922979057,0.19090454772613694,False
discover-2026-09-24T07:38:18+00:00,2026-09-24T07:38:18+00:00,0106fab4dc2f35a2,ca09aadca6c719d7,5,discover,k5:bullish_engulfing+at_support+rvol_high,386,380,0.4394736842105263,0.44647799342362116,-0.007004309213094861,0.000791229201894003,0.7656171914042978,False
discover-2026-09-24T07:38:18+00:00,2026-09-24T07:38:18+00:00,0106fab4dc2f35a2,ca09aadca6c719d7,5,discover,k5:bullish_engulfing+at_support+volume_dry,192,188,0.4308510638297872,0.44647799342362116,-0.015626929593833938,-0.0010515396360315722,0.6786606696651675,False
discover-2026-09-24T07:38:18+00:00,2026-09-24T07:38:18+00:00,0106fab4dc2f35a2,ca09aadca6c719d7,5,discover,k5:bullish_engulfing+breadth_positive+ma_50_rising,1427,1300,0.45153846153846156,0.4464890328279111,0.005049428710550474,4.158352581769391e-05,0.8195902048975512,False
discover-2026-09-24T07:38:18+00:00,2026-09-24T07:38:18+00:00,0106fab4dc2f35a2,ca09aadca6c719d7,5,discover,k5:bullish_engulfing+breadth_positive+market_up,1949,1787,0.44655847789591496,0.4435198760021891,0.003038601893725845,-0.0006800094947514785,0.88055972013993,False
discover-2026-09-24T07:38:18+00:00,2026-09-24T07:38:18+00:00,0106fab4dc2f35a2,ca09aadca6c719d7,5,discover,k5:bullish_engulfing+breadth_positive+rvol_high,787,746,0.4651474530831099,0.4446161483521763,0.02053130473093362,0.001186099747498721,0.3498250874562719,False
discover-2026-09-24T07:38:18+00:00,2026-09-24T07:38:18+00:00,0106fab4dc2f35a2,ca09aadca6c719d7,5,discover,k5:bullish_engulfing+breadth_positive+volume_dry,190,185,0.41081081081081083,0.44482762783547886,-0.03401681702466802,-0.0033667563917925292,0.4267866066966517,False
discover-2026-09-24T07:38:18+00:00,2026-09-24T07:38:18+00:00,0106fab4dc2f35a2,ca09aadca6c719d7,5,discover,k5:bullish_engulfing+ma_50_rising+market_up,2053,1813,0.45394373965802537,0.44738177984302396,0.006561959815001406,-0.00041371256271326276,0.7426286856571714,False
discover-2026-09-24T07:38:18+00:00,2026-09-24T07:38:18+00:00,0106fab4dc2f35a2,ca09aadca6c719d7,5,discover,k5:bullish_engulfing+ma_50_rising+rvol_high,793,747,0.46184738955823296,0.44701895383129536,0.014828435726937594,0.00030256675368647,0.46276861569215394,False
discover-2026-09-24T07:38:18+00:00,2026-09-24T07:38:18+00:00,0106fab4dc2f35a2,ca09aadca6c719d7,5,discover,k5:bullish_engulfing+ma_50_rising+volume_dry,294,286,0.45454545454545453,0.44701895383129536,0.007526500714159168,-0.004136304209228995,0.8775612193903048,False
discover-2026-09-24T07:38:18+00:00,2026-09-24T07:38:18+00:00,0106fab4dc2f35a2,ca09aadca6c719d7,5,discover,k5:bullish_engulfing+market_up+rvol_high,992,937,0.4375667022411953,0.44439564125395803,-0.006828939012762714,-0.0012969917475696294,0.7176411794102948,False
discover-2026-09-24T07:38:18+00:00,2026-09-24T07:38:18+00:00,0106fab4dc2f35a2,ca09aadca6c719d7,5,discover,k5:bullish_engulfing+market_up+volume_dry,289,277,0.44765342960288806,0.44465592268177556,0.0029975069211125027,0.0008583514405636973,0.9765117441279361,False
discover-2026-09-24T07:38:18+00:00,2026-09-24T07:38:18+00:00,0106fab4dc2f35a2,ca09aadca6c719d7,5,discover,k5:bullish_engulfing+rvol_high+volume_dry,0,0,,0.44539055713745945,,,1.0,False
discover-2026-09-24T07:38:18+00:00,2026-09-24T07:38:18+00:00,0106fab4dc2f35a2,ca09aadca6c719d7,5,discover,k5:bearish_engulfing,5363,4796,0.439115929941618,0.44598664541294175,-0.0068707154713237295,-0.0040290404231306315,0.4987506246876562,False
discover-2026-09-24T07:38:18+00:00,2026-09-24T07:38:18+00:00,0106fab4dc2f35a2,ca09aadca6c719d7,5,discover,k5:bearish_engulfing+above_ma_50,2424,2177,0.45429490124023886,0.4459928272214062,0.00830207401883265,-0.0019318756508519227,0.5957021489255372,False
discover-2026-09-24T07:38:18+00:00,2026-09-24T07:38:18+00:00,0106fab4dc2f35a2,ca09aadca6c719d7,5,discover,k5:bearish_engulfing+at_resistance,1417,1326,0.42458521870286575,0.44647799342362116,-0.021892774720755404,-0.004109132607166854,0.1549225387306347,False
discover-2026-09-24T07:38:18+00:00,2026-09-24T07:38:18+00:00,0106fab4dc2f35a2,ca09aadca6c719d7,5,discover,k5:bearish_engulfing+at_support,1492,1383,0.41142443962400577,0.44647799342362116,-0.03505355379961539,-0.004915372210595125,0.025987006496751622,False
discover-2026-09-24T07:38:18+00:00,2026-09-24T07:38:18+00:00,0106fab4dc2f35a2,ca09aadca6c719d7,5,discover,k5:bearish_engulfing+breadth_positive,2288,2130,0.45305164319248825,0.44637374109555394,0.006677902096934307,-0.0010202576008160767,0.6786606696651675,False
discover-2026-09-24T07:38:18+00:00,2026-09-24T07:38:18+00:00,0106fab4dc2f35a2,ca09aadca6c719d7,5,discover,k5:bearish_engulfing+ma_50_rising,2596,2338,0.4550898203592814,0.44701895383129536,0.008070866527986054,-0.0016216029545434397,0.5727136431784108,False
discover-2026-09-24T07:38:18+00:00,2026-09-24T07:38:18+00:00,0106fab4dc2f35a2,ca09aadca6c719d7,5,discover,k5:bearish_engulfing+market_up,3164,2840,0.43309859154929575,0.4440722629615829,-0.010973671412287167,-0.003176481517190429,0.512743628185907,False
discover-2026-09-24T07:38:18+00:00,2026-09-24T07:38:18+00:00,0106fab4dc2f35a2,ca09aadca6c719d7,5,discover,k5:bearish_engulfing+rvol_high,782,761,0.4704336399474376,0.4451691663760028,0.025264473571434798,-0.0005768189295319605,0.3428285857071464,False
discover-2026-09-24T07:38:18+00:00,2026-09-24T07:38:18+00:00,0106fab4dc2f35a2,ca09aadca6c719d7,5,discover,k5:bearish_engulfing+volume_dry,670,649,0.42989214175654855,0.44539055713745945,-0.015498415380910902,-0.008222711611712459,0.543728135932034,False
discover-2026-09-24T07:38:18+00:00,2026-09-24T07:38:18+00:00,0106fab4dc2f35a2,ca09aadca6c719d7,5,discover,k5:bearish_engulfing+above_ma_50+at_resistance,749,705,0.44964539007092197,0.44647799342362116,0.003167396647300813,-0.0018912689643098212,0.8845577211394303,False
discover-2026-09-24T07:38:18+00:00,2026-09-24T07:38:18+00:00,0106fab4dc2f35a2,ca09aadca6c719d7,5,discover,k5:bearish_engulfing+above_ma_50+at_support,464,433,0.43648960739030024,0.44647799342362116,-0.009988386033320917,-7.443593045608103e-05,0.703648175912044,False
discover-2026-09-24T07:38:18+00:00,2026-09-24T07:38:18+00:00,0106fab4dc2f35a2,ca09aadca6c719d7,5,discover,k5:bearish_engulfing+above_ma_50+breadth_positive,1329,1232,0.46266233766233766,0.44547991433577777,0.017182423326559892,-0.0001348021526560977,0.4757621189405297,False
discover-2026-09-24T07:38:18+00:00,2026-09-24T07:38:18+00:00,0106fab4dc2f35a2,ca09aadca6c719d7,5,discover,k5:bearish_engulfing+above_ma_50+ma_50_rising,1995,1792,0.4654017857142857,0.44701895383129536,0.018382831882990336,-0.0006019615329851009,0.29185407296351823,False
discover-2026-09-24T07:38:18+00:00,2026-09-24T07:38:18+00:00,0106fab4dc2f35a2,ca09aadca6c719d7,5,discover,k5:bearish_engulfing+above_ma_50+market_up,1858,1669,0.457159976033553,0.44631547919824827,0.010844496835304751,5.379679406115599e-05,0.5757121439280359,False
discover-2026-09-24T07:38:18+00:00,2026-09-24T07:38:18+00:00,0106fab4dc2f35a2,ca09aadca6c719d7,5,discover,k5:bearish_engulfing+above_ma_50+rvol_high,420,410,0.4902439024390244,0.4459928272214062,0.044251075217618174,0.003760093071296169,0.27786106946526734,False
discover-2026-09-24T07:38:18+00:00,2026-09-24T07:38:18+00:00,0106fab4dc2f35a2,ca09aadca6c719d7,5,discover,k5:bearish_engulfing+above_ma_50+volume_dry,255,249,0.5100401606425703,0.4459928272214062,0.06404733342116409,0.0032050564920471187,0.08995502248875563,False
discover-2026-09-24T07:38:18+00:00,2026-09-24T07:38:18+00:00,0106fab4dc2f35a2,ca09aadca6c719d7,5,discover,k5:bearish_engulfing+at_resistance+at_support,831,782,0.41304347826086957,0.44647799342362116,-0.03343451516275159,-0.003322650637068315,0.0879560219890055,False
discover-2026-09-24T07:38:18+00:00,2026-09-24T07:38:18+00:00,0106fab4dc2f35a2,ca09aadca6c719d7,5,discover,k5:bearish_engulfing+at_resistance+breadth_positive,632,607,0.4299835255354201,0.44594121449348223,-0.015957688958062155,-0.0019262731193942092,0.5287356321839081,False
discover-2026-09-24T07:38:18+00:00,2026-09-24T07:38:18+00:00,0106fab4dc2f35a2,ca09aadca6c719d7,5,discover,k5:bearish_engulfing+at_resistance+ma_50_rising,839,785,0.4394904458598726,0.44647799342362116,-0.006987547563748531,-0.002585342842580065,0.7586206896551724,False
discover-2026-09-24T07:38:18+00:00,2026-09-24T07:38:18+00:00,0106fab4dc2f35a2,ca09aadca6c719d7,5,discover,k5:bearish_engulfing+at_resistance+market_up,916,852,0.42370892018779344,0.44683182363854634,-0.023122903450752907,-0.0030552112234461595,0.3258370814592704,False
discover-2026-09-24T07:38:18+00:00,2026-09-24T07:38:18+00:00,0106fab4dc2f35a2,ca09aadca6c719d7,5,discover,k5:bearish_engulfing+at_resistance+rvol_high,206,205,0.424390243902439,0.44647799342362116,-0.022087749521182143,-0.002021244126753236,0.5317341329335332,False
discover-2026-09-24T07:38:18+00:00,2026-09-24T07:38:18+00:00,0106fab4dc2f35a2,ca09aadca6c719d7,5,discover,k5:bearish_engulfing+at_resistance+volume_dry,182,181,0.4088397790055249,0.44647799342362116,-0.03763821441809628,-0.0047866663885483465,0.31284357821089454,False
discover-2026-09-24T07:38:18+00:00,2026-09-24T07:38:18+00:00,0106fab4dc2f35a2,ca09aadca6c719d7,5,discover,k5:bearish_engulfing+at_support+breadth_positive,561,539,0.40816326530612246,0.44594121449348223,-0.03777794918735977,-0.00437481278747563,0.2178910544727636,False
discover-2026-09-24T07:38:18+00:00,2026-09-24T07:38:18+00:00,0106fab4dc2f35a2,ca09aadca6c719d7,5,discover,k5:bearish_engulfing+at_support+ma_50_rising,703,658,0.4194528875379939,0.44647799342362116,-0.027025105885627232,-0.002487523642362411,0.22288855572213892,False
discover-2026-09-24T07:38:18+00:00,2026-09-24T07:38:18+00:00,0106fab4dc2f35a2,ca09aadca6c719d7,5,discover,k5:bearish_engulfing+at_support+market_up,871,807,0.42379182156133827,0.44683182363854634,-0.023040002077208077,-0.0037648609211847948,0.32983508245877063,False
discover-2026-09-24T07:38:18+00:00,2026-09-24T07:38:18+00:00,0106fab4dc2f35a2,ca09aadca6c719d7,5,discover,k5:bearish_engulfing+at_support+rvol_high,189,186,0.45161290322580644,0.44647799342362116,0.0051349098021852835,-0.00037573498668911487,0.9215392303848076,False
discover-2026-09-24T07:38:18+00:00,2026-09-24T07:38:18+00:00,0106fab4dc2f35a2,ca09aadca6c719d7,5,discover,k5:bearish_engulfing+at_support+volume_dry,247,244,0.4016393442622951,0.44647799342362116,-0.04483864916132607,-0.0071550456123521365,0.19990004997501248,False
discover-2026-09-24T07:38:18+00:00,2026-09-24T07:38:18+00:00,0106fab4dc2f35a2,ca09aadca6c719d7,5,discover,k5:bearish_engulfing+breadth_positive+ma_50_rising,1261,1168,0.461472602739726,0.4464890328279111,0.014983569911814931,-0.00047688822441077915,0.5407296351824088,False
discover-2026-09-24T07:38:18+00:00,2026-09-24T07:38:18+00:00,0106fab4dc2f35a2,ca09aadca6c719d7,5,discover,k5:bearish_engulfing+breadth_positive+market_up,1724,1594,0.4473023839397742,0.4435198760021891,0.0037825079375850557,-0.0013199587480562788,0.8555722138930535,False
discover-2026-09-24T07:38:18+00:00,2026-09-24T07:38:18+00:00,0106fab4dc2f35a2,ca09aadca6c719d7,5,discover,k5:bearish_engulfing+breadth_positive+rvol_high,442,428,0.4742990654205608,0.4446161483521763,0.029682917068384496,0.0007414177770512423,0.47876061969015493,False
discover-2026-09-24T07:38:18+00:00,2026-09-24T07:38:18+00:00,0106fab4dc2f35a2,ca09aadca6c719d7,5,discover,k5:bearish_engulfing+breadth_positive+volume_dry,210,205,0.5024390243902439,0.44482762783547886,0.05761139655476505,0.0006632806484390991,0.09495252373813093,False
discover-2026-09-24T07:38:18+00:00,2026-09-24T07:38:18+00:00,0106fab4dc2f35a2,ca09aadca6c719d7,5,discover,k5:bearish_engulfing+ma_50_rising+market_up,1828,1643,0.45830797321972,0.44738177984302396,0.010926193376696036,0.000592826655889678,0.5807096451774113,False
discover-2026-09-24T07:38:18+00:00,2026-09-24T07:38:18+00:00,0106fab4dc2f35a2,ca09aadca6c719d7,5,discover,k5:bearish_engulfing+ma_50_rising+rvol_high,420,410,0.4682926829268293,0.44701895383129536,0.021273729095533933,0.0014847399941766788,0.5887056471764118,False
discover-2026-09-24T07:38:18+00:00,2026-09-24T07:38:18+00:00,0106fab4dc2f35a2,ca09aadca6c719d7,5,discover,k5:bearish_engulfing+ma_50_rising+volume_dry,348,339,0.48672566371681414,0.44701895383129536,0.039706709885518776,0.0023954760046349974,0.2688655672163918,False
discover-2026-09-24T07:38:18+00:00,2026-09-24T07:38:18+00:00,0106fab4dc2f35a2,ca09aadca6c719d7,5,discover,k5:bearish_engulfing+market_up+rvol_high,518,505,0.47326732673267324,0.44439564125395803,0.028871685478715214,0.0005696258314869203,0.4017991004497751,False
discover-2026-09-24T07:38:18+00:00,2026-09-24T07:38:18+00:00,0106fab4dc2f35a2,ca09aadca6c719d7,5,discover,k5:bearish_engulfing+market_up+volume_dry,338,327,0.47706422018348627,0.44465592268177556,0.0324082975017107,-0.0024057755701767805,0.33883058470764615,False
discover-2026-09-24T07:38:18+00:00,2026-09-24T07:38:18+00:00,0106fab4dc2f35a2,ca09aadca6c719d7,5,discover,k5:bearish_engulfing+rvol_high+volume_dry,0,0,,0.44539055713745945,,,1.0,False
discover-2026-09-24T07:38:18+00:00,2026-09-24T07:38:18+00:00,0106fab4dc2f35a2,ca09aadca6c719d7,5,discover,k5:bullish_harami,11125,9235,0.4429886302111532,0.445239649384558,-0.0022510191734048113,-0.0034285682312666776,0.7376311844077961,False
discover-2026-09-24T07:38:18+00:00,2026-09-24T07:38:18+00:00,0106fab4dc2f35a2,ca09aadca6c719d7,5,discover,k5:bullish_harami+above_ma_50,4830,4121,0.47027420528997815,0.4459928272214062,0.024281378068571946,0.00048139831397641953,0.04897551224387806,False
discover-2026-09-24T07:38:18+00:00,2026-09-24T07:38:18+00:00,0106fab4dc2f35a2,ca09aadca6c719d7,5,discover,k5:bullish_harami+at_resistance,3216,2854,0.44674141555711283,0.44647799342362116,0.0002634221334916753,-0.00019120686841742084,0.9535232383808095,False
discover-2026-09-24T07:38:18+00:00,2026-09-24T07:38:18+00:00,0106fab4dc2f35a2,ca09aadca6c719d7,5,discover,k5:bullish_harami+at_support,3936,3424,0.4205607476635514,0.44647799342362116,-0.025917245760069763,-0.004505733760975087,0.014992503748125937,False
discover-2026-09-24T07:38:18+00:00,2026-09-24T07:38:18+00:00,0106fab4dc2f35a2,ca09aadca6c719d7,5,discover,k5:bullish_harami+breadth_positive,4925,4309,0.4446507310280808,0.44467857945605754,-2.7848427976762125e-05,-0.0028790020954887552,0.9955022488755623,False
discover-2026-09-24T07:38:18+00:00,2026-09-24T07:38:18+00:00,0106fab4dc2f35a2,ca09aadca6c719d7,5,discover,k5:bullish_harami+ma_50_rising,5575,4684,0.4553800170794193,0.44701895383129536,0.008361063248123912,-0.0024797095973721974,0.48375812093953025,False
discover-2026-09-24T07:38:18+00:00,2026-09-24T07:38:18+00:00,0106fab4dc2f35a2,ca09aadca6c719d7,5,discover,k5:bullish_harami+market_up,6545,5497,0.4444242313989449,0.4445608870258076,-0.00013665562686271393,-0.001843228218018284,0.992503748125937,False
discover-2026-09-24T07:38:18+00:00,2026-09-24T07:38:18+00:00,0106fab4dc2f35a2,ca09aadca6c719d7,5,discover,k5:bullish_harami+rvol_high,1032,992,0.43850806451612906,0.445239649384558,-0.0067315848684289525,-0.004510430028651503,0.6586706646676662,False
discover-2026-09-24T07:38:18+00:00,2026-09-24T07:38:18+00:00,0106fab4dc2f35a2,ca09aadca6c719d7,5,discover,k5:bullish_harami+volume_dry,1572,1478,0.44519621109607577,0.44539055713745945,-0.00019434604138368616,-0.004402319238017004,0.9675162418790605,False
discover-2026-09-24T07:38:18+00:00,2026-09-24T07:38:18+00:00,0106fab4dc2f35a2,ca09aadca6c719d7,5,discover,k5:bullish_harami+above_ma_50+at_resistance,1893,1694,0.46340023612750886,0.44647799342362116,0.016922242703887702,0.002394823598813539,0.20789605197401298,False
discover-2026-09-24T07:38:18+00:00,2026-09-24T07:38:18+00:00,0106fab4dc2f35a2,ca09aadca6c719d7,5,discover,k5:bullish_harami+above_ma_50+at_support,1320,1210,0.45454545454545453,0.44647799342362116,0.008067461121833375,-1.905240236570827e-05,0.6406796601699151,False
discover-2026-09-24T07:38:18+00:00,2026-09-24T07:38:18+00:00,0106fab4dc2f35a2,ca09aadca6c719d7,5,discover,k5:bullish_harami+above_ma_50+breadth_positive,2874,2509,0.46512554802710243,0.44547991433577777,0.01964563369132466,0.0008444590618749867,0.30684657671164417,False
discover-2026-09-24T07:38:18+00:00,2026-09-24T07:38:18+00:00,0106fab4dc2f35a2,ca09aadca6c719d7,5,discover,k5:bullish_harami+above_ma_50+ma_50_rising,3969,3373,0.4705010376519419,0.44701895383129536,0.023482083820646538,0.0003039053557641932,0.08895552223888056,False
discover-2026-09-24T07:38:18+00:00,2026-09-24T07:38:18+00:00,0106fab4dc2f35a2,ca09aadca6c719d7,5,discover,k5:bullish_harami+above_ma_50+market_up,3777,3219,0.4759242000621311,0.44631547919824827,0.02960872086388283,0.0023503999594277777,0.057971014492753624,False
discover-2026-09-24T07:38:18+00:00,2026-09-24T07:38:18+00:00,0106fab4dc2f35a2,ca09aadca6c719d7,5,discover,k5:bullish_harami+above_ma_50+rvol_high,468,447,0.4429530201342282,0.4459928272214062,-0.0030398070871779925,-0.002773808820318317,0.9215392303848076,False
discover-2026-09-24T07:38:18+00:00,2026-09-24T07:38:18+00:00,0106fab4dc2f35a2,ca09aadca6c719d7,5,discover,k5:bullish_harami+above_ma_50+volume_dry,570,546,0.4542124542124542,0.4459928272214062,0.008219626991048001,-0.0004172679264001027,0.7026486756621689,False
discover-2026-09-24T07:38:18+00:00,2026-09-24T07:38:18+00:00,0106fab4dc2f35a2,ca09aadca6c719d7,5,discover,k5:bullish_harami+at_resistance+at_support,1882,1688,0.43661137440758296,0.44647799342362116,-0.009866619016038192,-0.0007470454886362775,0.5077461269365318,False
discover-2026-09-24T07:38:18+00:00,2026-09-24T07:38:18+00:00,0106fab4dc2f35a2,ca09aadca6c719d7,5,discover,k5:bullish_harami+at_resistance+breadth_positive,1639,1497,0.4482297929191717,0.44594121449348223,0.0022885784256894692,0.00037797961496375995,0.8995502248875562,False
discover-2026-09-24T07:38:18+00:00,2026-09-24T07:38:18+00:00,0106fab4dc2f35a2,ca09aadca6c719d7,5,discover,k5:bullish_harami+at_resistance+ma_50_rising,2042,1823,0.4465167306637411,0.44647799342362116,3.8737240119934846e-05,-0.00012706195890340683,0.9715142428785607,False
discover-2026-09-24T07:38:18+00:00,2026-09-24T07:38:18+00:00,0106fab4dc2f35a2,ca09aadca6c719d7,5,discover,k5:bullish_harami+at_resistance+market_up,2244,1995,0.45012531328320804,0.44683182363854634,0.0032934896446616957,0.0016221045720295943,0.7936031984007996,False
discover-2026-09-24T07:38:18+00:00,2026-09-24T07:38:18+00:00,0106fab4dc2f35a2,ca09aadca6c719d7,5,discover,k5:bullish_harami+at_resistance+rvol_high,295,285,0.44912280701754387,0.44647799342362116,0.0026448135939227124,-0.000522802661486403,0.8995502248875562,False
discover-2026-09-24T07:38:18+00:00,2026-09-24T07:38:18+00:00,0106fab4dc2f35a2,ca09aadca6c719d7,5,discover,k5:bullish_harami+at_resistance+volume_dry,423,410,0.44878048780487806,0.44647799342362116,0.002302494381256903,-8.9563841141296e-05,0.9355322338830585,False
discover-2026-09-24T07:38:18+00:00,2026-09-24T07:38:18+00:00,0106fab4dc2f35a2,ca09aadca6c719d7,5,discover,k5:bullish_harami+at_support+breadth_positive,1633,1473,0.42023082145281737,0.44594121449348223,-0.02571039304066486,-0.003551936853383819,0.13493253373313344,False
discover-2026-09-24T07:38:18+00:00,2026-09-24T07:38:18+00:00,0106fab4dc2f35a2,ca09aadca6c719d7,5,discover,k5:bullish_harami+at_support+ma_50_rising,1922,1721,0.42823939570017433,0.44647799342362116,-0.018238597723446826,-0.004539070049172092,0.2478760619690155,False
discover-2026-09-24T07:38:18+00:00,2026-09-24T07:38:18+00:00,0106fab4dc2f35a2,ca09aadca6c719d7,5,discover,k5:bullish_harami+at_support+market_up,2374,2082,0.4241114313160423,0.44683182363854634,-0.022720392322504057,-0.002594065445249443,0.11394302848575712,False
discover-2026-09-24T07:38:18+00:00,2026-09-24T07:38:18+00:00,0106fab4dc2f35a2,ca09aadca6c719d7,5,discover,k5:bullish_harami+at_support+rvol_high,318,309,0.42071197411003236,0.44647799342362116,-0.025766019313588795,-0.0054786164064446604,0.39480259870064965,False
discover-2026-09-24T07:38:18+00:00,2026-09-24T07:38:18+00:00,0106fab4dc2f35a2,ca09aadca6c719d7,5,discover,k5:bullish_harami+at_support+volume_dry,671,643,0.4152410575427683,0.44647799342362116,-0.031236935880852856,-0.004274003196204668,0.10994502748625687,False
discover-2026-09-24T07:38:18+00:00,2026-09-24T07:38:18+00:00,0106fab4dc2f35a2,ca09aadca6c719d7,5,discover,k5:bullish_harami+breadth_positive+ma_50_rising,2802,2444,0.4509001636661211,0.4464890328279111,0.004411130838210042,-0.002432205202791226,0.8075962018990505,False
discover-2026-09-24T07:38:18+00:00,2026-09-24T07:38:18+00:00,0106fab4dc2f35a2,ca09aadca6c719d7,5,discover,k5:bullish_harami+breadth_positive+market_up,3943,3417,0.44834650278021654,0.44371662336911405,0.004629879411102489,-0.0015293463346064845,0.7706146926536732,False
discover-2026-09-24T07:38:18+00:00,2026-09-24T07:38:18+00:00,0106fab4dc2f35a2,ca09aadca6c719d7,5,discover,k5:bullish_harami+breadth_positive+rvol_high,531,508,0.44291338582677164,0.44467857945605754,-0.0017651936292858994,-0.0012830199575092655,0.9315342328835582,False
discover-2026-09-24T07:38:18+00:00,2026-09-24T07:38:18+00:00,0106fab4dc2f35a2,ca09aadca6c719d7,5,discover,k5:bullish_harami+breadth_positive+volume_dry,533,513,0.45614035087719296,0.44482762783547886,0.011312723041714101,-0.00014338974334566145,0.6816591704147926,False
discover-2026-09-24T07:38:18+00:00,2026-09-24T07:38:18+00:00,0106fab4dc2f35a2,ca09aadca6c719d7,5,discover,k5:bullish_harami+ma_50_rising+market_up,3907,3290,0.45775075987841946,0.44738177984302396,0.010368980035395492,1.776002218441371e-05,0.5307346326836582,False
discover-2026-09-24T07:38:18+00:00,2026-09-24T07:38:18+00:00,0106fab4dc2f35a2,ca09aadca6c719d7,5,discover,k5:bullish_harami+ma_50_rising+rvol_high,451,433,0.42032332563510394,0.44701895383129536,-0.026695628196191423,-0.007478602763131384,0.34382808595702147,False
discover-2026-09-24T07:38:18+00:00,2026-09-24T07:38:18+00:00,0106fab4dc2f35a2,ca09aadca6c719d7,5,discover,k5:bullish_harami+ma_50_rising+volume_dry,795,757,0.4557463672391017,0.44701895383129536,0.008727413407806361,-0.001915816706009169,0.6826586706646677,False
discover-2026-09-24T07:38:18+00:00,2026-09-24T07:38:18+00:00,0106fab4dc2f35a2,ca09aadca6c719d7,5,discover,k5:bullish_harami+market_up+rvol_high,658,629,0.43243243243243246,0.4445608870258076,-0.012128454593375138,-0.004539859312853928,0.6056971514242878,False
discover-2026-09-24T07:38:18+00:00,2026-09-24T07:38:18+00:00,0106fab4dc2f35a2,ca09aadca6c719d7,5,discover,k5:bullish_harami+market_up+volume_dry,797,754,0.4151193633952255,0.44465592268177556,-0.02953655928655008,-0.003188604596558816,0.12693653173413294,False
discover-2026-09-24T07:38:18+00:00,2026-09-24T07:38:18+00:00,0106fab4dc2f35a2,ca09aadca6c719d7,5,discover,k5:bullish_harami+rvol_high+volume_dry,0,0,,0.44539055713745945,,,1.0,False
discover-2026-09-24T07:38:18+00:00,2026-09-24T07:38:18+00:00,0106fab4dc2f35a2,ca09aadca6c719d7,5,discover,k5:bearish_harami,10858,9025,0.459612188365651,0.445239649384558,0.014372538981092975,0.00062984903188349,0.030984507746126936,False
discover-2026-09-24T07:38:18+00:00,2026-09-24T07:38:18+00:00,0106fab4dc2f35a2,ca09aadca6c719d7,5,discover,k5:bearish_harami+above_ma_50,6003,5053,0.4678408866020186,0.4459928272214062,0.021848059380612406,0.002030381436361585,0.0069965017491254375,False
discover-2026-09-24T07:38:18+00:00,2026-09-24T07:38:18+00:00,0106fab4dc2f35a2,ca09aadca6c719d7,5,discover,k5:bearish_harami+at_resistance,3468,3050,0.45934426229508196,0.44647799342362116,0.012866268871460806,0.0019523605051947578,0.19090454772613694,False
discover-2026-09-24T07:38:18+00:00,2026-09-24T07:38:18+00:00,0106fab4dc2f35a2,ca09aadca6c719d7,5,discover,k5:bearish_harami+at_support,3112,2753,0.451507446422085,0.44647799342362116,0.005029452998463857,-0.001367847964016205,0.6436781609195402,False
discover-2026-09-24T07:38:18+00:00,2026-09-24T07:38:18+00:00,0106fab4dc2f35a2,ca09aadca6c719d7,5,discover,k5:bearish_harami+breadth_positive,5190,4544,0.45994718309859156,0.44467857945605754,0.015268603642534018,0.001385725399056968,0.2028985507246377,False
discover-2026-09-24T07:38:18+00:00,2026-09-24T07:38:18+00:00,0106fab4dc2f35a2,ca09aadca6c719d7,5,discover,k5:bearish_harami+ma_50_rising,5622,4732,0.4640743871513102,0.44701895383129536,0.017055433320014857,0.0009201659138052356,0.03698150924537731,False
discover-2026-09-24T07:38:18+00:00,2026-09-24T07:38:18+00:00,0106fab4dc2f35a2,ca09aadca6c719d7,5,discover,k5:bearish_harami+market_up,6414,5464,0.46266471449487556,0.4445608870258076,0.018103827469067968,0.0016489368576503994,0.06796601699150424,False
discover-2026-09-24T07:38:18+00:00,2026-09-24T07:38:18+00:00,0106fab4dc2f35a2,ca09aadca6c719d7,5,discover,k5:bearish_harami+rvol_high,1417,1341,0.46308724832214765,0.445239649384558,0.017847598937589637,0.002737186176619979,0.27386306846576713,False
discover-2026-09-24T07:38:18+00:00,2026-09-24T07:38:18+00:00,0106fab4dc2f35a2,ca09aadca6c719d7,5,discover,k5:bearish_harami+volume_dry,1370,1260,0.45396825396825397,0.44539055713745945,0.008577696830794512,-0.000585170203120563,0.5637181409295352,False
discover-2026-09-24T07:38:18+00:00,2026-09-24T07:38:18+00:00,0106fab4dc2f35a2,ca09aadca6c719d7,5,discover,k5:bearish_harami+above_ma_50+at_resistance,2265,2008,0.46962151394422313,0.44647799342362116,0.02314352052060198,0.0037485074225699594,0.04597701149425287,False
discover-2026-09-24T07:38:18+00:00,2026-09-24T07:38:18+00:00,0106fab4dc2f35a2,ca09aadca6c719d7,5,discover,k5:bearish_harami+above_ma_50+at_support,1211,1113,0.46990116801437554,0.44647799342362116,0.02342317459075438,0.0022055575712330126,0.15792103948025987,False
discover-2026-09-24T07:38:18+00:00,2026-09-24T07:38:18+00:00,0106fab4dc2f35a2,ca09aadca6c719d7,5,discover,k5:bearish_harami+above_ma_50+breadth_positive,3372,2973,0.47023208879919276,0.44547991433577777,0.02475217446341499,0.0032192635341823437,0.05297351324337831,False
discover-2026-09-24T07:38:18+00:00,2026-09-24T07:38:18+00:00,0106fab4dc2f35a2,ca09aadca6c719d7,5,discover,k5:bearish_harami+above_ma_50+ma_50_rising,4645,3913,0.4681829798108868,0.44701895383129536,0.02116402597959144,0.0024260286758792664,0.013993003498250875,False
discover-2026-09-24T07:38:18+00:00,2026-09-24T07:38:18+00:00,0106fab4dc2f35a2,ca09aadca6c719d7,5,discover,k5:bearish_harami+above_ma_50+market_up,4391,3761,0.4674288752991226,0.44631547919824827,0.021113396100874315,0.0026981671015727125,0.0559720139930035,False
discover-2026-09-24T07:38:18+00:00,2026-09-24T07:38:18+00:00,0106fab4dc2f35a2,ca09aadca6c719d7,5,discover,k5:bearish_harami+above_ma_50+rvol_high,938,886,0.4650112866817156,0.4459928272214062,0.01901845946030939,0.0025778488748451154,0.3458270864567716,False
discover-2026-09-24T07:38:18+00:00,2026-09-24T07:38:18+00:00,0106fab4dc2f35a2,ca09aadca6c719d7,5,discover,k5:bearish_harami+above_ma_50+volume_dry,590,551,0.47368421052631576,0.4459928272214062,0.027691383304909556,0.0011544819519175918,0.20889555222388806,False
discover-2026-09-24T07:38:18+00:00,2026-09-24T07:38:18+00:00,0106fab4dc2f35a2,ca09aadca6c719d7,5,discover,k5:bearish_harami+at_resistance+at_support,1747,1573,0.4431023521932613,0.44647799342362116,-0.0033756412303598826,0.00010858781722618424,0.7806096951524237,False
discover-2026-09-24T07:38:18+00:00,2026-09-24T07:38:18+00:00,0106fab4dc2f35a2,ca09aadca6c719d7,5,discover,k5:bearish_harami+at_resistance+breadth_positive,1716,1565,0.465814696485623,0.44594121449348223,0.019873481992140785,0.0031125891545295643,0.21989005497251374,False
discover-2026-09-24T07:38:18+00:00,2026-09-24T07:38:18+00:00,0106fab4dc2f35a2,ca09aadca6c719d7,5,discover,k5:bearish_harami+at_resistance+ma_50_rising,1971,1743,0.46586345381526106,0.44647799342362116,0.019385460391639908,0.0030446827150555646,0.13793103448275862,False
discover-2026-09-24T07:38:18+00:00,2026-09-24T07:38:18+00:00,0106fab4dc2f35a2,ca09aadca6c719d7,5,discover,k5:bearish_harami+at_resistance+market_up,2224,1986,0.4637462235649547,0.44683182363854634,0.016914399926408363,0.003912841059138887,0.2178910544727636,False
discover-2026-09-24T07:38:18+00:00,2026-09-24T07:38:18+00:00,0106fab4dc2f35a2,ca09aadca6c719d7,5,discover,k5:bearish_harami+at_resistance+rvol_high,451,433,0.48267898383371827,0.44647799342362116,0.03620099041009711,0.004453647830413785,0.19590204897551225,False
discover-2026-09-24T07:38:18+00:00,2026-09-24T07:38:18+00:00,0106fab4dc2f35a2,ca09aadca6c719d7,5,discover,k5:bearish_harami+at_resistance+volume_dry,442,411,0.46715328467153283,0.44647799342362116,0.020675291247911676,0.002228920670872617,0.3888055972013993,False
discover-2026-09-24T07:38:18+00:00,2026-09-24T07:38:18+00:00,0106fab4dc2f35a2,ca09aadca6c719d7,5,discover,k5:bearish_harami+at_support+breadth_positive,1299,1187,0.45408593091828137,0.44594121449348223,0.008144716424799137,-0.0003365716767802965,0.6776611694152923,False
discover-2026-09-24T07:38:18+00:00,2026-09-24T07:38:18+00:00,0106fab4dc2f35a2,ca09aadca6c719d7,5,discover,k5:bearish_harami+at_support+ma_50_rising,1313,1191,0.45675902602854745,0.44647799342362116,0.010281032604926299,-0.00109775231418701,0.4947526236881559,False
discover-2026-09-24T07:38:18+00:00,2026-09-24T07:38:18+00:00,0106fab4dc2f35a2,ca09aadca6c719d7,5,discover,k5:bearish_harami+at_support+market_up,1758,1580,0.4582278481012658,0.44683182363854634,0.011396024462719478,0.0010346965347281093,0.44577711144427784,False
discover-2026-09-24T07:38:18+00:00,2026-09-24T07:38:18+00:00,0106fab4dc2f35a2,ca09aadca6c719d7,5,discover,k5:bearish_harami+at_support+rvol_high,335,326,0.42024539877300615,0.44647799342362116,-0.026232594650615004,-0.0028567716240533335,0.36881559220389803,False
discover-2026-09-24T07:38:18+00:00,2026-09-24T07:38:18+00:00,0106fab4dc2f35a2,ca09aadca6c719d7,5,discover,k5:bearish_harami+at_support+volume_dry,516,493,0.4665314401622718,0.44647799342362116,0.02005344673865067,0.0014778611193289354,0.3868065967016492,False
discover-2026-09-24T07:38:18+00:00,2026-09-24T07:38:18+00:00,0106fab4dc2f35a2,ca09aadca6c719d7,5,discover,k5:bearish_harami+breadth_positive+ma_50_rising,2847,2501,0.4622151139544182,0.4464890328279111,0.01572608112650714,0.002239592465427951,0.25787106446776614,False
discover-2026-09-24T07:38:18+00:00,2026-09-24T07:38:18+00:00,0106fab4dc2f35a2,ca09aadca6c719d7,5,discover,k5:bearish_harami+breadth_positive+market_up,3953,3477,0.46879493816508483,0.44371662336911405,0.02507831479597078,0.0028543748924115264,0.07196401799100449,False
discover-2026-09-24T07:38:18+00:00,2026-09-24T07:38:18+00:00,0106fab4dc2f35a2,ca09aadca6c719d7,5,discover,k5:bearish_harami+breadth_positive+rvol_high,823,787,0.4675984752223634,0.44467857945605754,0.022919895766305876,0.0033929631915270175,0.2868565717141429,False
discover-2026-09-24T07:38:18+00:00,2026-09-24T07:38:18+00:00,0106fab4dc2f35a2,ca09aadca6c719d7,5,discover,k5:bearish_harami+breadth_positive+volume_dry,491,466,0.45278969957081544,0.44482762783547886,0.007962071735336584,0.0035205452322604556,0.7336331834082959,False
discover-2026-09-24T07:38:18+00:00,2026-09-24T07:38:18+00:00,0106fab4dc2f35a2,ca09aadca6c719d7,5,discover,k5:bearish_harami+ma_50_rising+market_up,3871,3326,0.4678292242934456,0.44738177984302396,0.020447444450421626,0.002197867106020234,0.08195902048975512,False
discover-2026-09-24T07:38:18+00:00,2026-09-24T07:38:18+00:00,0106fab4dc2f35a2,ca09aadca6c719d7,5,discover,k5:bearish_harami+ma_50_rising+rvol_high,729,694,0.47262247838616717,0.44701895383129536,0.025603524554871804,0.0033762308985053483,0.17991004497751126,False
discover-2026-09-24T07:38:18+00:00,2026-09-24T07:38:18+00:00,0106fab4dc2f35a2,ca09aadca6c719d7,5,discover,k5:bearish_harami+ma_50_rising+volume_dry,708,660,0.44393939393939397,0.44701895383129536,-0.0030795598919013956,-0.001441424139242107,0.879560219890055,False
discover-2026-09-24T07:38:18+00:00,2026-09-24T07:38:18+00:00,0106fab4dc2f35a2,ca09aadca6c719d7,5,discover,k5:bearish_harami+market_up+rvol_high,938,888,0.4650900900900901,0.4445608870258076,0.02052920306428252,0.0022777169234316362,0.3098450774612694,False
discover-2026-09-24T07:38:18+00:00,2026-09-24T07:38:18+00:00,0106fab4dc2f35a2,ca09aadca6c719d7,5,discover,k5:bearish_harami+market_up+volume_dry,641,605,0.4644628099173554,0.44465592268177556,0.01980688723557983,0.001878084716862344,0.3778110944527736,False
discover-2026-09-24T07:38:18+00:00,2026-09-24T07:38:18+00:00,0106fab4dc2f35a2,ca09aadca6c719d7,5,discover,k5:bearish_harami+rvol_high+volume_dry,0,0,,0.44539055713745945,,,1.0,False
discover-2026-09-24T07:38:18+00:00,2026-09-24T07:38:18+00:00,0106fab4dc2f35a2,ca09aadca6c719d7,5,discover,k5:piercing_line,1342,1306,0.45329249617151607,0.44598664541294175,0.007305850758574317,-0.004020996687741449,0.656671664167916,False
discover-2026-09-24T07:38:18+00:00,2026-09-24T07:38:18+00:00,0106fab4dc2f35a2,ca09aadca6c719d7,5,discover,k5:piercing_line+above_ma_50,665,652,0.4539877300613497,0.4459928272214062,0.007994902839943474,-0.004229353026276145,0.703648175912044,False
discover-2026-09-24T07:38:18+00:00,2026-09-24T07:38:18+00:00,0106fab4dc2f35a2,ca09aadca6c719d7,5,discover,k5:piercing_line+at_resistance,338,334,0.45808383233532934,0.44647799342362116,0.011605838911708188,-0.000478081635445406,0.671664167916042,False
discover-2026-09-24T07:38:18+00:00,2026-09-24T07:38:18+00:00,0106fab4dc2f35a2,ca09aadca6c719d7,5,discover,k5:piercing_line+at_support,326,322,0.41304347826086957,0.44647799342362116,-0.03343451516275159,-0.005876526055498115,0.2698650674662669,False
discover-2026-09-24T07:38:18+00:00,2026-09-24T07:38:18+00:00,0106fab4dc2f35a2,ca09aadca6c719d7,5,discover,k5:piercing_line+breadth_positive,589,580,0.45689655172413796,0.44637374109555394,0.010522810628584012,-0.0018625368410740734,0.6956521739130435,False
discover-2026-09-24T07:38:18+00:00,2026-09-24T07:38:18+00:00,0106fab4dc2f35a2,ca09aadca6c719d7,5,discover,k5:piercing_line+ma_50_rising,681,666,0.46996996996997,0.44701895383129536,0.022951016138674618,-0.00449098632619689,0.2908545727136432,False
discover-2026-09-24T07:38:18+00:00,2026-09-24T07:38:18+00:00,0106fab4dc2f35a2,ca09aadca6c719d7,5,discover,k5:piercing_line+market_up,727,715,0.44755244755244755,0.4440722629615829,0.0034801845908646323,-0.004152670904871561,0.8415792103948025,False
discover-2026-09-24T07:38:18+00:00,2026-09-24T07:38:18+00:00,0106fab4dc2f35a2,ca09aadca6c719d7,5,discover,k5:piercing_line+rvol_high,168,167,0.46706586826347307,0.4451691663760028,0.021896701887470282,-0.004276794026365536,0.6036981509245377,False
discover-2026-09-24T07:38:18+00:00,2026-09-24T07:38:18+00:00,0106fab4dc2f35a2,ca09aadca6c719d7,5,discover,k5:piercing_line+volume_dry,168,166,0.39759036144578314,0.44539055713745945,-0.04780019569167632,-0.009648793539514536,0.29185407296351823,False
discover-2026-09-24T07:38:18+00:00,2026-09-24T07:38:18+00:00,0106fab4dc2f35a2,ca09aadca6c719d7,5,discover,k5:piercing_line+above_ma_50+at_resistance,227,225,0.4622222222222222,0.44647799342362116,0.015744228798601045,0.0008422723999445905,0.6426786606696652,False
discover-2026-09-24T07:38:18+00:00,2026-09-24T07:38:18+00:00,0106fab4dc2f35a2,ca09aadca6c719d7,5,discover,k5:piercing_line+above_ma_50+at_support,156,155,0.432258064516129,0.44647799342362116,-0.01421992890749213,-0.0026788189552473156,0.7396301849075462,False
discover-2026-09-24T07:38:18+00:00,2026-09-24T07:38:18+00:00,0106fab4dc2f35a2,ca09aadca6c719d7,5,discover,k5:piercing_line+above_ma_50+breadth_positive,355,351,0.45014245014245013,0.44547991433577777,0.004662535806672363,-0.0037428361626046687,0.8785607196401799,False
discover-2026-09-24T07:38:18+00:00,2026-09-24T07:38:18+00:00,0106fab4dc2f35a2,ca09aadca6c719d7,5,discover,k5:piercing_line+above_ma_50+ma_50_rising,544,535,0.48411214953271026,0.44701895383129536,0.037093195701414894,-0.0026293805119202204,0.111944027986007,False
discover-2026-09-24T07:38:18+00:00,2026-09-24T07:38:18+00:00,0106fab4dc2f35a2,ca09aadca6c719d7,5,discover,k5:piercing_line+above_ma_50+market_up,486,479,0.4613778705636743,0.44631547919824827,0.015062391365426031,-0.0038989019652183455,0.5247376311844077,False
discover-2026-09-24T07:38:18+00:00,2026-09-24T07:38:18+00:00,0106fab4dc2f35a2,ca09aadca6c719d7,5,discover,k5:piercing_line+above_ma_50+rvol_high,87,86,0.43023255813953487,0.4459928272214062,-0.015760269081871336,-0.006574264876833193,0.7946026986506747,False
discover-2026-09-24T07:38:18+00:00,2026-09-24T07:38:18+00:00,0106fab4dc2f35a2,ca09aadca6c719d7,5,discover,k5:piercing_line+above_ma_50+volume_dry,81,81,0.43209876543209874,0.4459928272214062,-0.013894061789307466,-0.006675140721060437,0.8065967016491754,False
discover-2026-09-24T07:38:18+00:00,2026-09-24T07:38:18+00:00,0106fab4dc2f35a2,ca09aadca6c719d7,5,discover,k5:piercing_line+at_resistance+at_support,181,179,0.4245810055865922,0.44647799342362116,-0.02189698783702898,-0.003785344205841344,0.5997001499250375,False
discover-2026-09-24T07:38:18+00:00,2026-09-24T07:38:18+00:00,0106fab4dc2f35a2,ca09aadca6c719d7,5,discover,k5:piercing_line+at_resistance+breadth_positive,146,145,0.43448275862068964,0.44594121449348223,-0.011458455872792594,-0.0015618816264960278,0.7626186906546727,False
discover-2026-09-24T07:38:18+00:00,2026-09-24T07:38:18+00:00,0106fab4dc2f35a2,ca09aadca6c719d7,5,discover,k5:piercing_line+at_resistance+ma_50_rising,208,207,0.5024154589371981,0.44647799342362116,0.05593746551357692,0.0021034705862197607,0.11094452773613193,False
discover-2026-09-24T07:38:18+00:00,2026-09-24T07:38:18+00:00,0106fab4dc2f35a2,ca09aadca6c719d7,5,discover,k5:piercing_line+at_resistance+market_up,202,201,0.472636815920398,0.44683182363854634,0.02580499228185168,0.0038301262762793164,0.5317341329335332,False
discover-2026-09-24T07:38:18+00:00,2026-09-24T07:38:18+00:00,0106fab4dc2f35a2,ca09aadca6c719d7,5,discover,k5:piercing_line+at_resistance+rvol_high,36,36,0.4166666666666667,0.44647799342362116,-0.02981132675695447,0.0009417140021149912,0.7096451774112944,False
discover-2026-09-24T07:38:18+00:00,2026-09-24T07:38:18+00:00,0106fab4dc2f35a2,ca09aadca6c719d7,5,discover,k5:piercing_line+at_resistance+volume_dry,51,50,0.48,0.44647799342362116,0.03352200657637883,-0.003139172462667101,0.6136931534232883,False
discover-2026-09-24T07:38:18+00:00,2026-09-24T07:38:18+00:00,0106fab4dc2f35a2,ca09aadca6c719d7,5,discover,k5:piercing_line+at_support+breadth_positive,130,130,0.4461538461538462,0.44594121449348223,0.00021263166036394887,-0.0007343512395918846,0.991504247876062,False
discover-2026-09-24T07:38:18+00:00,2026-09-24T07:38:18+00:00,0106fab4dc2f35a2,ca09aadca6c719d7,5,discover,k5:piercing_line+at_support+ma_50_rising,170,168,0.43452380952380953,0.44647799342362116,-0.011954183899811621,-0.006025593572843118,0.7916041979010495,False
discover-2026-09-24T07:38:18+00:00,2026-09-24T07:38:18+00:00,0106fab4dc2f35a2,ca09aadca6c719d7,5,discover,k5:piercing_line+at_support+market_up,183,183,0.4426229508196721,0.44683182363854634,-0.004208872818874221,0.0009615539944647191,0.9035482258870565,False
discover-2026-09-24T07:38:18+00:00,2026-09-24T07:38:18+00:00,0106fab4dc2f35a2,ca09aadca6c719d7,5,discover,k5:piercing_line+at_support+rvol_high,35,35,0.3142857142857143,0.44647799342362116,-0.13219227913790688,-0.02018870761079839,0.111944027986007,False
discover-2026-09-24T07:38:18+00:00,2026-09-24T07:38:18+00:00,0106fab4dc2f35a2,ca09aadca6c719d7,5,discover,k5:piercing_line+at_support+volume_dry,70,70,0.4714285714285714,0.44647799342362116,0.024950578004950263,0.0036511080196510886,0.6786606696651675,False
discover-2026-09-24T07:38:18+00:00,2026-09-24T07:38:18+00:00,0106fab4dc2f35a2,ca09aadca6c719d7,5,discover,k5:piercing_line+breadth_positive+ma_50_rising,325,321,0.4672897196261682,0.4464890328279111,0.02080068679825714,-0.0018714134367822906,0.5287356321839081,False
discover-2026-09-24T07:38:18+00:00,2026-09-24T07:38:18+00:00,0106fab4dc2f35a2,ca09aadca6c719d7,5,discover,k5:piercing_line+breadth_positive+market_up,428,422,0.4597156398104265,0.4435198760021891,0.016195763808237396,-0.0022927238339521512,0.592703648175912,False
discover-2026-09-24T07:38:18+00:00,2026-09-24T07:38:18+00:00,0106fab4dc2f35a2,ca09aadca6c719d7,5,discover,k5:piercing_line+breadth_positive+rvol_high,86,86,0.4418604651162791,0.4446161483521763,-0.0027556832358971994,-0.008763317269007824,0.9145427286356822,False
discover-2026-09-24T07:38:18+00:00,2026-09-24T07:38:18+00:00,0106fab4dc2f35a2,ca09aadca6c719d7,5,discover,k5:piercing_line+breadth_positive+volume_dry,58,57,0.5087719298245614,0.44482762783547886,0.06394430198908257,0.011582811445850091,0.39780109945027486,False
discover-2026-09-24T07:38:18+00:00,2026-09-24T07:38:18+00:00,0106fab4dc2f35a2,ca09aadca6c719d7,5,discover,k5:piercing_line+ma_50_rising+market_up,452,445,0.4696629213483146,0.44738177984302396,0.022281141505290647,-0.003463065077989249,0.40379810094952523,False
discover-2026-09-24T07:38:18+00:00,2026-09-24T07:38:18+00:00,0106fab4dc2f35a2,ca09aadca6c719d7,5,discover,k5:piercing_line+ma_50_rising+rvol_high,84,83,0.4578313253012048,0.44701895383129536,0.010812371469909432,-0.007182184104552356,0.8185907046476761,False
discover-2026-09-24T07:38:18+00:00,2026-09-24T07:38:18+00:00,0106fab4dc2f35a2,ca09aadca6c719d7,5,discover,k5:piercing_line+ma_50_rising+volume_dry,87,87,0.3793103448275862,0.44701895383129536,-0.06770860900370917,-0.014074555356476288,0.25987006496751625,False
discover-2026-09-24T07:38:18+00:00,2026-09-24T07:38:18+00:00,0106fab4dc2f35a2,ca09aadca6c719d7,5,discover,k5:piercing_line+market_up+rvol_high,95,95,0.43157894736842106,0.44439564125395803,-0.012816693885536967,-0.011705611283794508,0.7986006996501749,False
discover-2026-09-24T07:38:18+00:00,2026-09-24T07:38:18+00:00,0106fab4dc2f35a2,ca09aadca6c719d7,5,discover,k5:piercing_line+market_up+volume_dry,83,81,0.41975308641975306,0.44465592268177556,-0.0249028362620225,-0.006648589783841593,0.6986506746626686,False
discover-2026-09-24T07:38:18+00:00,2026-09-24T07:38:18+00:00,0106fab4dc2f35a2,ca09aadca6c719d7,5,discover,k5:piercing_line+rvol_high+volume_dry,0,0,,0.44539055713745945,,,1.0,False
discover-2026-09-24T07:38:18+00:00,2026-09-24T07:38:18+00:00,0106fab4dc2f35a2,ca09aadca6c719d7,5,discover,k5:dark_cloud_cover,1773,1704,0.45305164319248825,0.44598664541294175,0.0070649977795465,-0.0015547888477779128,0.6226886556721639,False
discover-2026-09-24T07:38:18+00:00,2026-09-24T07:38:18+00:00,0106fab4dc2f35a2,ca09aadca6c719d7,5,discover,k5:dark_cloud_cover+above_ma_50,922,883,0.47451868629671573,0.4459928272214062,0.028525859075309523,0.002562269938212305,0.13493253373313344,False
discover-2026-09-24T07:38:18+00:00,2026-09-24T07:38:18+00:00,0106fab4dc2f35a2,ca09aadca6c719d7,5,discover,k5:dark_cloud_cover+at_resistance,461,452,0.4778761061946903,0.44647799342362116,0.03139811277106913,0.0012425813727391126,0.16991504247876063,False
discover-2026-09-24T07:38:18+00:00,2026-09-24T07:38:18+00:00,0106fab4dc2f35a2,ca09aadca6c719d7,5,discover,k5:dark_cloud_cover+at_support,452,443,0.435665914221219,0.44647799342362116,-0.01081207920240218,-0.0015861607827546333,0.6816591704147926,False
discover-2026-09-24T07:38:18+00:00,2026-09-24T07:38:18+00:00,0106fab4dc2f35a2,ca09aadca6c719d7,5,discover,k5:dark_cloud_cover+breadth_positive,910,884,0.4638009049773756,0.44637374109555394,0.01742716388182164,0.0036192786492060237,0.4017991004497751,False
discover-2026-09-24T07:38:18+00:00,2026-09-24T07:38:18+00:00,0106fab4dc2f35a2,ca09aadca6c719d7,5,discover,k5:dark_cloud_cover+ma_50_rising,921,883,0.4971687429218573,0.44701895383129536,0.05014978909056195,0.003552151416991617,0.01699150424787606,False
discover-2026-09-24T07:38:18+00:00,2026-09-24T07:38:18+00:00,0106fab4dc2f35a2,ca09aadca6c719d7,5,discover,k5:dark_cloud_cover+market_up,1090,1045,0.46411483253588515,0.4440722629615829,0.020042569574302227,0.0006418926125815138,0.30684657671164417,False
discover-2026-09-24T07:38:18+00:00,2026-09-24T07:38:18+00:00,0106fab4dc2f35a2,ca09aadca6c719d7,5,discover,k5:dark_cloud_cover+rvol_high,215,211,0.4218009478672986,0.4451691663760028,-0.023368218508704186,-0.0027388850640085046,0.5327336331834083,False
discover-2026-09-24T07:38:18+00:00,2026-09-24T07:38:18+00:00,0106fab4dc2f35a2,ca09aadca6c719d7,5,discover,k5:dark_cloud_cover+volume_dry,207,207,0.5314009661835749,0.44539055713745945,0.08601040904611545,0.0033929841124444404,0.014992503748125937,False
discover-2026-09-24T07:38:18+00:00,2026-09-24T07:38:18+00:00,0106fab4dc2f35a2,ca09aadca6c719d7,5,discover,k5:dark_cloud_cover+above_ma_50+at_resistance,261,255,0.5254901960784314,0.44647799342362116,0.07901220265481024,0.0052483003916712605,0.015992003998001,False
discover-2026-09-24T07:38:18+00:00,2026-09-24T07:38:18+00:00,0106fab4dc2f35a2,ca09aadca6c719d7,5,discover,k5:dark_cloud_cover+above_ma_50+at_support,152,150,0.44666666666666666,0.44647799342362116,0.0001886732430455007,0.005075902862345837,0.9785107446276862,False
discover-2026-09-24T07:38:18+00:00,2026-09-24T07:38:18+00:00,0106fab4dc2f35a2,ca09aadca6c719d7,5,discover,k5:dark_cloud_cover+above_ma_50+breadth_positive,566,546,0.489010989010989,0.44547991433577777,0.04353107467521122,0.006008337561737456,0.09195402298850575,False
discover-2026-09-24T07:38:18+00:00,2026-09-24T07:38:18+00:00,0106fab4dc2f35a2,ca09aadca6c719d7,5,discover,k5:dark_cloud_cover+above_ma_50+ma_50_rising,753,722,0.4916897506925208,0.44701895383129536,0.04467079686122544,0.0044850551218898445,0.041979010494752625,False
discover-2026-09-24T07:38:18+00:00,2026-09-24T07:38:18+00:00,0106fab4dc2f35a2,ca09aadca6c719d7,5,discover,k5:dark_cloud_cover+above_ma_50+market_up,724,693,0.4862914862914863,0.44631547919824827,0.03997600709323801,0.004679414068894813,0.07896051974012994,False
discover-2026-09-24T07:38:18+00:00,2026-09-24T07:38:18+00:00,0106fab4dc2f35a2,ca09aadca6c719d7,5,discover,k5:dark_cloud_cover+above_ma_50+rvol_high,149,145,0.4482758620689655,0.4459928272214062,0.0022830348475593176,0.0026464526680573947,0.9695152423788106,False
discover-2026-09-24T07:38:18+00:00,2026-09-24T07:38:18+00:00,0106fab4dc2f35a2,ca09aadca6c719d7,5,discover,k5:dark_cloud_cover+above_ma_50+volume_dry,94,94,0.5531914893617021,0.4459928272214062,0.10719866214029594,0.005944412662109041,0.04297851074462768,False
discover-2026-09-24T07:38:18+00:00,2026-09-24T07:38:18+00:00,0106fab4dc2f35a2,ca09aadca6c719d7,5,discover,k5:dark_cloud_cover+at_resistance+at_support,264,260,0.4230769230769231,0.44647799342362116,-0.023401070346698083,-0.0032775336634497817,0.4757621189405297,False
discover-2026-09-24T07:38:18+00:00,2026-09-24T07:38:18+00:00,0106fab4dc2f35a2,ca09aadca6c719d7,5,discover,k5:dark_cloud_cover+at_resistance+breadth_positive,243,237,0.45147679324894513,0.44594121449348223,0.0055355787554629,-0.00030609774799493256,0.8755622188905547,False
discover-2026-09-24T07:38:18+00:00,2026-09-24T07:38:18+00:00,0106fab4dc2f35a2,ca09aadca6c719d7,5,discover,k5:dark_cloud_cover+at_resistance+ma_50_rising,261,257,0.5291828793774319,0.44647799342362116,0.08270488595381076,0.00602891752605404,0.014992503748125937,False
discover-2026-09-24T07:38:18+00:00,2026-09-24T07:38:18+00:00,0106fab4dc2f35a2,ca09aadca6c719d7,5,discover,k5:dark_cloud_cover+at_resistance+market_up,311,304,0.4967105263157895,0.44683182363854634,0.04987870267724315,0.0034025032114629755,0.051974012993503245,False
discover-2026-09-24T07:38:18+00:00,2026-09-24T07:38:18+00:00,0106fab4dc2f35a2,ca09aadca6c719d7,5,discover,k5:dark_cloud_cover+at_resistance+rvol_high,46,46,0.30434782608695654,0.44647799342362116,-0.14213016733666461,-0.018667626505131166,0.021989005497251374,False
discover-2026-09-24T07:38:18+00:00,2026-09-24T07:38:18+00:00,0106fab4dc2f35a2,ca09aadca6c719d7,5,discover,k5:dark_cloud_cover+at_resistance+volume_dry,52,52,0.5576923076923077,0.44647799342362116,0.11121431426868655,0.01097656965157681,0.09995002498750624,False
discover-2026-09-24T07:38:18+00:00,2026-09-24T07:38:18+00:00,0106fab4dc2f35a2,ca09aadca6c719d7,5,discover,k5:dark_cloud_cover+at_support+breadth_positive,197,193,0.38860103626943004,0.44594121449348223,-0.057340178224052185,-0.0037895497825039745,0.11394302848575712,False
discover-2026-09-24T07:38:18+00:00,2026-09-24T07:38:18+00:00,0106fab4dc2f35a2,ca09aadca6c719d7,5,discover,k5:dark_cloud_cover+at_support+ma_50_rising,201,196,0.4744897959183674,0.44647799342362116,0.02801180249474622,0.004230140475086319,0.47276361819090457,False
discover-2026-09-24T07:38:18+00:00,2026-09-24T07:38:18+00:00,0106fab4dc2f35a2,ca09aadca6c719d7,5,discover,k5:dark_cloud_cover+at_support+market_up,275,268,0.44776119402985076,0.44683182363854634,0.0009293703913044182,0.0034872394429240968,0.9855072463768116,False
discover-2026-09-24T07:38:18+00:00,2026-09-24T07:38:18+00:00,0106fab4dc2f35a2,ca09aadca6c719d7,5,discover,k5:dark_cloud_cover+at_support+rvol_high,46,46,0.2826086956521739,0.44647799342362116,-0.16386929777144726,-0.008601178859337312,0.004997501249375313,True
discover-2026-09-24T07:38:18+00:00,2026-09-24T07:38:18+00:00,0106fab4dc2f35a2,ca09aadca6c719d7,5,discover,k5:dark_cloud_cover+at_support+volume_dry,72,72,0.5555555555555556,0.44647799342362116,0.10907756213193442,0.0044918971179723766,0.047976011994003,False
discover-2026-09-24T07:38:18+00:00,2026-09-24T07:38:18+00:00,0106fab4dc2f35a2,ca09aadca6c719d7,5,discover,k5:dark_cloud_cover+breadth_positive+ma_50_rising,506,490,0.5020408163265306,0.4464890328279111,0.055551783498619556,0.006804763733444699,0.051974012993503245,False
discover-2026-09-24T07:38:18+00:00,2026-09-24T07:38:18+00:00,0106fab4dc2f35a2,ca09aadca6c719d7,5,discover,k5:dark_cloud_cover+breadth_positive+market_up,681,658,0.48024316109422494,0.4435198760021891,0.03672328509203582,0.004852608720644376,0.13693153423288357,False
discover-2026-09-24T07:38:18+00:00,2026-09-24T07:38:18+00:00,0106fab4dc2f35a2,ca09aadca6c719d7,5,discover,k5:dark_cloud_cover+breadth_positive+rvol_high,148,146,0.4520547945205479,0.4446161483521763,0.007438646168371643,0.00559634247319538,0.9115442278860569,False
discover-2026-09-24T07:38:18+00:00,2026-09-24T07:38:18+00:00,0106fab4dc2f35a2,ca09aadca6c719d7,5,discover,k5:dark_cloud_cover+breadth_positive+volume_dry,69,69,0.5362318840579711,0.44482762783547886,0.09140425622249221,0.013951997829144946,0.16591704147926037,False
discover-2026-09-24T07:38:18+00:00,2026-09-24T07:38:18+00:00,0106fab4dc2f35a2,ca09aadca6c719d7,5,discover,k5:dark_cloud_cover+ma_50_rising+market_up,681,652,0.49233128834355827,0.44738177984302396,0.04494950850053431,0.0051881925576922365,0.0769615192403798,False
discover-2026-09-24T07:38:18+00:00,2026-09-24T07:38:18+00:00,0106fab4dc2f35a2,ca09aadca6c719d7,5,discover,k5:dark_cloud_cover+ma_50_rising+rvol_high,115,111,0.4864864864864865,0.44701895383129536,0.03946753265519115,0.0069882158237776085,0.5067466266866567,False
discover-2026-09-24T07:38:18+00:00,2026-09-24T07:38:18+00:00,0106fab4dc2f35a2,ca09aadca6c719d7,5,discover,k5:dark_cloud_cover+ma_50_rising+volume_dry,123,123,0.5447154471544715,0.44701895383129536,0.09769649332317615,0.0037786740685638418,0.05897051474262868,False
discover-2026-09-24T07:38:18+00:00,2026-09-24T07:38:18+00:00,0106fab4dc2f35a2,ca09aadca6c719d7,5,discover,k5:dark_cloud_cover+market_up+rvol_high,145,142,0.4859154929577465,0.44439564125395803,0.04151985170378847,0.005397405793558007,0.3428285857071464,False
discover-2026-09-24T07:38:18+00:00,2026-09-24T07:38:18+00:00,0106fab4dc2f35a2,ca09aadca6c719d7,5,discover,k5:dark_cloud_cover+market_up+volume_dry,119,119,0.5462184873949579,0.44465592268177556,0.10156256471318237,0.006209821789924967,0.06496751624187906,False
discover-2026-09-24T07:38:18+00:00,2026-09-24T07:38:18+00:00,0106fab4dc2f35a2,ca09aadca6c719d7,5,discover,k5:dark_cloud_cover+rvol_high+volume_dry,0,0,,0.44539055713745945,,,1.0,False
discover-2026-09-24T07:38:18+00:00,2026-09-24T07:38:18+00:00,0106fab4dc2f35a2,ca09aadca6c719d7,5,discover,k5:morning_star,371,370,0.4027027027027027,0.44539055713745945,-0.042687854434756756,-0.010812637812564896,0.12593703148425786,False
discover-2026-09-24T07:38:18+00:00,2026-09-24T07:38:18+00:00,0106fab4dc2f35a2,ca09aadca6c719d7,5,discover,k5:morning_star+above_ma_50,236,235,0.425531914893617,0.4459928272214062,-0.020460912327789182,-0.007621476659866578,0.6086956521739131,False
discover-2026-09-24T07:38:18+00:00,2026-09-24T07:38:18+00:00,0106fab4dc2f35a2,ca09aadca6c719d7,5,discover,k5:morning_star+at_resistance,103,102,0.37254901960784315,0.44647799342362116,-0.07392897381577801,-0.008176049798523129,0.14592703648175911,False
discover-2026-09-24T07:38:18+00:00,2026-09-24T07:38:18+00:00,0106fab4dc2f35a2,ca09aadca6c719d7,5,discover,k5:morning_star+at_support,95,95,0.3684210526315789,0.44647799342362116,-0.07805694079204223,-0.007028092441588081,0.12293853073463268,False
discover-2026-09-24T07:38:18+00:00,2026-09-24T07:38:18+00:00,0106fab4dc2f35a2,ca09aadca6c719d7,5,discover,k5:morning_star+breadth_positive,187,186,0.41935483870967744,0.44482762783547886,-0.02547278912580142,-0.009509089845224195,0.5497251374312844,False
discover-2026-09-24T07:38:18+00:00,2026-09-24T07:38:18+00:00,0106fab4dc2f35a2,ca09aadca6c719d7,5,discover,k5:morning_star+ma_50_rising,230,230,0.41739130434782606,0.44701895383129536,-0.0296276494834693,-0.010146126743987025,0.41879060469765117,False
discover-2026-09-24T07:38:18+00:00,2026-09-24T07:38:18+00:00,0106fab4dc2f35a2,ca09aadca6c719d7,5,discover,k5:morning_star+market_up,238,238,0.4117647058823529,0.44465592268177556,-0.03289121679942264,-0.00886437967924896,0.3448275862068966,False
discover-2026-09-24T07:38:18+00:00,2026-09-24T07:38:18+00:00,0106fab4dc2f35a2,ca09aadca6c719d7,5,discover,k5:morning_star+rvol_high,107,107,0.37383177570093457,0.44539055713745945,-0.07155878143652489,-0.018738274736715712,0.13893053473263367,False
discover-2026-09-24T07:38:18+00:00,2026-09-24T07:38:18+00:00,0106fab4dc2f35a2,ca09aadca6c719d7,5,discover,k5:morning_star+volume_dry,29,29,0.3448275862068966,0.44539055713745945,-0.10056297093056288,-0.016812924372968555,1.0,False
discover-2026-09-24T07:38:18+00:00,2026-09-24T07:38:18+00:00,0106fab4dc2f35a2,ca09aadca6c719d7,5,discover,k5:morning_star+above_ma_50+at_resistance,75,74,0.43243243243243246,0.44647799342362116,-0.0140455609911887,0.0015949310519062937,0.7996001999000499,False
discover-2026-09-24T07:38:18+00:00,2026-09-24T07:38:18+00:00,0106fab4dc2f35a2,ca09aadca6c719d7,5,discover,k5:morning_star+above_ma_50+at_support,61,61,0.45901639344262296,0.44647799342362116,0.012538400019001805,0.0027236692111779317,0.8735632183908046,False
discover-2026-09-24T07:38:18+00:00,2026-09-24T07:38:18+00:00,0106fab4dc2f35a2,ca09aadca6c719d7,5,discover,k5:morning_star+above_ma_50+breadth_positive,145,144,0.4375,0.44547991433577777,-0.007979914335777771,-0.009394406012681187,0.895552223888056,False
discover-2026-09-24T07:38:18+00:00,2026-09-24T07:38:18+00:00,0106fab4dc2f35a2,ca09aadca6c719d7,5,discover,k5:morning_star+above_ma_50+ma_50_rising,198,198,0.43434343434343436,0.44701895383129536,-0.012675519487860998,-0.00724838935141487,0.784607696151924,False
discover-2026-09-24T07:38:18+00:00,2026-09-24T07:38:18+00:00,0106fab4dc2f35a2,ca09aadca6c719d7,5,discover,k5:morning_star+above_ma_50+market_up,190,190,0.4473684210526316,0.44631547919824827,0.0010529418543833158,-0.004353083983621574,0.9315342328835582,False
discover-2026-09-24T07:38:18+00:00,2026-09-24T07:38:18+00:00,0106fab4dc2f35a2,ca09aadca6c719d7,5,discover,k5:morning_star+above_ma_50+rvol_high,78,78,0.41025641025641024,0.4459928272214062,-0.035736416964995965,-0.015562201069625315,0.5347326336831584,False
discover-2026-09-24T07:38:18+00:00,2026-09-24T07:38:18+00:00,0106fab4dc2f35a2,ca09aadca6c719d7,5,discover,k5:morning_star+above_ma_50+volume_dry,18,18,0.2777777777777778,0.4459928272214062,-0.16821504944362842,-0.019988708185329274,1.0,False
discover-2026-09-24T07:38:18+00:00,2026-09-24T07:38:18+00:00,0106fab4dc2f35a2,ca09aadca6c719d7,5,discover,k5:morning_star+at_resistance+at_support,61,61,0.3770491803278688,0.44647799342362116,-0.06942881309575233,-0.00455644487590264,0.2288855572213893,False
discover-2026-09-24T07:38:18+00:00,2026-09-24T07:38:18+00:00,0106fab4dc2f35a2,ca09aadca6c719d7,5,discover,k5:morning_star+at_resistance+breadth_positive,53,52,0.40384615384615385,0.44594121449348223,-0.042095060647328375,-0.0019358516797752844,0.49075462268865566,False
discover-2026-09-24T07:38:18+00:00,2026-09-24T07:38:18+00:00,0106fab4dc2f35a2,ca09aadca6c719d7,5,discover,k5:morning_star+at_resistance+ma_50_rising,65,65,0.4,0.44647799342362116,-0.04647799342362113,-0.006311403591188515,0.4287856071964018,False
discover-2026-09-24T07:38:18+00:00,2026-09-24T07:38:18+00:00,0106fab4dc2f35a2,ca09aadca6c719d7,5,discover,k5:morning_star+at_resistance+market_up,75,75,0.38666666666666666,0.44683182363854634,-0.060165156971879685,-0.0014033661353517186,0.3028485757121439,False
discover-2026-09-24T07:38:18+00:00,2026-09-24T07:38:18+00:00,0106fab4dc2f35a2,ca09aadca6c719d7,5,discover,k5:morning_star+at_resistance+rvol_high,36,36,0.3333333333333333,0.44647799342362116,-0.11314466009028784,-0.01781462614055609,0.17091454272863568,False
discover-2026-09-24T07:38:18+00:00,2026-09-24T07:38:18+00:00,0106fab4dc2f35a2,ca09aadca6c719d7,5,discover,k5:morning_star+at_resistance+volume_dry,7,7,0.5714285714285714,0.44647799342362116,0.12495057800495024,0.002788817012895287,1.0,False
discover-2026-09-24T07:38:18+00:00,2026-09-24T07:38:18+00:00,0106fab4dc2f35a2,ca09aadca6c719d7,5,discover,k5:morning_star+at_support+breadth_positive,46,46,0.391304347826087,0.44594121449348223,-0.054636866667395256,-0.006516875027073063,0.46276861569215394,False
discover-2026-09-24T07:38:18+00:00,2026-09-24T07:38:18+00:00,0106fab4dc2f35a2,ca09aadca6c719d7,5,discover,k5:morning_star+at_support+ma_50_rising,61,61,0.4098360655737705,0.44647799342362116,-0.03664192784985065,-0.0031614532818876936,0.5327336331834083,False
discover-2026-09-24T07:38:18+00:00,2026-09-24T07:38:18+00:00,0106fab4dc2f35a2,ca09aadca6c719d7,5,discover,k5:morning_star+at_support+market_up,63,63,0.36507936507936506,0.44683182363854634,-0.08175245855918128,-0.004852251949551789,0.19390304847576212,False
discover-2026-09-24T07:38:18+00:00,2026-09-24T07:38:18+00:00,0106fab4dc2f35a2,ca09aadca6c719d7,5,discover,k5:morning_star+at_support+rvol_high,23,23,0.2608695652173913,0.44647799342362116,-0.18560842820622986,-0.02083914728968787,1.0,False
discover-2026-09-24T07:38:18+00:00,2026-09-24T07:38:18+00:00,0106fab4dc2f35a2,ca09aadca6c719d7,5,discover,k5:morning_star+at_support+volume_dry,11,11,0.36363636363636365,0.44647799342362116,-0.08284162978725751,-0.008210678905989276,1.0,False
discover-2026-09-24T07:38:18+00:00,2026-09-24T07:38:18+00:00,0106fab4dc2f35a2,ca09aadca6c719d7,5,discover,k5:morning_star+breadth_positive+ma_50_rising,131,131,0.44274809160305345,0.4464890328279111,-0.00374094122485763,-0.008789331867405053,0.9675162418790605,False
discover-2026-09-24T07:38:18+00:00,2026-09-24T07:38:18+00:00,0106fab4dc2f35a2,ca09aadca6c719d7,5,discover,k5:morning_star+breadth_positive+market_up,155,155,0.4258064516129032,0.44380957897524165,-0.018003127362338445,-0.009541235704584308,0.7146426786606697,False
discover-2026-09-24T07:38:18+00:00,2026-09-24T07:38:18+00:00,0106fab4dc2f35a2,ca09aadca6c719d7,5,discover,k5:morning_star+breadth_positive+rvol_high,66,66,0.42424242424242425,0.44482762783547886,-0.020585203593054602,-0.014200243230911368,0.7386306846576711,False
discover-2026-09-24T07:38:18+00:00,2026-09-24T07:38:18+00:00,0106fab4dc2f35a2,ca09aadca6c719d7,5,discover,k5:morning_star+breadth_positive+volume_dry,10,10,0.3,0.44482762783547886,-0.14482762783547887,-0.01429138391311533,1.0,False
discover-2026-09-24T07:38:18+00:00,2026-09-24T07:38:18+00:00,0106fab4dc2f35a2,ca09aadca6c719d7,5,discover,k5:morning_star+ma_50_rising+market_up,177,177,0.4519774011299435,0.44738177984302396,0.004595621286919538,-0.004519115380695595,0.8845577211394303,False
discover-2026-09-24T07:38:18+00:00,2026-09-24T07:38:18+00:00,0106fab4dc2f35a2,ca09aadca6c719d7,5,discover,k5:morning_star+ma_50_rising+rvol_high,60,60,0.43333333333333335,0.44701895383129536,-0.013685620497962014,-0.017880383767020672,0.8245877061469266,False
discover-2026-09-24T07:38:18+00:00,2026-09-24T07:38:18+00:00,0106fab4dc2f35a2,ca09aadca6c719d7,5,discover,k5:morning_star+ma_50_rising+volume_dry,17,17,0.29411764705882354,0.44701895383129536,-0.15290130677247182,-0.019731794806109974,1.0,False
discover-2026-09-24T07:38:18+00:00,2026-09-24T07:38:18+00:00,0106fab4dc2f35a2,ca09aadca6c719d7,5,discover,k5:morning_star+market_up+rvol_high,80,80,0.4,0.44465592268177556,-0.04465592268177554,-0.018292333260709604,0.41679160419790107,False
discover-2026-09-24T07:38:18+00:00,2026-09-24T07:38:18+00:00,0106fab4dc2f35a2,ca09aadca6c719d7,5,discover,k5:morning_star+market_up+volume_dry,14,14,0.21428571428571427,0.44465592268177556,-0.2303702083960613,-0.02484052441228576,1.0,False
discover-2026-09-24T07:38:18+00:00,2026-09-24T07:38:18+00:00,0106fab4dc2f35a2,ca09aadca6c719d7,5,discover,k5:morning_star+rvol_high+volume_dry,0,0,,0.44539055713745945,,,1.0,False
discover-2026-09-24T07:38:18+00:00,2026-09-24T07:38:18+00:00,0106fab4dc2f35a2,ca09aadca6c719d7,5,discover,k5:evening_star,406,404,0.4306930693069307,0.44539055713745945,-0.014697487830528766,-0.001348480366141014,0.527736131934033,False
discover-2026-09-24T07:38:18+00:00,2026-09-24T07:38:18+00:00,0106fab4dc2f35a2,ca09aadca6c719d7,5,discover,k5:evening_star+above_ma_50,225,223,0.484304932735426,0.4459928272214062,0.03831210551401981,0.007476593653529079,0.18990504747626186,False
discover-2026-09-24T07:38:18+00:00,2026-09-24T07:38:18+00:00,0106fab4dc2f35a2,ca09aadca6c719d7,5,discover,k5:evening_star+at_resistance,120,120,0.35833333333333334,0.44647799342362116,-0.08814466009028782,-0.0039852180769091835,0.020989505247376312,False
discover-2026-09-24T07:38:18+00:00,2026-09-24T07:38:18+00:00,0106fab4dc2f35a2,ca09aadca6c719d7,5,discover,k5:evening_star+at_support,107,107,0.4205607476635514,0.44647799342362116,-0.025917245760069763,-0.0009692286872567916,0.5717141429285357,False
discover-2026-09-24T07:38:18+00:00,2026-09-24T07:38:18+00:00,0106fab4dc2f35a2,ca09aadca6c719d7,5,discover,k5:evening_star+breadth_positive,184,183,0.4371584699453552,0.44482762783547886,-0.007669157890123679,-0.0006333442495386319,0.769615192403798,False
discover-2026-09-24T07:38:18+00:00,2026-09-24T07:38:18+00:00,0106fab4dc2f35a2,ca09aadca6c719d7,5,discover,k5:evening_star+ma_50_rising,227,226,0.49557522123893805,0.44701895383129536,0.048556267407642684,0.005038558898527641,0.10594702648675662,False
discover-2026-09-24T07:38:18+00:00,2026-09-24T07:38:18+00:00,0106fab4dc2f35a2,ca09aadca6c719d7,5,discover,k5:evening_star+market_up,253,252,0.43253968253968256,0.44465592268177556,-0.012116240142093004,0.00151668126071247,0.6346826586706646,False
discover-2026-09-24T07:38:18+00:00,2026-09-24T07:38:18+00:00,0106fab4dc2f35a2,ca09aadca6c719d7,5,discover,k5:evening_star+rvol_high,87,87,0.41379310344827586,0.44539055713745945,-0.0315974536891836,0.0006766987450630871,0.5207396301849075,False
discover-2026-09-24T07:38:18+00:00,2026-09-24T07:38:18+00:00,0106fab4dc2f35a2,ca09aadca6c719d7,5,discover,k5:evening_star+volume_dry,27,27,0.4444444444444444,0.44539055713745945,-0.0009461126930150332,-0.0022357835800477562,1.0,False
discover-2026-09-24T07:38:18+00:00,2026-09-24T07:38:18+00:00,0106fab4dc2f35a2,ca09aadca6c719d7,5,discover,k5:evening_star+above_ma_50+at_resistance,71,71,0.39436619718309857,0.44647799342362116,-0.05211179624052259,0.0044940222332051,0.31984007996002,False
discover-2026-09-24T07:38:18+00:00,2026-09-24T07:38:18+00:00,0106fab4dc2f35a2,ca09aadca6c719d7,5,discover,k5:evening_star+above_ma_50+at_support,37,37,0.5135135135135135,0.44647799342362116,0.06703552008989233,0.010091300590264628,0.4057971014492754,False
discover-2026-09-24T07:38:18+00:00,2026-09-24T07:38:18+00:00,0106fab4dc2f35a2,ca09aadca6c719d7,5,discover,k5:evening_star+above_ma_50+breadth_positive,123,122,0.4918032786885246,0.44547991433577777,0.04632336435274681,0.008042111307161193,0.3028485757121439,False
discover-2026-09-24T07:38:18+00:00,2026-09-24T07:38:18+00:00,0106fab4dc2f35a2,ca09aadca6c719d7,5,discover,k5:evening_star+above_ma_50+ma_50_rising,187,186,0.521505376344086,0.44701895383129536,0.07448642251279064,0.010225867495001881,0.022988505747126436,False
discover-2026-09-24T07:38:18+00:00,2026-09-24T07:38:18+00:00,0106fab4dc2f35a2,ca09aadca6c719d7,5,discover,k5:evening_star+above_ma_50+market_up,178,177,0.4971751412429379,0.44631547919824827,0.05085966204468961,0.008953481058284375,0.111944027986007,False
discover-2026-09-24T07:38:18+00:00,2026-09-24T07:38:18+00:00,0106fab4dc2f35a2,ca09aadca6c719d7,5,discover,k5:evening_star+above_ma_50+rvol_high,50,50,0.5,0.4459928272214062,0.05400717277859379,0.023003283809558975,0.5167416291854073,False
discover-2026-09-24T07:38:18+00:00,2026-09-24T07:38:18+00:00,0106fab4dc2f35a2,ca09aadca6c719d7,5,discover,k5:evening_star+above_ma_50+volume_dry,9,9,0.4444444444444444,0.4459928272214062,-0.0015483827769617875,0.029174161954212335,1.0,False
discover-2026-09-24T07:38:18+00:00,2026-09-24T07:38:18+00:00,0106fab4dc2f35a2,ca09aadca6c719d7,5,discover,k5:evening_star+at_resistance+at_support,65,65,0.36923076923076925,0.44647799342362116,-0.0772472241928519,-0.0022155649513623922,0.12493753123438281,False
discover-2026-09-24T07:38:18+00:00,2026-09-24T07:38:18+00:00,0106fab4dc2f35a2,ca09aadca6c719d7,5,discover,k5:evening_star+at_resistance+breadth_positive,56,56,0.26785714285714285,0.44594121449348223,-0.17808407163633938,-0.015227281737900639,0.001999000499750125,True
discover-2026-09-24T07:38:18+00:00,2026-09-24T07:38:18+00:00,0106fab4dc2f35a2,ca09aadca6c719d7,5,discover,k5:evening_star+at_resistance+ma_50_rising,77,77,0.4025974025974026,0.44647799342362116,-0.043880590826218535,0.00015213788757336859,0.36081959020489757,False
discover-2026-09-24T07:38:18+00:00,2026-09-24T07:38:18+00:00,0106fab4dc2f35a2,ca09aadca6c719d7,5,discover,k5:evening_star+at_resistance+market_up,81,81,0.37037037037037035,0.44683182363854634,-0.076461453268176,-0.0011981949754745196,0.11794102948525736,False
discover-2026-09-24T07:38:18+00:00,2026-09-24T07:38:18+00:00,0106fab4dc2f35a2,ca09aadca6c719d7,5,discover,k5:evening_star+at_resistance+rvol_high,24,24,0.375,0.44647799342362116,-0.07147799342362116,0.011213799246595152,1.0,False
discover-2026-09-24T07:38:18+00:00,2026-09-24T07:38:18+00:00,0106fab4dc2f35a2,ca09aadca6c719d7,5,discover,k5:evening_star+at_resistance+volume_dry,7,7,0.2857142857142857,0.44647799342362116,-0.16076370770933546,-0.005624863000937484,1.0,False
discover-2026-09-24T07:38:18+00:00,2026-09-24T07:38:18+00:00,0106fab4dc2f35a2,ca09aadca6c719d7,5,discover,k5:evening_star+at_support+breadth_positive,38,38,0.2894736842105263,0.44594121449348223,-0.1564675302829559,-0.007548935741260886,0.05897051474262868,False
discover-2026-09-24T07:38:18+00:00,2026-09-24T07:38:18+00:00,0106fab4dc2f35a2,ca09aadca6c719d7,5,discover,k5:evening_star+at_support+ma_50_rising,55,55,0.4727272727272727,0.44647799342362116,0.026249279303651563,0.005278441990466254,0.6946526736631684,False
discover-2026-09-24T07:38:18+00:00,2026-09-24T07:38:18+00:00,0106fab4dc2f35a2,ca09aadca6c719d7,5,discover,k5:evening_star+at_support+market_up,62,62,0.3548387096774194,0.44683182363854634,-0.09199311396112697,-0.0008746397517854113,0.10994502748625687,False
discover-2026-09-24T07:38:18+00:00,2026-09-24T07:38:18+00:00,0106fab4dc2f35a2,ca09aadca6c719d7,5,discover,k5:evening_star+at_support+rvol_high,18,18,0.2222222222222222,0.44647799342362116,-0.22425577120139895,-0.015656359988464194,1.0,False
discover-2026-09-24T07:38:18+00:00,2026-09-24T07:38:18+00:00,0106fab4dc2f35a2,ca09aadca6c719d7,5,discover,k5:evening_star+at_support+volume_dry,8,8,0.375,0.44647799342362116,-0.07147799342362116,-0.009444748376205223,1.0,False
discover-2026-09-24T07:38:18+00:00,2026-09-24T07:38:18+00:00,0106fab4dc2f35a2,ca09aadca6c719d7,5,discover,k5:evening_star+breadth_positive+ma_50_rising,115,114,0.5087719298245614,0.4464890328279111,0.06228289699665035,0.003771717186146975,0.18990504747626186,False
discover-2026-09-24T07:38:18+00:00,2026-09-24T07:38:18+00:00,0106fab4dc2f35a2,ca09aadca6c719d7,5,discover,k5:evening_star+breadth_positive+market_up,147,146,0.4452054794520548,0.44380957897524165,0.00139590047681315,0.0006526247179194998,0.9885057471264368,False
discover-2026-09-24T07:38:18+00:00,2026-09-24T07:38:18+00:00,0106fab4dc2f35a2,ca09aadca6c719d7,5,discover,k5:evening_star+breadth_positive+rvol_high,44,44,0.4772727272727273,0.44482762783547886,0.03244509943724844,-0.0004931401968140428,0.7126436781609196,False
discover-2026-09-24T07:38:18+00:00,2026-09-24T07:38:18+00:00,0106fab4dc2f35a2,ca09aadca6c719d7,5,discover,k5:evening_star+breadth_positive+volume_dry,8,8,0.375,0.44482762783547886,-0.06982762783547886,0.0057296788333457,1.0,False
discover-2026-09-24T07:38:18+00:00,2026-09-24T07:38:18+00:00,0106fab4dc2f35a2,ca09aadca6c719d7,5,discover,k5:evening_star+ma_50_rising+market_up,172,171,0.5146198830409356,0.44738177984302396,0.06723810319791168,0.008211464872948793,0.054972513743128434,False
discover-2026-09-24T07:38:18+00:00,2026-09-24T07:38:18+00:00,0106fab4dc2f35a2,ca09aadca6c719d7,5,discover,k5:evening_star+ma_50_rising+rvol_high,50,50,0.5,0.44701895383129536,0.05298104616870464,0.01736359628695623,0.5227386306846576,False
discover-2026-09-24T07:38:18+00:00,2026-09-24T07:38:18+00:00,0106fab4dc2f35a2,ca09aadca6c719d7,5,discover,k5:evening_star+ma_50_rising+volume_dry,14,14,0.42857142857142855,0.44701895383129536,-0.018447525259866815,2.2897934465336357e-05,1.0,False
discover-2026-09-24T07:38:18+00:00,2026-09-24T07:38:18+00:00,0106fab4dc2f35a2,ca09aadca6c719d7,5,discover,k5:evening_star+market_up+rvol_high,58,58,0.4482758620689655,0.44465592268177556,0.0036199393871899632,0.005085380124279571,0.9955022488755623,False
discover-2026-09-24T07:38:18+00:00,2026-09-24T07:38:18+00:00,0106fab4dc2f35a2,ca09aadca6c719d7,5,discover,k5:evening_star+market_up+volume_dry,13,13,0.38461538461538464,0.44465592268177556,-0.060040538066390925,0.011198725127365715,1.0,False
discover-2026-09-24T07:38:18+00:00,2026-09-24T07:38:18+00:00,0106fab4dc2f35a2,ca09aadca6c719d7,5,discover,k5:evening_star+rvol_high+volume_dry,0,0,,0.44539055713745945,,,1.0,False
discover-2026-09-24T07:38:18+00:00,2026-09-24T07:38:18+00:00,0106fab4dc2f35a2,ca09aadca6c719d7,5,discover,k5:three_white_soldiers,661,530,0.4679245283018868,0.4462617769409615,0.021662751360925325,-4.3662742519501305e-05,0.30684657671164417,False
discover-2026-09-24T07:38:18+00:00,2026-09-24T07:38:18+00:00,0106fab4dc2f35a2,ca09aadca6c719d7,5,discover,k5:three_white_soldiers+above_ma_50,451,361,0.45429362880886426,0.4459928272214062,0.008300801587458051,7.359769506681409e-05,0.7286356821589205,False
discover-2026-09-24T07:38:18+00:00,2026-09-24T07:38:18+00:00,0106fab4dc2f35a2,ca09aadca6c719d7,5,discover,k5:three_white_soldiers+at_resistance,111,104,0.4423076923076923,0.44647799342362116,-0.004170301115928865,-0.0005588981519463562,0.9395302348825587,False
discover-2026-09-24T07:38:18+00:00,2026-09-24T07:38:18+00:00,0106fab4dc2f35a2,ca09aadca6c719d7,5,discover,k5:three_white_soldiers+at_support,92,81,0.5185185185185185,0.44647799342362116,0.07204052509489733,0.005836202760656135,0.1729135432283858,False
discover-2026-09-24T07:38:18+00:00,2026-09-24T07:38:18+00:00,0106fab4dc2f35a2,ca09aadca6c719d7,5,discover,k5:three_white_soldiers+breadth_positive,349,285,0.45964912280701753,0.4463958906848346,0.013253232122182934,-0.00200463844164261,0.6756621689155422,False
discover-2026-09-24T07:38:18+00:00,2026-09-24T07:38:18+00:00,0106fab4dc2f35a2,ca09aadca6c719d7,5,discover,k5:three_white_soldiers+ma_50_rising,372,293,0.4812286689419795,0.44701895383129536,0.03420971511068416,0.003181627042468197,0.19990004997501248,False
discover-2026-09-24T07:38:18+00:00,2026-09-24T07:38:18+00:00,0106fab4dc2f35a2,ca09aadca6c719d7,5,discover,k5:three_white_soldiers+market_up,413,338,0.46449704142011833,0.4441423923297588,0.020354649090359556,-0.000873221654650892,0.4007996001999001,False
discover-2026-09-24T07:38:18+00:00,2026-09-24T07:38:18+00:00,0106fab4dc2f35a2,ca09aadca6c719d7,5,discover,k5:three_white_soldiers+rvol_high,262,230,0.45217391304347826,0.4451691663760028,0.00700474666747547,-0.0005549850588758507,0.8415792103948025,False
discover-2026-09-24T07:38:18+00:00,2026-09-24T07:38:18+00:00,0106fab4dc2f35a2,ca09aadca6c719d7,5,discover,k5:three_white_soldiers+volume_dry,30,28,0.6071428571428571,0.44539055713745945,0.16175230000539764,0.00927213223045498,1.0,False
discover-2026-09-24T07:38:18+00:00,2026-09-24T07:38:18+00:00,0106fab4dc2f35a2,ca09aadca6c719d7,5,discover,k5:three_white_soldiers+above_ma_50+at_resistance,96,91,0.45054945054945056,0.44647799342362116,0.004071457125829403,-0.0006751808141955216,0.9365317341329336,False
discover-2026-09-24T07:38:18+00:00,2026-09-24T07:38:18+00:00,0106fab4dc2f35a2,ca09aadca6c719d7,5,discover,k5:three_white_soldiers+above_ma_50+at_support,66,61,0.4918032786885246,0.44647799342362116,0.045325285264903425,0.0024537537035746286,0.47276361819090457,False
discover-2026-09-24T07:38:18+00:00,2026-09-24T07:38:18+00:00,0106fab4dc2f35a2,ca09aadca6c719d7,5,discover,k5:three_white_soldiers+above_ma_50+breadth_positive,255,208,0.4375,0.44547991433577777,-0.007979914335777771,-0.001362879681793699,0.815592203898051,False
discover-2026-09-24T07:38:18+00:00,2026-09-24T07:38:18+00:00,0106fab4dc2f35a2,ca09aadca6c719d7,5,discover,k5:three_white_soldiers+above_ma_50+ma_50_rising,349,274,0.4781021897810219,0.44701895383129536,0.031083235949726562,0.002665792274917676,0.25687156421789104,False
discover-2026-09-24T07:38:18+00:00,2026-09-24T07:38:18+00:00,0106fab4dc2f35a2,ca09aadca6c719d7,5,discover,k5:three_white_soldiers+above_ma_50+market_up,327,267,0.4794007490636704,0.44631547919824827,0.03308526986542215,0.0022434282203184484,0.22788605697151423,False
discover-2026-09-24T07:38:18+00:00,2026-09-24T07:38:18+00:00,0106fab4dc2f35a2,ca09aadca6c719d7,5,discover,k5:three_white_soldiers+above_ma_50+rvol_high,209,183,0.453551912568306,0.4459928272214062,0.007559085346899808,-0.000746861977060118,0.8285857071464268,False
discover-2026-09-24T07:38:18+00:00,2026-09-24T07:38:18+00:00,0106fab4dc2f35a2,ca09aadca6c719d7,5,discover,k5:three_white_soldiers+above_ma_50+volume_dry,15,15,0.6666666666666666,0.4459928272214062,0.22067383944526042,0.01705562849861889,1.0,False
discover-2026-09-24T07:38:18+00:00,2026-09-24T07:38:18+00:00,0106fab4dc2f35a2,ca09aadca6c719d7,5,discover,k5:three_white_soldiers+at_resistance+at_support,55,52,0.40384615384615385,0.44647799342362116,-0.0426318395774673,-0.00400292206973543,0.5107446276861569,False
discover-2026-09-24T07:38:18+00:00,2026-09-24T07:38:18+00:00,0106fab4dc2f35a2,ca09aadca6c719d7,5,discover,k5:three_white_soldiers+at_resistance+breadth_positive,50,48,0.4583333333333333,0.44594121449348223,0.012392118839851085,-0.0024558382387117397,0.8695652173913043,False
discover-2026-09-24T07:38:18+00:00,2026-09-24T07:38:18+00:00,0106fab4dc2f35a2,ca09aadca6c719d7,5,discover,k5:three_white_soldiers+at_resistance+ma_50_rising,59,55,0.509090909090909,0.44647799342362116,0.06261291566728788,0.00249377139739207,0.35582208895552225,False
discover-2026-09-24T07:38:18+00:00,2026-09-24T07:38:18+00:00,0106fab4dc2f35a2,ca09aadca6c719d7,5,discover,k5:three_white_soldiers+at_resistance+market_up,77,71,0.5211267605633803,0.44683182363854634,0.07429493692483391,0.006785022959679006,0.17191404297851073,False
discover-2026-09-24T07:38:18+00:00,2026-09-24T07:38:18+00:00,0106fab4dc2f35a2,ca09aadca6c719d7,5,discover,k5:three_white_soldiers+at_resistance+rvol_high,43,40,0.425,0.44647799342362116,-0.021477993423621167,-0.0004547239939159009,0.7636181909045477,False
discover-2026-09-24T07:38:18+00:00,2026-09-24T07:38:18+00:00,0106fab4dc2f35a2,ca09aadca6c719d7,5,discover,k5:three_white_soldiers+at_resistance+volume_dry,4,4,0.75,0.44647799342362116,0.30352200657637884,0.02632985526688983,1.0,False
discover-2026-09-24T07:38:18+00:00,2026-09-24T07:38:18+00:00,0106fab4dc2f35a2,ca09aadca6c719d7,5,discover,k5:three_white_soldiers+at_support+breadth_positive,47,44,0.4318181818181818,0.44594121449348223,-0.014123032675300407,-0.01086389982235403,0.8285857071464268,False
discover-2026-09-24T07:38:18+00:00,2026-09-24T07:38:18+00:00,0106fab4dc2f35a2,ca09aadca6c719d7,5,discover,k5:three_white_soldiers+at_support+ma_50_rising,35,32,0.59375,0.44647799342362116,0.14727200657637884,0.02083799470050608,0.11494252873563218,False
discover-2026-09-24T07:38:18+00:00,2026-09-24T07:38:18+00:00,0106fab4dc2f35a2,ca09aadca6c719d7,5,discover,k5:three_white_soldiers+at_support+market_up,58,50,0.56,0.44683182363854634,0.11316817636145371,0.007709554091900233,0.11794102948525736,False
discover-2026-09-24T07:38:18+00:00,2026-09-24T07:38:18+00:00,0106fab4dc2f35a2,ca09aadca6c719d7,5,discover,k5:three_white_soldiers+at_support+rvol_high,38,34,0.5294117647058824,0.44647799342362116,0.0829337712822612,0.006972153990757157,0.29485257371314344,False
discover-2026-09-24T07:38:18+00:00,2026-09-24T07:38:18+00:00,0106fab4dc2f35a2,ca09aadca6c719d7,5,discover,k5:three_white_soldiers+at_support+volume_dry,3,3,0.3333333333333333,0.44647799342362116,-0.11314466009028784,-0.03371531738611888,1.0,False
discover-2026-09-24T07:38:18+00:00,2026-09-24T07:38:18+00:00,0106fab4dc2f35a2,ca09aadca6c719d7,5,discover,k5:three_white_soldiers+breadth_positive+ma_50_rising,209,164,0.4817073170731707,0.4464890328279111,0.035218284245259635,0.0034358660060423997,0.36481759120439783,False
discover-2026-09-24T07:38:18+00:00,2026-09-24T07:38:18+00:00,0106fab4dc2f35a2,ca09aadca6c719d7,5,discover,k5:three_white_soldiers+breadth_positive+market_up,252,210,0.45714285714285713,0.4435340947732683,0.013608762369588856,-0.0038012323830142803,0.6786606696651675,False
discover-2026-09-24T07:38:18+00:00,2026-09-24T07:38:18+00:00,0106fab4dc2f35a2,ca09aadca6c719d7,5,discover,k5:three_white_soldiers+breadth_positive+rvol_high,161,145,0.4206896551724138,0.4446161483521763,-0.023926493179762476,-0.007088880849029298,0.5367316341829086,False
discover-2026-09-24T07:38:18+00:00,2026-09-24T07:38:18+00:00,0106fab4dc2f35a2,ca09aadca6c719d7,5,discover,k5:three_white_soldiers+breadth_positive+volume_dry,13,12,0.6666666666666666,0.44482762783547886,0.22183903883118777,0.021508728234495917,1.0,False
discover-2026-09-24T07:38:18+00:00,2026-09-24T07:38:18+00:00,0106fab4dc2f35a2,ca09aadca6c719d7,5,discover,k5:three_white_soldiers+ma_50_rising+market_up,275,222,0.4864864864864865,0.44738177984302396,0.03910470664346255,0.0048305987191613,0.18990504747626186,False
discover-2026-09-24T07:38:18+00:00,2026-09-24T07:38:18+00:00,0106fab4dc2f35a2,ca09aadca6c719d7,5,discover,k5:three_white_soldiers+ma_50_rising+rvol_high,163,141,0.48226950354609927,0.44701895383129536,0.0352505497148039,0.0011269757294529253,0.37681159420289856,False
discover-2026-09-24T07:38:18+00:00,2026-09-24T07:38:18+00:00,0106fab4dc2f35a2,ca09aadca6c719d7,5,discover,k5:three_white_soldiers+ma_50_rising+volume_dry,13,13,0.6153846153846154,0.44701895383129536,0.16836566155332006,0.015176407097609564,1.0,False
discover-2026-09-24T07:38:18+00:00,2026-09-24T07:38:18+00:00,0106fab4dc2f35a2,ca09aadca6c719d7,5,discover,k5:three_white_soldiers+market_up+rvol_high,169,147,0.47619047619047616,0.44439564125395803,0.031794834936518135,0.0017177448575609942,0.4257871064467766,False
discover-2026-09-24T07:38:18+00:00,2026-09-24T07:38:18+00:00,0106fab4dc2f35a2,ca09aadca6c719d7,5,discover,k5:three_white_soldiers+market_up+volume_dry,13,12,0.6666666666666666,0.44465592268177556,0.22201074398489107,0.012216475116565567,1.0,False
discover-2026-09-24T07:38:18+00:00,2026-09-24T07:38:18+00:00,0106fab4dc2f35a2,ca09aadca6c719d7,5,discover,k5:three_white_soldiers+rvol_high+volume_dry,0,0,,0.44539055713745945,,,1.0,False
discover-2026-09-24T07:38:18+00:00,2026-09-24T07:38:18+00:00,0106fab4dc2f35a2,ca09aadca6c719d7,5,discover,k5:three_black_crows,827,696,0.4755747126436782,0.4462617769409615,0.029312935702716703,-0.0023145833945214475,0.25487256371814093,False
discover-2026-09-24T07:38:18+00:00,2026-09-24T07:38:18+00:00,0106fab4dc2f35a2,ca09aadca6c719d7,5,discover,k5:three_black_crows+above_ma_50,209,185,0.5135135135135135,0.4459928272214062,0.06752068629210728,0.0004752864404630204,0.1519240379810095,False
discover-2026-09-24T07:38:18+00:00,2026-09-24T07:38:18+00:00,0106fab4dc2f35a2,ca09aadca6c719d7,5,discover,k5:three_black_crows+at_resistance,174,160,0.43125,0.44647799342362116,-0.015227993423621133,-0.002147931260814112,0.7056471764117941,False
discover-2026-09-24T07:38:18+00:00,2026-09-24T07:38:18+00:00,0106fab4dc2f35a2,ca09aadca6c719d7,5,discover,k5:three_black_crows+at_support,232,208,0.4182692307692308,0.44647799342362116,-0.028208762654390374,-0.0061012896763283,0.48375812093953025,False
discover-2026-09-24T07:38:18+00:00,2026-09-24T07:38:18+00:00,0106fab4dc2f35a2,ca09aadca6c719d7,5,discover,k5:three_black_crows+breadth_positive,258,239,0.4811715481171548,0.4463958906848346,0.034775657432320195,-0.001633669199414698,0.4147926036981509,False
discover-2026-09-24T07:38:18+00:00,2026-09-24T07:38:18+00:00,0106fab4dc2f35a2,ca09aadca6c719d7,5,discover,k5:three_black_crows+ma_50_rising,353,301,0.46179401993355484,0.44701895383129536,0.014775066102259482,-0.004017783992455163,0.6826586706646677,False
discover-2026-09-24T07:38:18+00:00,2026-09-24T07:38:18+00:00,0106fab4dc2f35a2,ca09aadca6c719d7,5,discover,k5:three_black_crows+market_up,445,385,0.4649350649350649,0.4441423923297588,0.02079267260530615,-0.005362818144870816,0.4897551224387806,False
discover-2026-09-24T07:38:18+00:00,2026-09-24T07:38:18+00:00,0106fab4dc2f35a2,ca09aadca6c719d7,5,discover,k5:three_black_crows+rvol_high,158,144,0.5486111111111112,0.4451691663760028,0.10344194473510837,0.002843650656580542,0.014992503748125937,False
discover-2026-09-24T07:38:18+00:00,2026-09-24T07:38:18+00:00,0106fab4dc2f35a2,ca09aadca6c719d7,5,discover,k5:three_black_crows+volume_dry,102,88,0.4318181818181818,0.44539055713745945,-0.01357237531927763,0.0022369143315228083,0.816591704147926,False
discover-2026-09-24T07:38:18+00:00,2026-09-24T07:38:18+00:00,0106fab4dc2f35a2,ca09aadca6c719d7,5,discover,k5:three_black_crows+above_ma_50+at_resistance,69,66,0.48484848484848486,0.44647799342362116,0.038370491424863706,0.0004849022311627615,0.527736131934033,False
discover-2026-09-24T07:38:18+00:00,2026-09-24T07:38:18+00:00,0106fab4dc2f35a2,ca09aadca6c719d7,5,discover,k5:three_black_crows+above_ma_50+at_support,53,50,0.48,0.44647799342362116,0.03352200657637883,-0.002852575077455035,0.6906546726636682,False
discover-2026-09-24T07:38:18+00:00,2026-09-24T07:38:18+00:00,0106fab4dc2f35a2,ca09aadca6c719d7,5,discover,k5:three_black_crows+above_ma_50+breadth_positive,104,95,0.5368421052631579,0.44547991433577777,0.09136219092738013,-0.0006979742671502692,0.191904047976012,False
discover-2026-09-24T07:38:18+00:00,2026-09-24T07:38:18+00:00,0106fab4dc2f35a2,ca09aadca6c719d7,5,discover,k5:three_black_crows+above_ma_50+ma_50_rising,183,162,0.5185185185185185,0.44701895383129536,0.07149956468722313,-0.00015425985117303146,0.1729135432283858,False
discover-2026-09-24T07:38:18+00:00,2026-09-24T07:38:18+00:00,0106fab4dc2f35a2,ca09aadca6c719d7,5,discover,k5:three_black_crows+above_ma_50+market_up,166,148,0.5202702702702703,0.44631547919824827,0.07395479107202202,-0.0014293683103513406,0.11594202898550725,False
discover-2026-09-24T07:38:18+00:00,2026-09-24T07:38:18+00:00,0106fab4dc2f35a2,ca09aadca6c719d7,5,discover,k5:three_black_crows+above_ma_50+rvol_high,30,28,0.6071428571428571,0.4459928272214062,0.1611500299214509,0.0051196214920018945,1.0,False
discover-2026-09-24T07:38:18+00:00,2026-09-24T07:38:18+00:00,0106fab4dc2f35a2,ca09aadca6c719d7,5,discover,k5:three_black_crows+above_ma_50+volume_dry,25,23,0.43478260869565216,0.4459928272214062,-0.011210218525754045,0.025117863102785448,1.0,False
discover-2026-09-24T07:38:18+00:00,2026-09-24T07:38:18+00:00,0106fab4dc2f35a2,ca09aadca6c719d7,5,discover,k5:three_black_crows+at_resistance+at_support,105,95,0.45263157894736844,0.44647799342362116,0.006153585523747285,0.002283532221960212,0.8725637181409296,False
discover-2026-09-24T07:38:18+00:00,2026-09-24T07:38:18+00:00,0106fab4dc2f35a2,ca09aadca6c719d7,5,discover,k5:three_black_crows+at_resistance+breadth_positive,70,67,0.4925373134328358,0.44594121449348223,0.04659609893935357,0.0050340603375474205,0.4847576211894053,False
discover-2026-09-24T07:38:18+00:00,2026-09-24T07:38:18+00:00,0106fab4dc2f35a2,ca09aadca6c719d7,5,discover,k5:three_black_crows+at_resistance+ma_50_rising,120,111,0.3963963963963964,0.44647799342362116,-0.050081597027224756,-0.007819611518078636,0.28385807096451776,False
discover-2026-09-24T07:38:18+00:00,2026-09-24T07:38:18+00:00,0106fab4dc2f35a2,ca09aadca6c719d7,5,discover,k5:three_black_crows+at_resistance+market_up,118,109,0.43119266055045874,0.44683182363854634,-0.015639163088087604,-0.0011499112918949628,0.7216391804097951,False
discover-2026-09-24T07:38:18+00:00,2026-09-24T07:38:18+00:00,0106fab4dc2f35a2,ca09aadca6c719d7,5,discover,k5:three_black_crows+at_resistance+rvol_high,24,23,0.4782608695652174,0.44647799342362116,0.03178287614159625,-0.01022547083196828,1.0,False
discover-2026-09-24T07:38:18+00:00,2026-09-24T07:38:18+00:00,0106fab4dc2f35a2,ca09aadca6c719d7,5,discover,k5:three_black_crows+at_resistance+volume_dry,21,20,0.25,0.44647799342362116,-0.19647799342362116,-0.015372478829306879,1.0,False
discover-2026-09-24T07:38:18+00:00,2026-09-24T07:38:18+00:00,0106fab4dc2f35a2,ca09aadca6c719d7,5,discover,k5:three_black_crows+at_support+breadth_positive,88,84,0.4166666666666667,0.44594121449348223,-0.029274547826815545,-0.005554194968187124,0.6036981509245377,False
discover-2026-09-24T07:38:18+00:00,2026-09-24T07:38:18+00:00,0106fab4dc2f35a2,ca09aadca6c719d7,5,discover,k5:three_black_crows+at_support+ma_50_rising,122,109,0.3853211009174312,0.44647799342362116,-0.06115689250618994,-0.007558422066675513,0.2178910544727636,False
discover-2026-09-24T07:38:18+00:00,2026-09-24T07:38:18+00:00,0106fab4dc2f35a2,ca09aadca6c719d7,5,discover,k5:three_black_crows+at_support+market_up,145,132,0.4166666666666667,0.44683182363854634,-0.03016515697187966,-0.004382893737946628,0.4897551224387806,False
discover-2026-09-24T07:38:18+00:00,2026-09-24T07:38:18+00:00,0106fab4dc2f35a2,ca09aadca6c719d7,5,discover,k5:three_black_crows+at_support+rvol_high,33,31,0.5806451612903226,0.44647799342362116,0.13416716786670146,0.0052973247025471576,0.13193403298350825,False
discover-2026-09-24T07:38:18+00:00,2026-09-24T07:38:18+00:00,0106fab4dc2f35a2,ca09aadca6c719d7,5,discover,k5:three_black_crows+at_support+volume_dry,36,34,0.35294117647058826,0.44647799342362116,-0.0935368169530329,-0.010490562537542374,0.34182908545727136,False
discover-2026-09-24T07:38:18+00:00,2026-09-24T07:38:18+00:00,0106fab4dc2f35a2,ca09aadca6c719d7,5,discover,k5:three_black_crows+breadth_positive+ma_50_rising,134,123,0.4796747967479675,0.4464890328279111,0.0331857639200564,-0.0073585706736901445,0.6196901549225388,False
discover-2026-09-24T07:38:18+00:00,2026-09-24T07:38:18+00:00,0106fab4dc2f35a2,ca09aadca6c719d7,5,discover,k5:three_black_crows+breadth_positive+market_up,198,181,0.47513812154696133,0.4435340947732683,0.03160402677369306,-0.0026378801462096624,0.47476261869065467,False
discover-2026-09-24T07:38:18+00:00,2026-09-24T07:38:18+00:00,0106fab4dc2f35a2,ca09aadca6c719d7,5,discover,k5:three_black_crows+breadth_positive+rvol_high,48,46,0.5217391304347826,0.4446161483521763,0.07712298208260632,-0.0012867133050003556,0.2928535732133933,False
discover-2026-09-24T07:38:18+00:00,2026-09-24T07:38:18+00:00,0106fab4dc2f35a2,ca09aadca6c719d7,5,discover,k5:three_black_crows+breadth_positive+volume_dry,31,31,0.41935483870967744,0.44482762783547886,-0.02547278912580142,-0.001972785832826147,0.7606196901549226,False
discover-2026-09-24T07:38:18+00:00,2026-09-24T07:38:18+00:00,0106fab4dc2f35a2,ca09aadca6c719d7,5,discover,k5:three_black_crows+ma_50_rising+market_up,218,192,0.46875,0.44738177984302396,0.021368220156976037,-0.004805207505680194,0.6276861569215393,False
discover-2026-09-24T07:38:18+00:00,2026-09-24T07:38:18+00:00,0106fab4dc2f35a2,ca09aadca6c719d7,5,discover,k5:three_black_crows+ma_50_rising+rvol_high,52,49,0.4897959183673469,0.44701895383129536,0.042776964536051565,-0.010386574335237863,0.5327336331834083,False
discover-2026-09-24T07:38:18+00:00,2026-09-24T07:38:18+00:00,0106fab4dc2f35a2,ca09aadca6c719d7,5,discover,k5:three_black_crows+ma_50_rising+volume_dry,50,44,0.4318181818181818,0.44701895383129536,-0.01520077201311354,0.014702247682287445,0.8205897051474262,False
discover-2026-09-24T07:38:18+00:00,2026-09-24T07:38:18+00:00,0106fab4dc2f35a2,ca09aadca6c719d7,5,discover,k5:three_black_crows+market_up+rvol_high,85,78,0.5256410256410257,0.44439564125395803,0.08124538438706763,0.00039498577051914717,0.12693653173413294,False
discover-2026-09-24T07:38:18+00:00,2026-09-24T07:38:18+00:00,0106fab4dc2f35a2,ca09aadca6c719d7,5,discover,k5:three_black_crows+market_up+volume_dry,52,47,0.40425531914893614,0.44465592268177556,-0.04040060353283942,-0.00515773728162277,0.6196901549225388,False
discover-2026-09-24T07:38:18+00:00,2026-09-24T07:38:18+00:00,0106fab4dc2f35a2,ca09aadca6c719d7,5,discover,k5:three_black_crows+rvol_high+volume_dry,0,0,,0.44539055713745945,,,1.0,False
discover-2026-09-24T07:38:18+00:00,2026-09-24T07:38:18+00:00,0106fab4dc2f35a2,ca09aadca6c719d7,5,discover,k5:three_inside_up,1441,1399,0.453180843459614,0.44539055713745945,0.00779028632215456,-0.0015308183881684654,0.6166916541729135,False
discover-2026-09-24T07:38:18+00:00,2026-09-24T07:38:18+00:00,0106fab4dc2f35a2,ca09aadca6c719d7,5,discover,k5:three_inside_up+above_ma_50,873,845,0.45680473372781066,0.4459928272214062,0.010811906506404456,-0.0023292265692080693,0.5797101449275363,False
discover-2026-09-24T07:38:18+00:00,2026-09-24T07:38:18+00:00,0106fab4dc2f35a2,ca09aadca6c719d7,5,discover,k5:three_inside_up+at_resistance,515,502,0.4701195219123506,0.44647799342362116,0.02364152848872947,-0.00022861738938154052,0.3548225887056472,False
discover-2026-09-24T07:38:18+00:00,2026-09-24T07:38:18+00:00,0106fab4dc2f35a2,ca09aadca6c719d7,5,discover,k5:three_inside_up+at_support,466,455,0.4593406593406593,0.44647799342362116,0.012862665917038163,0.000148727727411777,0.6066966516741629,False
discover-2026-09-24T07:38:18+00:00,2026-09-24T07:38:18+00:00,0106fab4dc2f35a2,ca09aadca6c719d7,5,discover,k5:three_inside_up+breadth_positive,792,772,0.46632124352331605,0.44482762783547886,0.021493615687837198,0.0009978451472806064,0.3238380809595202,False
discover-2026-09-24T07:38:18+00:00,2026-09-24T07:38:18+00:00,0106fab4dc2f35a2,ca09aadca6c719d7,5,discover,k5:three_inside_up+ma_50_rising,751,729,0.4540466392318244,0.44701895383129536,0.00702768540052906,-0.001572205192505693,0.7586206896551724,False
discover-2026-09-24T07:38:18+00:00,2026-09-24T07:38:18+00:00,0106fab4dc2f35a2,ca09aadca6c719d7,5,discover,k5:three_inside_up+market_up,922,894,0.4664429530201342,0.44465592268177556,0.02178703033835866,0.000403442079838995,0.2478760619690155,False
discover-2026-09-24T07:38:18+00:00,2026-09-24T07:38:18+00:00,0106fab4dc2f35a2,ca09aadca6c719d7,5,discover,k5:three_inside_up+rvol_high,555,542,0.44095940959409596,0.44539055713745945,-0.0044311475433634895,-0.0016579571510071437,0.8305847076461769,False
discover-2026-09-24T07:38:18+00:00,2026-09-24T07:38:18+00:00,0106fab4dc2f35a2,ca09aadca6c719d7,5,discover,k5:three_inside_up+volume_dry,108,108,0.4537037037037037,0.44539055713745945,0.008313146566244267,-0.0038227094708230846,0.8885557221389305,False
discover-2026-09-24T07:38:18+00:00,2026-09-24T07:38:18+00:00,0106fab4dc2f35a2,ca09aadca6c719d7,5,discover,k5:three_inside_up+above_ma_50+at_resistance,362,354,0.4576271186440678,0.44647799342362116,0.011149125220446643,-0.003082826805962169,0.6826586706646677,False
discover-2026-09-24T07:38:18+00:00,2026-09-24T07:38:18+00:00,0106fab4dc2f35a2,ca09aadca6c719d7,5,discover,k5:three_inside_up+above_ma_50+at_support,263,259,0.42857142857142855,0.44647799342362116,-0.017906564852192608,-0.004090772776955423,0.5707146426786607,False
discover-2026-09-24T07:38:18+00:00,2026-09-24T07:38:18+00:00,0106fab4dc2f35a2,ca09aadca6c719d7,5,discover,k5:three_inside_up+above_ma_50+breadth_positive,553,536,0.47388059701492535,0.44547991433577777,0.028400682679147582,0.0008062561553037007,0.271864067966017,False
discover-2026-09-24T07:38:18+00:00,2026-09-24T07:38:18+00:00,0106fab4dc2f35a2,ca09aadca6c719d7,5,discover,k5:three_inside_up+above_ma_50+ma_50_rising,662,644,0.4580745341614907,0.44701895383129536,0.011055580330195325,-0.0015789941407285525,0.6466766616691654,False
discover-2026-09-24T07:38:18+00:00,2026-09-24T07:38:18+00:00,0106fab4dc2f35a2,ca09aadca6c719d7,5,discover,k5:three_inside_up+above_ma_50+market_up,674,650,0.4753846153846154,0.44631547919824827,0.02906913618636714,0.0014478460299583089,0.18790604697651175,False
discover-2026-09-24T07:38:18+00:00,2026-09-24T07:38:18+00:00,0106fab4dc2f35a2,ca09aadca6c719d7,5,discover,k5:three_inside_up+above_ma_50+rvol_high,388,379,0.43271767810026385,0.4459928272214062,-0.01327514912114236,-0.0024504607854378777,0.6526736631684158,False
discover-2026-09-24T07:38:18+00:00,2026-09-24T07:38:18+00:00,0106fab4dc2f35a2,ca09aadca6c719d7,5,discover,k5:three_inside_up+above_ma_50+volume_dry,60,60,0.48333333333333334,0.4459928272214062,0.03734050611192713,-0.0027962956846513233,0.6596701649175413,False
discover-2026-09-24T07:38:18+00:00,2026-09-24T07:38:18+00:00,0106fab4dc2f35a2,ca09aadca6c719d7,5,discover,k5:three_inside_up+at_resistance+at_support,303,296,0.46283783783783783,0.44647799342362116,0.016359844414216673,2.8299794436010616e-05,0.5667166416791605,False
discover-2026-09-24T07:38:18+00:00,2026-09-24T07:38:18+00:00,0106fab4dc2f35a2,ca09aadca6c719d7,5,discover,k5:three_inside_up+at_resistance+breadth_positive,294,289,0.4463667820069204,0.44594121449348223,0.00042556751343819643,-0.0010360420599496388,0.9985007496251874,False
discover-2026-09-24T07:38:18+00:00,2026-09-24T07:38:18+00:00,0106fab4dc2f35a2,ca09aadca6c719d7,5,discover,k5:three_inside_up+at_resistance+ma_50_rising,266,262,0.46946564885496184,0.44647799342362116,0.02298765543134068,-0.001109452948548666,0.5467266366816592,False
discover-2026-09-24T07:38:18+00:00,2026-09-24T07:38:18+00:00,0106fab4dc2f35a2,ca09aadca6c719d7,5,discover,k5:three_inside_up+at_resistance+market_up,365,357,0.4789915966386555,0.44683182363854634,0.03215977300010914,0.0015183378277297778,0.31284357821089454,False
discover-2026-09-24T07:38:18+00:00,2026-09-24T07:38:18+00:00,0106fab4dc2f35a2,ca09aadca6c719d7,5,discover,k5:three_inside_up+at_resistance+rvol_high,213,208,0.44711538461538464,0.44647799342362116,0.0006373911917634811,-0.0015187662590583223,0.993503248375812,False
discover-2026-09-24T07:38:18+00:00,2026-09-24T07:38:18+00:00,0106fab4dc2f35a2,ca09aadca6c719d7,5,discover,k5:three_inside_up+at_resistance+volume_dry,44,44,0.45454545454545453,0.44647799342362116,0.008067461121833375,-0.007895273355577792,0.9555222388805598,False
discover-2026-09-24T07:38:18+00:00,2026-09-24T07:38:18+00:00,0106fab4dc2f35a2,ca09aadca6c719d7,5,discover,k5:three_inside_up+at_support+breadth_positive,240,235,0.41702127659574467,0.44594121449348223,-0.028919937897737558,-0.0022080419183246793,0.367816091954023,False
discover-2026-09-24T07:38:18+00:00,2026-09-24T07:38:18+00:00,0106fab4dc2f35a2,ca09aadca6c719d7,5,discover,k5:three_inside_up+at_support+ma_50_rising,202,198,0.4393939393939394,0.44647799342362116,-0.007084054029681763,-0.0009067572097967892,0.9065467266366817,False
discover-2026-09-24T07:38:18+00:00,2026-09-24T07:38:18+00:00,0106fab4dc2f35a2,ca09aadca6c719d7,5,discover,k5:three_inside_up+at_support+market_up,305,300,0.4666666666666667,0.44683182363854634,0.01983484302812033,0.00235428213637439,0.5517241379310345,False
discover-2026-09-24T07:38:18+00:00,2026-09-24T07:38:18+00:00,0106fab4dc2f35a2,ca09aadca6c719d7,5,discover,k5:three_inside_up+at_support+rvol_high,165,162,0.4506172839506173,0.44647799342362116,0.004139290526996131,-0.0012970909172680483,0.9235382308845578,False
discover-2026-09-24T07:38:18+00:00,2026-09-24T07:38:18+00:00,0106fab4dc2f35a2,ca09aadca6c719d7,5,discover,k5:three_inside_up+at_support+volume_dry,49,49,0.42857142857142855,0.44647799342362116,-0.017906564852192608,-0.006114450228521055,0.7946026986506747,False
discover-2026-09-24T07:38:18+00:00,2026-09-24T07:38:18+00:00,0106fab4dc2f35a2,ca09aadca6c719d7,5,discover,k5:three_inside_up+breadth_positive+ma_50_rising,442,433,0.4618937644341801,0.4464890328279111,0.01540473160626904,0.0007147759836529763,0.6136931534232883,False
discover-2026-09-24T07:38:18+00:00,2026-09-24T07:38:18+00:00,0106fab4dc2f35a2,ca09aadca6c719d7,5,discover,k5:three_inside_up+breadth_positive+market_up,615,596,0.4664429530201342,0.44380957897524165,0.022633374044892574,0.0005855197247903285,0.33483258370814595,False
discover-2026-09-24T07:38:18+00:00,2026-09-24T07:38:18+00:00,0106fab4dc2f35a2,ca09aadca6c719d7,5,discover,k5:three_inside_up+breadth_positive+rvol_high,374,365,0.46301369863013697,0.44482762783547886,0.018186070794658116,0.00029693953119092797,0.5397301349325337,False
discover-2026-09-24T07:38:18+00:00,2026-09-24T07:38:18+00:00,0106fab4dc2f35a2,ca09aadca6c719d7,5,discover,k5:three_inside_up+breadth_positive+volume_dry,42,42,0.5238095238095238,0.44482762783547886,0.07898189597404498,0.01317659098052432,0.39580209895052476,False
discover-2026-09-24T07:38:18+00:00,2026-09-24T07:38:18+00:00,0106fab4dc2f35a2,ca09aadca6c719d7,5,discover,k5:three_inside_up+ma_50_rising+market_up,550,536,0.47201492537313433,0.44738177984302396,0.024633145530110367,0.0019850450416277836,0.32083958020989506,False
discover-2026-09-24T07:38:18+00:00,2026-09-24T07:38:18+00:00,0106fab4dc2f35a2,ca09aadca6c719d7,5,discover,k5:three_inside_up+ma_50_rising+rvol_high,276,272,0.40808823529411764,0.44701895383129536,-0.03893071853717772,-0.004556102758979535,0.2608695652173913,False
discover-2026-09-24T07:38:18+00:00,2026-09-24T07:38:18+00:00,0106fab4dc2f35a2,ca09aadca6c719d7,5,discover,k5:three_inside_up+ma_50_rising+volume_dry,63,63,0.47619047619047616,0.44701895383129536,0.0291715223591808,-0.002910926128444907,0.703648175912044,False
discover-2026-09-24T07:38:18+00:00,2026-09-24T07:38:18+00:00,0106fab4dc2f35a2,ca09aadca6c719d7,5,discover,k5:three_inside_up+market_up+rvol_high,408,399,0.45363408521303256,0.44465592268177556,0.008978162531256995,-0.00042463653693270543,0.7616191904047976,False
discover-2026-09-24T07:38:18+00:00,2026-09-24T07:38:18+00:00,0106fab4dc2f35a2,ca09aadca6c719d7,5,discover,k5:three_inside_up+market_up+volume_dry,45,45,0.4888888888888889,0.44465592268177556,0.04423296620711331,0.003495161293539089,0.5937031484257871,False
discover-2026-09-24T07:38:18+00:00,2026-09-24T07:38:18+00:00,0106fab4dc2f35a2,ca09aadca6c719d7,5,discover,k5:three_inside_up+rvol_high+volume_dry,0,0,,0.44539055713745945,,,1.0,False
discover-2026-09-24T07:38:18+00:00,2026-09-24T07:38:18+00:00,0106fab4dc2f35a2,ca09aadca6c719d7,5,discover,k5:three_inside_down,1152,1129,0.4738706820194863,0.44539055713745945,0.028480124882026836,-0.0012852823091886185,0.08495752123938032,False
discover-2026-09-24T07:38:18+00:00,2026-09-24T07:38:18+00:00,0106fab4dc2f35a2,ca09aadca6c719d7,5,discover,k5:three_inside_down+above_ma_50,539,531,0.4896421845574388,0.4459928272214062,0.04364935733603259,0.001204341713043015,0.06796601699150424,False
discover-2026-09-24T07:38:18+00:00,2026-09-24T07:38:18+00:00,0106fab4dc2f35a2,ca09aadca6c719d7,5,discover,k5:three_inside_down+at_resistance,363,358,0.46368715083798884,0.44647799342362116,0.017209157414367682,-0.0008566259775212794,0.46676661669165415,False
discover-2026-09-24T07:38:18+00:00,2026-09-24T07:38:18+00:00,0106fab4dc2f35a2,ca09aadca6c719d7,5,discover,k5:three_inside_down+at_support,405,401,0.46633416458852867,0.44647799342362116,0.01985617116490751,-0.0034885067700998855,0.4757621189405297,False
discover-2026-09-24T07:38:18+00:00,2026-09-24T07:38:18+00:00,0106fab4dc2f35a2,ca09aadca6c719d7,5,discover,k5:three_inside_down+breadth_positive,417,413,0.4576271186440678,0.44482762783547886,0.012799490808588943,-0.003717557329356034,0.6636681659170415,False
discover-2026-09-24T07:38:18+00:00,2026-09-24T07:38:18+00:00,0106fab4dc2f35a2,ca09aadca6c719d7,5,discover,k5:three_inside_down+ma_50_rising,643,633,0.4707740916271722,0.44701895383129536,0.023755137795876846,-0.0008588255038882864,0.24987506246876562,False
discover-2026-09-24T07:38:18+00:00,2026-09-24T07:38:18+00:00,0106fab4dc2f35a2,ca09aadca6c719d7,5,discover,k5:three_inside_down+market_up,643,634,0.4637223974763407,0.44465592268177556,0.019066474794565136,-0.0006405788560727368,0.384807596201899,False
discover-2026-09-24T07:38:18+00:00,2026-09-24T07:38:18+00:00,0106fab4dc2f35a2,ca09aadca6c719d7,5,discover,k5:three_inside_down+rvol_high,213,210,0.48095238095238096,0.44539055713745945,0.03556182381492151,-0.0026756590697485255,0.31984007996002,False
discover-2026-09-24T07:38:18+00:00,2026-09-24T07:38:18+00:00,0106fab4dc2f35a2,ca09aadca6c719d7,5,discover,k5:three_inside_down+volume_dry,143,142,0.47183098591549294,0.44539055713745945,0.026440428778033487,0.0010400192244008077,0.5337331334332833,False
discover-2026-09-24T07:38:18+00:00,2026-09-24T07:38:18+00:00,0106fab4dc2f35a2,ca09aadca6c719d7,5,discover,k5:three_inside_down+above_ma_50+at_resistance,186,184,0.4945652173913043,0.44647799342362116,0.04808722396768317,0.0032053315673271597,0.14792603698150925,False
discover-2026-09-24T07:38:18+00:00,2026-09-24T07:38:18+00:00,0106fab4dc2f35a2,ca09aadca6c719d7,5,discover,k5:three_inside_down+above_ma_50+at_support,129,128,0.4609375,0.44647799342362116,0.014459506576378844,-0.0016286808062089802,0.7296351824087957,False
discover-2026-09-24T07:38:18+00:00,2026-09-24T07:38:18+00:00,0106fab4dc2f35a2,ca09aadca6c719d7,5,discover,k5:three_inside_down+above_ma_50+breadth_positive,246,244,0.4959016393442623,0.44547991433577777,0.05042172500848452,0.000839774584855515,0.15792103948025987,False
discover-2026-09-24T07:38:18+00:00,2026-09-24T07:38:18+00:00,0106fab4dc2f35a2,ca09aadca6c719d7,5,discover,k5:three_inside_down+above_ma_50+ma_50_rising,465,458,0.4890829694323144,0.44701895383129536,0.04206401560101902,0.0014093141716611773,0.09395302348825588,False
discover-2026-09-24T07:38:18+00:00,2026-09-24T07:38:18+00:00,0106fab4dc2f35a2,ca09aadca6c719d7,5,discover,k5:three_inside_down+above_ma_50+market_up,401,394,0.4847715736040609,0.44631547919824827,0.03845609440581266,0.00210244283670214,0.1619190404797601,False
discover-2026-09-24T07:38:18+00:00,2026-09-24T07:38:18+00:00,0106fab4dc2f35a2,ca09aadca6c719d7,5,discover,k5:three_inside_down+above_ma_50+rvol_high,106,105,0.49523809523809526,0.4459928272214062,0.04924526801668905,0.006036930414474048,0.35582208895552225,False
discover-2026-09-24T07:38:18+00:00,2026-09-24T07:38:18+00:00,0106fab4dc2f35a2,ca09aadca6c719d7,5,discover,k5:three_inside_down+above_ma_50+volume_dry,51,51,0.5490196078431373,0.4459928272214062,0.1030267806217311,-0.001839380210911032,0.1539230384807596,False
discover-2026-09-24T07:38:18+00:00,2026-09-24T07:38:18+00:00,0106fab4dc2f35a2,ca09aadca6c719d7,5,discover,k5:three_inside_down+at_resistance+at_support,222,218,0.44954128440366975,0.44647799342362116,0.003063290980048594,-0.003855421507397665,0.9315342328835582,False
discover-2026-09-24T07:38:18+00:00,2026-09-24T07:38:18+00:00,0106fab4dc2f35a2,ca09aadca6c719d7,5,discover,k5:three_inside_down+at_resistance+breadth_positive,126,126,0.5238095238095238,0.44594121449348223,0.0778683093160416,0.0002425013510064055,0.06496751624187906,False
discover-2026-09-24T07:38:18+00:00,2026-09-24T07:38:18+00:00,0106fab4dc2f35a2,ca09aadca6c719d7,5,discover,k5:three_inside_down+at_resistance+ma_50_rising,243,240,0.4583333333333333,0.44647799342362116,0.01185533990971216,1.6266409240614046e-05,0.6216891554222889,False
discover-2026-09-24T07:38:18+00:00,2026-09-24T07:38:18+00:00,0106fab4dc2f35a2,ca09aadca6c719d7,5,discover,k5:three_inside_down+at_resistance+market_up,224,220,0.4636363636363636,0.44683182363854634,0.01680453999781728,0.00048281325959385966,0.543728135932034,False
discover-2026-09-24T07:38:18+00:00,2026-09-24T07:38:18+00:00,0106fab4dc2f35a2,ca09aadca6c719d7,5,discover,k5:three_inside_down+at_resistance+rvol_high,54,54,0.5555555555555556,0.44647799342362116,0.10907756213193442,0.0019600951892529994,0.08495752123938032,False
discover-2026-09-24T07:38:18+00:00,2026-09-24T07:38:18+00:00,0106fab4dc2f35a2,ca09aadca6c719d7,5,discover,k5:three_inside_down+at_resistance+volume_dry,50,49,0.3877551020408163,0.44647799342362116,-0.05872289138280484,0.0024038472633160285,0.351824087956022,False
discover-2026-09-24T07:38:18+00:00,2026-09-24T07:38:18+00:00,0106fab4dc2f35a2,ca09aadca6c719d7,5,discover,k5:three_inside_down+at_support+breadth_positive,123,123,0.45528455284552843,0.44594121449348223,0.009343338352046204,-0.004247146168960745,0.8525737131434283,False
discover-2026-09-24T07:38:18+00:00,2026-09-24T07:38:18+00:00,0106fab4dc2f35a2,ca09aadca6c719d7,5,discover,k5:three_inside_down+at_support+ma_50_rising,217,215,0.4604651162790698,0.44647799342362116,0.01398712285544862,-0.0030922404147662136,0.6646676661669165,False
discover-2026-09-24T07:38:18+00:00,2026-09-24T07:38:18+00:00,0106fab4dc2f35a2,ca09aadca6c719d7,5,discover,k5:three_inside_down+at_support+market_up,223,220,0.43636363636363634,0.44683182363854634,-0.010468187274910001,-0.003945208237731431,0.769615192403798,False
discover-2026-09-24T07:38:18+00:00,2026-09-24T07:38:18+00:00,0106fab4dc2f35a2,ca09aadca6c719d7,5,discover,k5:three_inside_down+at_support+rvol_high,63,63,0.49206349206349204,0.44647799342362116,0.04558549863987088,-0.0050304509593786335,0.43478260869565216,False
discover-2026-09-24T07:38:18+00:00,2026-09-24T07:38:18+00:00,0106fab4dc2f35a2,ca09aadca6c719d7,5,discover,k5:three_inside_down+at_support+volume_dry,64,63,0.4444444444444444,0.44647799342362116,-0.002033548979176736,-0.0009350978391460792,0.9495252373813093,False
discover-2026-09-24T07:38:18+00:00,2026-09-24T07:38:18+00:00,0106fab4dc2f35a2,ca09aadca6c719d7,5,discover,k5:three_inside_down+breadth_positive+ma_50_rising,254,253,0.44664031620553357,0.4464890328279111,0.0001512833776224909,-0.004922902861033853,0.975512243878061,False
discover-2026-09-24T07:38:18+00:00,2026-09-24T07:38:18+00:00,0106fab4dc2f35a2,ca09aadca6c719d7,5,discover,k5:three_inside_down+breadth_positive+market_up,327,325,0.47384615384615386,0.44380957897524165,0.030036574870912214,-0.0019087687234891706,0.3568215892053973,False
discover-2026-09-24T07:38:18+00:00,2026-09-24T07:38:18+00:00,0106fab4dc2f35a2,ca09aadca6c719d7,5,discover,k5:three_inside_down+breadth_positive+rvol_high,94,93,0.45161290322580644,0.44482762783547886,0.006785275390327583,-0.011045604480682534,0.8905547226386806,False
discover-2026-09-24T07:38:18+00:00,2026-09-24T07:38:18+00:00,0106fab4dc2f35a2,ca09aadca6c719d7,5,discover,k5:three_inside_down+breadth_positive+volume_dry,43,43,0.4418604651162791,0.44482762783547886,-0.0029671627191997785,0.007996797320203548,0.9765117441279361,False
discover-2026-09-24T07:38:18+00:00,2026-09-24T07:38:18+00:00,0106fab4dc2f35a2,ca09aadca6c719d7,5,discover,k5:three_inside_down+ma_50_rising+market_up,429,422,0.45734597156398105,0.44738177984302396,0.009964191720957083,-0.001823775457406798,0.6926536731634183,False
discover-2026-09-24T07:38:18+00:00,2026-09-24T07:38:18+00:00,0106fab4dc2f35a2,ca09aadca6c719d7,5,discover,k5:three_inside_down+ma_50_rising+rvol_high,122,122,0.45901639344262296,0.44701895383129536,0.011997439611327598,-0.0017330988247432912,0.7856071964017991,False
discover-2026-09-24T07:38:18+00:00,2026-09-24T07:38:18+00:00,0106fab4dc2f35a2,ca09aadca6c719d7,5,discover,k5:three_inside_down+ma_50_rising+volume_dry,82,81,0.4691358024691358,0.44701895383129536,0.022116848637840414,-0.0023992796418725953,0.6676661669165417,False
discover-2026-09-24T07:38:18+00:00,2026-09-24T07:38:18+00:00,0106fab4dc2f35a2,ca09aadca6c719d7,5,discover,k5:three_inside_down+market_up+rvol_high,126,125,0.488,0.44465592268177556,0.04334407731822443,-0.0020753109223927914,0.3728135932033983,False
discover-2026-09-24T07:38:18+00:00,2026-09-24T07:38:18+00:00,0106fab4dc2f35a2,ca09aadca6c719d7,5,discover,k5:three_inside_down+market_up+volume_dry,74,73,0.4931506849315068,0.44465592268177556,0.04849476224973126,0.002719136637077413,0.40379810094952523,False
discover-2026-09-24T07:38:18+00:00,2026-09-24T07:38:18+00:00,0106fab4dc2f35a2,ca09aadca6c719d7,5,discover,k5:three_inside_down+rvol_high+volume_dry,0,0,,0.44539055713745945,,,1.0,False
discover-2026-09-24T07:38:18+00:00,2026-09-24T07:38:18+00:00,0106fab4dc2f35a2,ca09aadca6c719d7,5,discover,k5:tight_range,22298,7214,0.4696423620737455,0.4455410658847203,0.02410129618902518,-0.00014504666716576837,0.004997501249375313,True
discover-2026-09-24T07:38:18+00:00,2026-09-24T07:38:18+00:00,0106fab4dc2f35a2,ca09aadca6c719d7,5,discover,k5:tight_range+above_ma_50,7578,2850,0.4884210526315789,0.4459928272214062,0.042428225410172715,0.0036261587718420334,0.0009995002498750624,True
discover-2026-09-24T07:38:18+00:00,2026-09-24T07:38:18+00:00,0106fab4dc2f35a2,ca09aadca6c719d7,5,discover,k5:tight_range+at_resistance,8224,3251,0.4860043063672716,0.44647799342362116,0.03952631294365044,0.004001702248173759,0.0009995002498750624,True
discover-2026-09-24T07:38:18+00:00,2026-09-24T07:38:18+00:00,0106fab4dc2f35a2,ca09aadca6c719d7,5,discover,k5:tight_range+at_support,11024,4059,0.47203744764720373,0.44647799342362116,0.02555945422358258,0.00048200448706295834,0.015992003998001,False
discover-2026-09-24T07:38:18+00:00,2026-09-24T07:38:18+00:00,0106fab4dc2f35a2,ca09aadca6c719d7,5,discover,k5:tight_range+breadth_positive,10817,4235,0.47768595041322315,0.44499002980945407,0.03269592060376908,0.001275277274227279,0.013993003498250875,False
discover-2026-09-24T07:38:18+00:00,2026-09-24T07:38:18+00:00,0106fab4dc2f35a2,ca09aadca6c719d7,5,discover,k5:tight_range+ma_50_rising,9661,3340,0.48562874251497007,0.44701895383129536,0.038609788683674706,0.0025782041196938986,0.00399800099950025,True
discover-2026-09-24T07:38:18+00:00,2026-09-24T07:38:18+00:00,0106fab4dc2f35a2,ca09aadca6c719d7,5,discover,k5:tight_range+market_up,12692,4365,0.4620847651775487,0.4449532984596332,0.01713146671791549,0.0005527388653908407,0.17191404297851073,False
discover-2026-09-24T07:38:18+00:00,2026-09-24T07:38:18+00:00,0106fab4dc2f35a2,ca09aadca6c719d7,5,discover,k5:tight_range+rvol_high,1643,1225,0.4440816326530612,0.4455410658847203,-0.0014594332316590908,-0.004142027871380275,0.9805097451274363,False
discover-2026-09-24T07:38:18+00:00,2026-09-24T07:38:18+00:00,0106fab4dc2f35a2,ca09aadca6c719d7,5,discover,k5:tight_range+volume_dry,7989,3414,0.46748681898066785,0.4455410658847203,0.02194575309594754,-0.0025859404106115444,0.12293853073463268,False
discover-2026-09-24T07:38:18+00:00,2026-09-24T07:38:18+00:00,0106fab4dc2f35a2,ca09aadca6c719d7,5,discover,k5:tight_range+above_ma_50+at_resistance,4049,1753,0.49743297204791787,0.44647799342362116,0.05095497862429671,0.005208649666715453,0.0009995002498750624,True
discover-2026-09-24T07:38:18+00:00,2026-09-24T07:38:18+00:00,0106fab4dc2f35a2,ca09aadca6c719d7,5,discover,k5:tight_range+above_ma_50+at_support,3121,1393,0.5053840631730079,0.44647799342362116,0.058906069749386725,0.0035819489433288948,0.0009995002498750624,True
discover-2026-09-24T07:38:18+00:00,2026-09-24T07:38:18+00:00,0106fab4dc2f35a2,ca09aadca6c719d7,5,discover,k5:tight_range+above_ma_50+breadth_positive,4222,1814,0.4906284454244763,0.44547991433577777,0.04514853108869854,0.004816191188554282,0.004997501249375313,True
discover-2026-09-24T07:38:18+00:00,2026-09-24T07:38:18+00:00,0106fab4dc2f35a2,ca09aadca6c719d7,5,discover,k5:tight_range+above_ma_50+ma_50_rising,6198,2313,0.49589277993947256,0.44701895383129536,0.0488738261081772,0.004574291860336035,0.0009995002498750624,True
discover-2026-09-24T07:38:18+00:00,2026-09-24T07:38:18+00:00,0106fab4dc2f35a2,ca09aadca6c719d7,5,discover,k5:tight_range+above_ma_50+market_up,5286,2084,0.47888675623800386,0.44631547919824827,0.0325712770397556,0.0036748568967197,0.04097951024487756,False
discover-2026-09-24T07:38:18+00:00,2026-09-24T07:38:18+00:00,0106fab4dc2f35a2,ca09aadca6c719d7,5,discover,k5:tight_range+above_ma_50+rvol_high,600,457,0.4660831509846827,0.4459928272214062,0.02009032376327652,-0.001312193608895944,0.39980009995002497,False
discover-2026-09-24T07:38:18+00:00,2026-09-24T07:38:18+00:00,0106fab4dc2f35a2,ca09aadca6c719d7,5,discover,k5:tight_range+above_ma_50+volume_dry,2579,1226,0.49836867862969003,0.4459928272214062,0.052375851408283824,0.0031240778124897615,0.004997501249375313,True
discover-2026-09-24T07:38:18+00:00,2026-09-24T07:38:18+00:00,0106fab4dc2f35a2,ca09aadca6c719d7,5,discover,k5:tight_range+at_resistance+at_support,5161,2161,0.47663118926422954,0.44647799342362116,0.030153195840608382,0.0032147741067042406,0.013993003498250875,False
discover-2026-09-24T07:38:18+00:00,2026-09-24T07:38:18+00:00,0106fab4dc2f35a2,ca09aadca6c719d7,5,discover,k5:tight_range+at_resistance+breadth_positive,4388,2006,0.4985044865403789,0.44594121449348223,0.05256327204689665,0.005017909275023138,0.0009995002498750624,True
discover-2026-09-24T07:38:18+00:00,2026-09-24T07:38:18+00:00,0106fab4dc2f35a2,ca09aadca6c719d7,5,discover,k5:tight_range+at_resistance+ma_50_rising,4834,1960,0.4928571428571429,0.44647799342362116,0.04637914943352173,0.004990223050273791,0.0009995002498750624,True
discover-2026-09-24T07:38:18+00:00,2026-09-24T07:38:18+00:00,0106fab4dc2f35a2,ca09aadca6c719d7,5,discover,k5:tight_range+at_resistance+market_up,5175,2179,0.4768242312987609,0.44683182363854634,0.02999240766021455,0.0033972888154271937,0.04597701149425287,False
discover-2026-09-24T07:38:18+00:00,2026-09-24T07:38:18+00:00,0106fab4dc2f35a2,ca09aadca6c719d7,5,discover,k5:tight_range+at_resistance+rvol_high,670,535,0.48785046728971965,0.44647799342362116,0.04137247386609849,0.003213438423308307,0.063968015992004,False
discover-2026-09-24T07:38:18+00:00,2026-09-24T07:38:18+00:00,0106fab4dc2f35a2,ca09aadca6c719d7,5,discover,k5:tight_range+at_resistance+volume_dry,2532,1274,0.4717425431711146,0.44647799342362116,0.025264549747493426,0.0021299684565812328,0.14192903548225888,False
discover-2026-09-24T07:38:18+00:00,2026-09-24T07:38:18+00:00,0106fab4dc2f35a2,ca09aadca6c719d7,5,discover,k5:tight_range+at_support+breadth_positive,5185,2290,0.4733624454148472,0.44594121449348223,0.027421230921364947,0.0015873017873990535,0.06196901549225387,False
discover-2026-09-24T07:38:18+00:00,2026-09-24T07:38:18+00:00,0106fab4dc2f35a2,ca09aadca6c719d7,5,discover,k5:tight_range+at_support+ma_50_rising,4878,1956,0.4867075664621677,0.44647799342362116,0.04022957303854652,0.0016181108951776305,0.010994502748625687,False
discover-2026-09-24T07:38:18+00:00,2026-09-24T07:38:18+00:00,0106fab4dc2f35a2,ca09aadca6c719d7,5,discover,k5:tight_range+at_support+market_up,6403,2471,0.45811412383650346,0.44683182363854634,0.011282300197957118,0.0007771895031433594,0.41179410294852575,False
discover-2026-09-24T07:38:18+00:00,2026-09-24T07:38:18+00:00,0106fab4dc2f35a2,ca09aadca6c719d7,5,discover,k5:tight_range+at_support+rvol_high,737,558,0.48028673835125446,0.44647799342362116,0.033808744927633305,-0.00041072788921570107,0.15092453773113443,False
discover-2026-09-24T07:38:18+00:00,2026-09-24T07:38:18+00:00,0106fab4dc2f35a2,ca09aadca6c719d7,5,discover,k5:tight_range+at_support+volume_dry,3915,1910,0.4643979057591623,0.44647799342362116,0.017919912335541133,-0.0008523295498524529,0.22488755622188905,False
discover-2026-09-24T07:38:18+00:00,2026-09-24T07:38:18+00:00,0106fab4dc2f35a2,ca09aadca6c719d7,5,discover,k5:tight_range+breadth_positive+ma_50_rising,4665,1927,0.4945511157239232,0.4464890328279111,0.048062082896012104,0.004699380312688151,0.0029985007496251873,True
discover-2026-09-24T07:38:18+00:00,2026-09-24T07:38:18+00:00,0106fab4dc2f35a2,ca09aadca6c719d7,5,discover,k5:tight_range+breadth_positive+market_up,7518,2914,0.4722031571722718,0.4441275258344024,0.02807563133786939,0.0015644130459261227,0.07296351824087956,False
discover-2026-09-24T07:38:18+00:00,2026-09-24T07:38:18+00:00,0106fab4dc2f35a2,ca09aadca6c719d7,5,discover,k5:tight_range+breadth_positive+rvol_high,909,707,0.43705799151343705,0.44499002980945407,-0.007932038296017019,-0.005092902420553278,0.7406296851574213,False
discover-2026-09-24T07:38:18+00:00,2026-09-24T07:38:18+00:00,0106fab4dc2f35a2,ca09aadca6c719d7,5,discover,k5:tight_range+breadth_positive+volume_dry,3473,1784,0.4882286995515695,0.44499002980945407,0.04323866974211543,0.0008176761654828187,0.022988505747126436,False
discover-2026-09-24T07:38:18+00:00,2026-09-24T07:38:18+00:00,0106fab4dc2f35a2,ca09aadca6c719d7,5,discover,k5:tight_range+ma_50_rising+market_up,6012,2207,0.4685092886270956,0.44738177984302396,0.021127508784071658,0.002484641926289073,0.18490754622688654,False
discover-2026-09-24T07:38:18+00:00,2026-09-24T07:38:18+00:00,0106fab4dc2f35a2,ca09aadca6c719d7,5,discover,k5:tight_range+ma_50_rising+rvol_high,623,476,0.4642857142857143,0.44701895383129536,0.01726676045441894,-0.0005073514255847928,0.42978510744627685,False
discover-2026-09-24T07:38:18+00:00,2026-09-24T07:38:18+00:00,0106fab4dc2f35a2,ca09aadca6c719d7,5,discover,k5:tight_range+ma_50_rising+volume_dry,3685,1646,0.48116646415552855,0.44701895383129536,0.03414751032423319,-0.0007622200009464169,0.0769615192403798,False
discover-2026-09-24T07:38:18+00:00,2026-09-24T07:38:18+00:00,0106fab4dc2f35a2,ca09aadca6c719d7,5,discover,k5:tight_range+market_up+rvol_high,985,741,0.446693657219973,0.4449532984596332,0.0017403587603397885,-0.0036100187258834952,0.8715642178910544,False
discover-2026-09-24T07:38:18+00:00,2026-09-24T07:38:18+00:00,0106fab4dc2f35a2,ca09aadca6c719d7,5,discover,k5:tight_range+market_up+volume_dry,4219,1930,0.4538860103626943,0.4449532984596332,0.008932711903061108,-0.0034430442784475625,0.6326836581709145,False
discover-2026-09-24T07:38:18+00:00,2026-09-24T07:38:18+00:00,0106fab4dc2f35a2,ca09aadca6c719d7,5,discover,k5:tight_range+rvol_high+volume_dry,0,0,,0.4455410658847203,,,1.0,False
discover-2026-09-24T07:38:18+00:00,2026-09-24T07:38:18+00:00,0106fab4dc2f35a2,ca09aadca6c719d7,5,discover,k5:inside_day_run,7893,6534,0.44291398836853385,0.4462617769409615,-0.0033477885724276235,0.0011474028079258814,0.6056971514242878,False
discover-2026-09-24T07:38:18+00:00,2026-09-24T07:38:18+00:00,0106fab4dc2f35a2,ca09aadca6c719d7,5,discover,k5:inside_day_run+above_ma_50,3314,2804,0.4753922967189729,0.4459928272214062,0.029399469497566666,0.006052597698535936,0.00399800099950025,True
discover-2026-09-24T07:38:18+00:00,2026-09-24T07:38:18+00:00,0106fab4dc2f35a2,ca09aadca6c719d7,5,discover,k5:inside_day_run+at_resistance,2845,2422,0.4508670520231214,0.44647799342362116,0.0043890585995002285,0.0026690723516687447,0.6816591704147926,False
discover-2026-09-24T07:38:18+00:00,2026-09-24T07:38:18+00:00,0106fab4dc2f35a2,ca09aadca6c719d7,5,discover,k5:inside_day_run+at_support,3102,2623,0.4136484940907358,0.44647799342362116,-0.03282949933288537,-0.0030392214194111117,0.0029985007496251873,True
discover-2026-09-24T07:38:18+00:00,2026-09-24T07:38:18+00:00,0106fab4dc2f35a2,ca09aadca6c719d7,5,discover,k5:inside_day_run+breadth_positive,3687,3199,0.44732728977805564,0.4463958906848346,0.0009313990932210414,0.002221986535930846,0.9785107446276862,False
discover-2026-09-24T07:38:18+00:00,2026-09-24T07:38:18+00:00,0106fab4dc2f35a2,ca09aadca6c719d7,5,discover,k5:inside_day_run+ma_50_rising,3524,2953,0.460548594649509,0.44701895383129536,0.013529640818213617,0.003436084891950426,0.19790104947526238,False
discover-2026-09-24T07:38:18+00:00,2026-09-24T07:38:18+00:00,0106fab4dc2f35a2,ca09aadca6c719d7,5,discover,k5:inside_day_run+market_up,4740,3953,0.44978497343789525,0.4441423923297588,0.00564258110813648,0.003406977953153527,0.5877061469265368,False
discover-2026-09-24T07:38:18+00:00,2026-09-24T07:38:18+00:00,0106fab4dc2f35a2,ca09aadca6c719d7,5,discover,k5:inside_day_run+rvol_high,455,431,0.4593967517401392,0.4451691663760028,0.01422758536413643,0.005044855674750896,0.512743628185907,False
discover-2026-09-24T07:38:18+00:00,2026-09-24T07:38:18+00:00,0106fab4dc2f35a2,ca09aadca6c719d7,5,discover,k5:inside_day_run+volume_dry,1539,1375,0.41745454545454547,0.44539055713745945,-0.027936011682913986,-0.003879503072483155,0.05897051474262868,False
discover-2026-09-24T07:38:18+00:00,2026-09-24T07:38:18+00:00,0106fab4dc2f35a2,ca09aadca6c719d7,5,discover,k5:inside_day_run+above_ma_50+at_resistance,1712,1470,0.4666666666666667,0.44647799342362116,0.02018867324304552,0.0040963270746736825,0.1619190404797601,False
discover-2026-09-24T07:38:18+00:00,2026-09-24T07:38:18+00:00,0106fab4dc2f35a2,ca09aadca6c719d7,5,discover,k5:inside_day_run+above_ma_50+at_support,1012,888,0.45382882882882886,0.44647799342362116,0.007350835405207701,0.001946620192163618,0.7026486756621689,False
discover-2026-09-24T07:38:18+00:00,2026-09-24T07:38:18+00:00,0106fab4dc2f35a2,ca09aadca6c719d7,5,discover,k5:inside_day_run+above_ma_50+breadth_positive,1941,1691,0.4612655233589592,0.44547991433577777,0.015785609023181435,0.0062075667829855595,0.31784107946026985,False
discover-2026-09-24T07:38:18+00:00,2026-09-24T07:38:18+00:00,0106fab4dc2f35a2,ca09aadca6c719d7,5,discover,k5:inside_day_run+above_ma_50+ma_50_rising,2623,2220,0.4797297297297297,0.44701895383129536,0.03271077589843435,0.0067605657334531425,0.008995502248875561,False
discover-2026-09-24T07:38:18+00:00,2026-09-24T07:38:18+00:00,0106fab4dc2f35a2,ca09aadca6c719d7,5,discover,k5:inside_day_run+above_ma_50+market_up,2508,2128,0.47462406015037595,0.44631547919824827,0.028308580952127682,0.007489160845951853,0.029985007496251874,False
discover-2026-09-24T07:38:18+00:00,2026-09-24T07:38:18+00:00,0106fab4dc2f35a2,ca09aadca6c719d7,5,discover,k5:inside_day_run+above_ma_50+rvol_high,212,206,0.5145631067961165,0.4459928272214062,0.06857027957471029,0.014683967906934752,0.03498250874562719,False
discover-2026-09-24T07:38:18+00:00,2026-09-24T07:38:18+00:00,0106fab4dc2f35a2,ca09aadca6c719d7,5,discover,k5:inside_day_run+above_ma_50+volume_dry,563,511,0.44031311154598823,0.4459928272214062,-0.005679715675417973,-0.00071449149880801,0.7976011994002998,False
discover-2026-09-24T07:38:18+00:00,2026-09-24T07:38:18+00:00,0106fab4dc2f35a2,ca09aadca6c719d7,5,discover,k5:inside_day_run+at_resistance+at_support,1593,1376,0.4316860465116279,0.44647799342362116,-0.014791946911993259,0.0005977745012789173,0.3238380809595202,False
discover-2026-09-24T07:38:18+00:00,2026-09-24T07:38:18+00:00,0106fab4dc2f35a2,ca09aadca6c719d7,5,discover,k5:inside_day_run+at_resistance+breadth_positive,1519,1336,0.4476047904191617,0.44594121449348223,0.0016635759256794502,0.0028828887429513676,0.9335332333833083,False
discover-2026-09-24T07:38:18+00:00,2026-09-24T07:38:18+00:00,0106fab4dc2f35a2,ca09aadca6c719d7,5,discover,k5:inside_day_run+at_resistance+ma_50_rising,1670,1432,0.4594972067039106,0.44647799342362116,0.013019213280289432,0.00248836651721404,0.3818090954522739,False
discover-2026-09-24T07:38:18+00:00,2026-09-24T07:38:18+00:00,0106fab4dc2f35a2,ca09aadca6c719d7,5,discover,k5:inside_day_run+at_resistance+market_up,1921,1642,0.4610231425091352,0.44683182363854634,0.014191318870588832,0.004618703311911361,0.3248375812093953,False
discover-2026-09-24T07:38:18+00:00,2026-09-24T07:38:18+00:00,0106fab4dc2f35a2,ca09aadca6c719d7,5,discover,k5:inside_day_run+at_resistance+rvol_high,184,176,0.5056818181818182,0.44647799342362116,0.05920382475819708,0.009010992361792007,0.10194902548725637,False
discover-2026-09-24T07:38:18+00:00,2026-09-24T07:38:18+00:00,0106fab4dc2f35a2,ca09aadca6c719d7,5,discover,k5:inside_day_run+at_resistance+volume_dry,493,452,0.40486725663716816,0.44647799342362116,-0.041610736786452995,-0.0017077364879635386,0.079960019990005,False
discover-2026-09-24T07:38:18+00:00,2026-09-24T07:38:18+00:00,0106fab4dc2f35a2,ca09aadca6c719d7,5,discover,k5:inside_day_run+at_support+breadth_positive,1386,1227,0.4189079054604727,0.44594121449348223,-0.027033309033009545,-0.002071655047639099,0.12593703148425786,False
discover-2026-09-24T07:38:18+00:00,2026-09-24T07:38:18+00:00,0106fab4dc2f35a2,ca09aadca6c719d7,5,discover,k5:inside_day_run+at_support+ma_50_rising,1328,1148,0.4137630662020906,0.44647799342362116,-0.032714927221530576,-0.0035337378929572952,0.035982008995502246,False
discover-2026-09-24T07:38:18+00:00,2026-09-24T07:38:18+00:00,0106fab4dc2f35a2,ca09aadca6c719d7,5,discover,k5:inside_day_run+at_support+market_up,1839,1571,0.42393380012730747,0.44683182363854634,-0.022898023511238874,-0.0010002790295349034,0.11294352823588207,False
discover-2026-09-24T07:38:18+00:00,2026-09-24T07:38:18+00:00,0106fab4dc2f35a2,ca09aadca6c719d7,5,discover,k5:inside_day_run+at_support+rvol_high,146,139,0.45323741007194246,0.44647799342362116,0.006759416648321304,0.002888036561112415,0.8715642178910544,False
discover-2026-09-24T07:38:18+00:00,2026-09-24T07:38:18+00:00,0106fab4dc2f35a2,ca09aadca6c719d7,5,discover,k5:inside_day_run+at_support+volume_dry,739,670,0.41194029850746267,0.44647799342362116,-0.03453769491615849,-0.004120695411135151,0.07396301849075462,False
discover-2026-09-24T07:38:18+00:00,2026-09-24T07:38:18+00:00,0106fab4dc2f35a2,ca09aadca6c719d7,5,discover,k5:inside_day_run+breadth_positive+ma_50_rising,1826,1591,0.4607165304839723,0.4464890328279111,0.014227497656061239,0.005194756845827759,0.4057971014492754,False
discover-2026-09-24T07:38:18+00:00,2026-09-24T07:38:18+00:00,0106fab4dc2f35a2,ca09aadca6c719d7,5,discover,k5:inside_day_run+breadth_positive+market_up,2764,2380,0.45252100840336135,0.4435340947732683,0.008986913630093074,0.004151654201674086,0.5547226386806596,False
discover-2026-09-24T07:38:18+00:00,2026-09-24T07:38:18+00:00,0106fab4dc2f35a2,ca09aadca6c719d7,5,discover,k5:inside_day_run+breadth_positive+rvol_high,252,238,0.4369747899159664,0.4446161483521763,-0.0076413584362098885,0.004759001415332351,0.7776111944027986,False
discover-2026-09-24T07:38:18+00:00,2026-09-24T07:38:18+00:00,0106fab4dc2f35a2,ca09aadca6c719d7,5,discover,k5:inside_day_run+breadth_positive+volume_dry,607,568,0.4084507042253521,0.44482762783547886,-0.03637692361012673,-0.002740042206255501,0.06996501749125437,False
discover-2026-09-24T07:38:18+00:00,2026-09-24T07:38:18+00:00,0106fab4dc2f35a2,ca09aadca6c719d7,5,discover,k5:inside_day_run+ma_50_rising+market_up,2488,2106,0.46391263057929727,0.44738177984302396,0.016530850736273306,0.005486303011388246,0.22488755622188905,False
discover-2026-09-24T07:38:18+00:00,2026-09-24T07:38:18+00:00,0106fab4dc2f35a2,ca09aadca6c719d7,5,discover,k5:inside_day_run+ma_50_rising+rvol_high,200,194,0.4845360824742268,0.44701895383129536,0.03751712864293144,0.01134978289303691,0.2818590704647676,False
discover-2026-09-24T07:38:18+00:00,2026-09-24T07:38:18+00:00,0106fab4dc2f35a2,ca09aadca6c719d7,5,discover,k5:inside_day_run+ma_50_rising+volume_dry,732,663,0.4238310708898944,0.44701895383129536,-0.02318788294140095,-0.0034652909902096866,0.2888555722138931,False
discover-2026-09-24T07:38:18+00:00,2026-09-24T07:38:18+00:00,0106fab4dc2f35a2,ca09aadca6c719d7,5,discover,k5:inside_day_run+market_up+rvol_high,296,279,0.4336917562724014,0.44439564125395803,-0.01070388498155661,0.007407135115556271,0.6776611694152923,False
discover-2026-09-24T07:38:18+00:00,2026-09-24T07:38:18+00:00,0106fab4dc2f35a2,ca09aadca6c719d7,5,discover,k5:inside_day_run+market_up+volume_dry,806,721,0.4133148404993065,0.44465592268177556,-0.03134108218246906,-0.002397184445710439,0.14392803598200898,False
discover-2026-09-24T07:38:18+00:00,2026-09-24T07:38:18+00:00,0106fab4dc2f35a2,ca09aadca6c719d7,5,discover,k5:inside_day_run+rvol_high+volume_dry,0,0,,0.44539055713745945,,,1.0,False
discover-2026-09-24T07:38:18+00:00,2026-09-24T07:38:18+00:00,0106fab4dc2f35a2,ca09aadca6c719d7,5,discover,k5:higher_lows,2745,2115,0.4761229314420804,0.44637959711698394,0.02974333432509646,0.0013813320517419667,0.028985507246376812,False
discover-2026-09-24T07:38:18+00:00,2026-09-24T07:38:18+00:00,0106fab4dc2f35a2,ca09aadca6c719d7,5,discover,k5:higher_lows+above_ma_50,1442,1107,0.5022583559168925,0.4459928272214062,0.05626552869548629,0.004850361199005612,0.001999000499750125,True
discover-2026-09-24T07:38:18+00:00,2026-09-24T07:38:18+00:00,0106fab4dc2f35a2,ca09aadca6c719d7,5,discover,k5:higher_lows+at_resistance,1228,946,0.4820295983086681,0.44647799342362116,0.03555160488504694,0.004566390590890303,0.07096451774112944,False
discover-2026-09-24T07:38:18+00:00,2026-09-24T07:38:18+00:00,0106fab4dc2f35a2,ca09aadca6c719d7,5,discover,k5:higher_lows+at_support,1062,829,0.4680337756332931,0.44647799342362116,0.02155578220967197,0.002014563741864347,0.2988505747126437,False
discover-2026-09-24T07:38:18+00:00,2026-09-24T07:38:18+00:00,0106fab4dc2f35a2,ca09aadca6c719d7,5,discover,k5:higher_lows+breadth_positive,1261,1030,0.49902912621359224,0.44629184575803793,0.052737280455554314,0.004580408733017113,0.004997501249375313,True
discover-2026-09-24T07:38:18+00:00,2026-09-24T07:38:18+00:00,0106fab4dc2f35a2,ca09aadca6c719d7,5,discover,k5:higher_lows+ma_50_rising,1304,1022,0.50293542074364,0.44701895383129536,0.05591646691234459,0.003354509606693749,0.00399800099950025,True
discover-2026-09-24T07:38:18+00:00,2026-09-24T07:38:18+00:00,0106fab4dc2f35a2,ca09aadca6c719d7,5,discover,k5:higher_lows+market_up,1697,1320,0.48409090909090907,0.4441013686152516,0.03998954047565745,0.003844041840140301,0.02798600699650175,False
discover-2026-09-24T07:38:18+00:00,2026-09-24T07:38:18+00:00,0106fab4dc2f35a2,ca09aadca6c719d7,5,discover,k5:higher_lows+rvol_high,265,237,0.4936708860759494,0.4451691663760028,0.0485017196999466,0.0062699159172698304,0.12693653173413294,False
discover-2026-09-24T07:38:18+00:00,2026-09-24T07:38:18+00:00,0106fab4dc2f35a2,ca09aadca6c719d7,5,discover,k5:higher_lows+volume_dry,546,474,0.459915611814346,0.44539055713745945,0.014525054676886529,-0.0013455716297776591,0.5637181409295352,False
discover-2026-09-24T07:38:18+00:00,2026-09-24T07:38:18+00:00,0106fab4dc2f35a2,ca09aadca6c719d7,5,discover,k5:higher_lows+above_ma_50+at_resistance,865,670,0.4955223880597015,0.44647799342362116,0.049044394636080346,0.005152669203312021,0.0239880059970015,False
discover-2026-09-24T07:38:18+00:00,2026-09-24T07:38:18+00:00,0106fab4dc2f35a2,ca09aadca6c719d7,5,discover,k5:higher_lows+above_ma_50+at_support,469,374,0.5080213903743316,0.44647799342362116,0.06154339695071043,0.007009054492106169,0.031984007996002,False
discover-2026-09-24T07:38:18+00:00,2026-09-24T07:38:18+00:00,0106fab4dc2f35a2,ca09aadca6c719d7,5,discover,k5:higher_lows+above_ma_50+breadth_positive,754,622,0.5209003215434084,0.44547991433577777,0.0754204072076306,0.006776717006924488,0.001999000499750125,True
discover-2026-09-24T07:38:18+00:00,2026-09-24T07:38:18+00:00,0106fab4dc2f35a2,ca09aadca6c719d7,5,discover,k5:higher_lows+above_ma_50+ma_50_rising,1092,850,0.5141176470588236,0.44701895383129536,0.0670986932275282,0.005229268456322833,0.0029985007496251873,True
discover-2026-09-24T07:38:18+00:00,2026-09-24T07:38:18+00:00,0106fab4dc2f35a2,ca09aadca6c719d7,5,discover,k5:higher_lows+above_ma_50+market_up,1048,824,0.49514563106796117,0.44631547919824827,0.0488301518697129,0.005265653881367526,0.014992503748125937,False
discover-2026-09-24T07:38:18+00:00,2026-09-24T07:38:18+00:00,0106fab4dc2f35a2,ca09aadca6c719d7,5,discover,k5:higher_lows+above_ma_50+rvol_high,174,153,0.5228758169934641,0.4459928272214062,0.07688298977205787,0.011218736864115049,0.047976011994003,False
discover-2026-09-24T07:38:18+00:00,2026-09-24T07:38:18+00:00,0106fab4dc2f35a2,ca09aadca6c719d7,5,discover,k5:higher_lows+above_ma_50+volume_dry,260,222,0.4774774774774775,0.4459928272214062,0.03148465025607128,0.002223968508450279,0.3618190904547726,False
discover-2026-09-24T07:38:18+00:00,2026-09-24T07:38:18+00:00,0106fab4dc2f35a2,ca09aadca6c719d7,5,discover,k5:higher_lows+at_resistance+at_support,668,521,0.46065259117082535,0.44647799342362116,0.014174597747204198,0.0039018507024578615,0.5657171414292853,False
discover-2026-09-24T07:38:18+00:00,2026-09-24T07:38:18+00:00,0106fab4dc2f35a2,ca09aadca6c719d7,5,discover,k5:higher_lows+at_resistance+breadth_positive,605,505,0.497029702970297,0.44594121449348223,0.0510884884768148,0.005976208959221292,0.06196901549225387,False
discover-2026-09-24T07:38:18+00:00,2026-09-24T07:38:18+00:00,0106fab4dc2f35a2,ca09aadca6c719d7,5,discover,k5:higher_lows+at_resistance+ma_50_rising,734,572,0.49125874125874125,0.44647799342362116,0.044780747835120094,0.004609287756116002,0.04397801099450275,False
discover-2026-09-24T07:38:18+00:00,2026-09-24T07:38:18+00:00,0106fab4dc2f35a2,ca09aadca6c719d7,5,discover,k5:higher_lows+at_resistance+market_up,813,644,0.484472049689441,0.44683182363854634,0.037640226050894676,0.004542301131860193,0.11594202898550725,False
discover-2026-09-24T07:38:18+00:00,2026-09-24T07:38:18+00:00,0106fab4dc2f35a2,ca09aadca6c719d7,5,discover,k5:higher_lows+at_resistance+rvol_high,141,125,0.48,0.44647799342362116,0.03352200657637883,0.004659157557828346,0.4357821089455272,False
discover-2026-09-24T07:38:18+00:00,2026-09-24T07:38:18+00:00,0106fab4dc2f35a2,ca09aadca6c719d7,5,discover,k5:higher_lows+at_resistance+volume_dry,222,192,0.4635416666666667,0.44647799342362116,0.01706367324304553,0.003181584461939611,0.656671664167916,False
discover-2026-09-24T07:38:18+00:00,2026-09-24T07:38:18+00:00,0106fab4dc2f35a2,ca09aadca6c719d7,5,discover,k5:higher_lows+at_support+breadth_positive,455,380,0.45,0.44594121449348223,0.004058785506517781,0.002263366235416267,0.8835582208895553,False
discover-2026-09-24T07:38:18+00:00,2026-09-24T07:38:18+00:00,0106fab4dc2f35a2,ca09aadca6c719d7,5,discover,k5:higher_lows+at_support+ma_50_rising,454,372,0.49193548387096775,0.44647799342362116,0.045457490447346593,0.0028230103455284252,0.13093453273363317,False
discover-2026-09-24T07:38:18+00:00,2026-09-24T07:38:18+00:00,0106fab4dc2f35a2,ca09aadca6c719d7,5,discover,k5:higher_lows+at_support+market_up,632,516,0.45930232558139533,0.44683182363854634,0.012470501942848988,0.003340060982523515,0.5857071464267866,False
discover-2026-09-24T07:38:18+00:00,2026-09-24T07:38:18+00:00,0106fab4dc2f35a2,ca09aadca6c719d7,5,discover,k5:higher_lows+at_support+rvol_high,92,83,0.4819277108433735,0.44647799342362116,0.035449717419752336,0.003996678274262945,0.5697151424287856,False
discover-2026-09-24T07:38:18+00:00,2026-09-24T07:38:18+00:00,0106fab4dc2f35a2,ca09aadca6c719d7,5,discover,k5:higher_lows+at_support+volume_dry,261,225,0.48444444444444446,0.44647799342362116,0.0379664510208233,0.005057167863517529,0.2928535732133933,False
discover-2026-09-24T07:38:18+00:00,2026-09-24T07:38:18+00:00,0106fab4dc2f35a2,ca09aadca6c719d7,5,discover,k5:higher_lows+breadth_positive+ma_50_rising,619,511,0.538160469667319,0.4464890328279111,0.09167143683940793,0.006671348892672665,0.0009995002498750624,True
discover-2026-09-24T07:38:18+00:00,2026-09-24T07:38:18+00:00,0106fab4dc2f35a2,ca09aadca6c719d7,5,discover,k5:higher_lows+breadth_positive+market_up,975,790,0.5113924050632911,0.44348470583521965,0.06790769922807144,0.006632550058033728,0.004997501249375313,True
discover-2026-09-24T07:38:18+00:00,2026-09-24T07:38:18+00:00,0106fab4dc2f35a2,ca09aadca6c719d7,5,discover,k5:higher_lows+breadth_positive+rvol_high,146,134,0.5223880597014925,0.4446161483521763,0.07777191134931621,0.010500866527674811,0.050974512743628186,False
discover-2026-09-24T07:38:18+00:00,2026-09-24T07:38:18+00:00,0106fab4dc2f35a2,ca09aadca6c719d7,5,discover,k5:higher_lows+breadth_positive+volume_dry,204,181,0.44751381215469616,0.44482762783547886,0.0026861843192172996,-0.002564314240956233,0.9735132433783108,False
discover-2026-09-24T07:38:18+00:00,2026-09-24T07:38:18+00:00,0106fab4dc2f35a2,ca09aadca6c719d7,5,discover,k5:higher_lows+ma_50_rising+market_up,919,730,0.5068493150684932,0.44738177984302396,0.059467535225469215,0.004782922153965357,0.004997501249375313,True
discover-2026-09-24T07:38:18+00:00,2026-09-24T07:38:18+00:00,0106fab4dc2f35a2,ca09aadca6c719d7,5,discover,k5:higher_lows+ma_50_rising+rvol_high,134,120,0.5333333333333333,0.44701895383129536,0.08631437950203796,0.012602394570250893,0.04397801099450275,False
discover-2026-09-24T07:38:18+00:00,2026-09-24T07:38:18+00:00,0106fab4dc2f35a2,ca09aadca6c719d7,5,discover,k5:higher_lows+ma_50_rising+volume_dry,292,260,0.47692307692307695,0.44701895383129536,0.029904123091781587,-0.000952788599802913,0.3918040979510245,False
discover-2026-09-24T07:38:18+00:00,2026-09-24T07:38:18+00:00,0106fab4dc2f35a2,ca09aadca6c719d7,5,discover,k5:higher_lows+market_up+rvol_high,171,156,0.48717948717948717,0.44439564125395803,0.04278384592552914,0.01032501297240487,0.28085957021489255,False
discover-2026-09-24T07:38:18+00:00,2026-09-24T07:38:18+00:00,0106fab4dc2f35a2,ca09aadca6c719d7,5,discover,k5:higher_lows+market_up+volume_dry,316,273,0.4652014652014652,0.44465592268177556,0.020545542519689652,-0.002305571440017486,0.5537231384307846,False
discover-2026-09-24T07:38:18+00:00,2026-09-24T07:38:18+00:00,0106fab4dc2f35a2,ca09aadca6c719d7,5,discover,k5:higher_lows+rvol_high+volume_dry,0,0,,0.44539055713745945,,,1.0,False
discover-2026-09-24T07:38:18+00:00,2026-09-24T07:38:18+00:00,0106fab4dc2f35a2,ca09aadca6c719d7,5,discover,k5:breakout,14201,7438,0.41852648561441247,0.4451691663760028,-0.02664268076159032,-0.004329412605565981,0.004997501249375313,True
discover-2026-09-24T07:38:18+00:00,2026-09-24T07:38:18+00:00,0106fab4dc2f35a2,ca09aadca6c719d7,5,discover,k5:breakout+above_ma_50,12797,6683,0.4222654496483615,0.4459928272214062,-0.023727377573044717,-0.0037860159690448598,0.014992503748125937,False
discover-2026-09-24T07:38:18+00:00,2026-09-24T07:38:18+00:00,0106fab4dc2f35a2,ca09aadca6c719d7,5,discover,k5:breakout+at_resistance,2277,1884,0.41932059447983017,0.44647799342362116,-0.02715739894379099,-0.0019800821946557756,0.050974512743628186,False
discover-2026-09-24T07:38:18+00:00,2026-09-24T07:38:18+00:00,0106fab4dc2f35a2,ca09aadca6c719d7,5,discover,k5:breakout+at_support,1529,1321,0.4072672218016654,0.44647799342362116,-0.03921077162195574,-0.005162501398366284,0.010994502748625687,False
discover-2026-09-24T07:38:18+00:00,2026-09-24T07:38:18+00:00,0106fab4dc2f35a2,ca09aadca6c719d7,5,discover,k5:breakout+breadth_positive,9921,5511,0.4142623843222646,0.4446161483521763,-0.03035376402991169,-0.004925155218874555,0.013993003498250875,False
discover-2026-09-24T07:38:18+00:00,2026-09-24T07:38:18+00:00,0106fab4dc2f35a2,ca09aadca6c719d7,5,discover,k5:breakout+ma_50_rising,9406,4801,0.4446990210372839,0.44701895383129536,-0.0023199327940114367,-0.0018443991130057144,0.8865567216391804,False
discover-2026-09-24T07:38:18+00:00,2026-09-24T07:38:18+00:00,0106fab4dc2f35a2,ca09aadca6c719d7,5,discover,k5:breakout+market_up,10979,5851,0.4170227311570672,0.44439564125395803,-0.027372910096890857,-0.004462763296649906,0.01699150424787606,False
discover-2026-09-24T07:38:18+00:00,2026-09-24T07:38:18+00:00,0106fab4dc2f35a2,ca09aadca6c719d7,5,discover,k5:breakout+rvol_high,9220,5717,0.4154276718558685,0.4451691663760028,-0.029741494520134304,-0.004486513007200896,0.00399800099950025,True
discover-2026-09-24T07:38:18+00:00,2026-09-24T07:38:18+00:00,0106fab4dc2f35a2,ca09aadca6c719d7,5,discover,k5:breakout+volume_dry,142,114,0.5263157894736842,0.44539055713745945,0.08092523233622473,0.02392536925316572,0.08095952023988005,False
discover-2026-09-24T07:38:18+00:00,2026-09-24T07:38:18+00:00,0106fab4dc2f35a2,ca09aadca6c719d7,5,discover,k5:breakout+above_ma_50+at_resistance,2218,1836,0.42211328976034856,0.44647799342362116,-0.02436470366327259,-0.0017650467443697066,0.08995502248875563,False
discover-2026-09-24T07:38:18+00:00,2026-09-24T07:38:18+00:00,0106fab4dc2f35a2,ca09aadca6c719d7,5,discover,k5:breakout+above_ma_50+at_support,1465,1273,0.40769835035349566,0.44647799342362116,-0.03877964307012549,-0.005090239317012765,0.012993503248375811,False
discover-2026-09-24T07:38:18+00:00,2026-09-24T07:38:18+00:00,0106fab4dc2f35a2,ca09aadca6c719d7,5,discover,k5:breakout+above_ma_50+breadth_positive,9061,5014,0.4148384523334663,0.44547991433577777,-0.030641462002311493,-0.004522477979809446,0.015992003998001,False
discover-2026-09-24T07:38:18+00:00,2026-09-24T07:38:18+00:00,0106fab4dc2f35a2,ca09aadca6c719d7,5,discover,k5:breakout+above_ma_50+ma_50_rising,9397,4794,0.4451397580308719,0.44701895383129536,-0.00187919580042345,-0.0017608204122495001,0.9175412293853074,False
discover-2026-09-24T07:38:18+00:00,2026-09-24T07:38:18+00:00,0106fab4dc2f35a2,ca09aadca6c719d7,5,discover,k5:breakout+above_ma_50+market_up,10384,5506,0.41899745731928806,0.44631547919824827,-0.027318021878960208,-0.0040267960639355045,0.01999000499750125,False
discover-2026-09-24T07:38:18+00:00,2026-09-24T07:38:18+00:00,0106fab4dc2f35a2,ca09aadca6c719d7,5,discover,k5:breakout+above_ma_50+rvol_high,8331,5151,0.41894777713065423,0.4459928272214062,-0.027045050090751976,-0.003718172759781299,0.012993503248375811,False
discover-2026-09-24T07:38:18+00:00,2026-09-24T07:38:18+00:00,0106fab4dc2f35a2,ca09aadca6c719d7,5,discover,k5:breakout+above_ma_50+volume_dry,123,98,0.5204081632653061,0.4459928272214062,0.07441533604389994,0.0267009550390371,0.1199400299850075,False
discover-2026-09-24T07:38:18+00:00,2026-09-24T07:38:18+00:00,0106fab4dc2f35a2,ca09aadca6c719d7,5,discover,k5:breakout+at_resistance+at_support,938,839,0.4064362336114422,0.44647799342362116,-0.040041759812178945,-0.002471084654748704,0.03398300849575212,False
discover-2026-09-24T07:38:18+00:00,2026-09-24T07:38:18+00:00,0106fab4dc2f35a2,ca09aadca6c719d7,5,discover,k5:breakout+at_resistance+breadth_positive,1535,1317,0.41154138192862566,0.44594121449348223,-0.03439983256485657,-0.0028733650310469915,0.054972513743128434,False
discover-2026-09-24T07:38:18+00:00,2026-09-24T07:38:18+00:00,0106fab4dc2f35a2,ca09aadca6c719d7,5,discover,k5:breakout+at_resistance+ma_50_rising,970,830,0.4710843373493976,0.44647799342362116,0.02460634392577643,0.0008395699095913365,0.22788605697151423,False
discover-2026-09-24T07:38:18+00:00,2026-09-24T07:38:18+00:00,0106fab4dc2f35a2,ca09aadca6c719d7,5,discover,k5:breakout+at_resistance+market_up,1709,1443,0.4171864171864172,0.44683182363854634,-0.029645406452129153,-0.002502820045458419,0.09495252373813093,False
discover-2026-09-24T07:38:18+00:00,2026-09-24T07:38:18+00:00,0106fab4dc2f35a2,ca09aadca6c719d7,5,discover,k5:breakout+at_resistance+rvol_high,1592,1410,0.41134751773049644,0.44647799342362116,-0.03513047569312472,-0.0033176841459897598,0.03298350824587706,False
discover-2026-09-24T07:38:18+00:00,2026-09-24T07:38:18+00:00,0106fab4dc2f35a2,ca09aadca6c719d7,5,discover,k5:breakout+at_resistance+volume_dry,33,32,0.59375,0.44647799342362116,0.14727200657637884,0.02672813612931428,0.11494252873563218,False
discover-2026-09-24T07:38:18+00:00,2026-09-24T07:38:18+00:00,0106fab4dc2f35a2,ca09aadca6c719d7,5,discover,k5:breakout+at_support+breadth_positive,996,877,0.4070695553021665,0.44594121449348223,-0.038871659191315744,-0.00517131019543859,0.051974012993503245,False
discover-2026-09-24T07:38:18+00:00,2026-09-24T07:38:18+00:00,0106fab4dc2f35a2,ca09aadca6c719d7,5,discover,k5:breakout+at_support+ma_50_rising,455,431,0.4593967517401392,0.44647799342362116,0.012918758316518064,-0.0023558367140550894,0.5737131434282858,False
discover-2026-09-24T07:38:18+00:00,2026-09-24T07:38:18+00:00,0106fab4dc2f35a2,ca09aadca6c719d7,5,discover,k5:breakout+at_support+market_up,1117,987,0.41236068895643363,0.44683182363854634,-0.034471134682112714,-0.004519172604552885,0.07096451774112944,False
discover-2026-09-24T07:38:18+00:00,2026-09-24T07:38:18+00:00,0106fab4dc2f35a2,ca09aadca6c719d7,5,discover,k5:breakout+at_support+rvol_high,1134,1030,0.41067961165048544,0.44647799342362116,-0.03579838177313571,-0.005663105309390059,0.04597701149425287,False
discover-2026-09-24T07:38:18+00:00,2026-09-24T07:38:18+00:00,0106fab4dc2f35a2,ca09aadca6c719d7,5,discover,k5:breakout+at_support+volume_dry,18,18,0.3888888888888889,0.44647799342362116,-0.05758910453473226,0.008433829445386898,1.0,False
discover-2026-09-24T07:38:18+00:00,2026-09-24T07:38:18+00:00,0106fab4dc2f35a2,ca09aadca6c719d7,5,discover,k5:breakout+breadth_positive+ma_50_rising,6651,3616,0.4377765486725664,0.4464890328279111,-0.008712484155344702,-0.002836521778174186,0.5807096451774113,False
discover-2026-09-24T07:38:18+00:00,2026-09-24T07:38:18+00:00,0106fab4dc2f35a2,ca09aadca6c719d7,5,discover,k5:breakout+breadth_positive+market_up,8409,4640,0.41357758620689655,0.44355480426312643,-0.029977218056229882,-0.004874618845534001,0.03398300849575212,False
discover-2026-09-24T07:38:18+00:00,2026-09-24T07:38:18+00:00,0106fab4dc2f35a2,ca09aadca6c719d7,5,discover,k5:breakout+breadth_positive+rvol_high,6621,4245,0.41130742049469965,0.4446161483521763,-0.03330872785747663,-0.004758797395897191,0.01199400299850075,False
discover-2026-09-24T07:38:18+00:00,2026-09-24T07:38:18+00:00,0106fab4dc2f35a2,ca09aadca6c719d7,5,discover,k5:breakout+breadth_positive+volume_dry,90,74,0.5,0.44482762783547886,0.055172372164521144,0.021183949354665603,0.33383308345827084,False
discover-2026-09-24T07:38:18+00:00,2026-09-24T07:38:18+00:00,0106fab4dc2f35a2,ca09aadca6c719d7,5,discover,k5:breakout+ma_50_rising+market_up,7811,4043,0.4410091516200841,0.44738177984302396,-0.00637262822293988,-0.0023721796025273963,0.6636681659170415,False
discover-2026-09-24T07:38:18+00:00,2026-09-24T07:38:18+00:00,0106fab4dc2f35a2,ca09aadca6c719d7,5,discover,k5:breakout+ma_50_rising+rvol_high,5822,3606,0.44342762063227953,0.44701895383129536,-0.0035913331990158337,-0.0013155722594408044,0.8095952023988006,False
discover-2026-09-24T07:38:18+00:00,2026-09-24T07:38:18+00:00,0106fab4dc2f35a2,ca09aadca6c719d7,5,discover,k5:breakout+ma_50_rising+volume_dry,86,67,0.5373134328358209,0.44701895383129536,0.09029447900452553,0.0248155848160789,0.14492753623188406,False
discover-2026-09-24T07:38:18+00:00,2026-09-24T07:38:18+00:00,0106fab4dc2f35a2,ca09aadca6c719d7,5,discover,k5:breakout+market_up+rvol_high,7231,4535,0.41345093715545755,0.44439564125395803,-0.030944704098500475,-0.004217679471176294,0.010994502748625687,False
discover-2026-09-24T07:38:18+00:00,2026-09-24T07:38:18+00:00,0106fab4dc2f35a2,ca09aadca6c719d7,5,discover,k5:breakout+market_up+volume_dry,94,77,0.4935064935064935,0.44465592268177556,0.04885057082471794,0.01832387950404212,0.3888055972013993,False
discover-2026-09-24T07:38:18+00:00,2026-09-24T07:38:18+00:00,0106fab4dc2f35a2,ca09aadca6c719d7,5,discover,k5:breakout+rvol_high+volume_dry,0,0,,0.44539055713745945,,,1.0,False
validate-2026-09-24T07:46:01+00:00,2026-09-24T07:46:01+00:00,0106fab4dc2f35a2,ca09aadca6c719d7,5,validate,k3:inverted_hammer_shape+above_ma_50,4450,3907,0.4870744816995137,0.47086438438746586,0.01621009731204781,0.0013862981833923868,0.17191404297851073,False
validate-2026-09-24T07:46:01+00:00,2026-09-24T07:46:01+00:00,0106fab4dc2f35a2,ca09aadca6c719d7,5,validate,k3:inverted_hammer_shape+ma_50_rising,4895,4239,0.4956357631516867,0.47171290658864135,0.02392285656304538,0.002565329319954603,0.063968015992004,False
validate-2026-09-24T07:46:01+00:00,2026-09-24T07:46:01+00:00,0106fab4dc2f35a2,ca09aadca6c719d7,5,validate,k3:inverted_hammer_shape+above_ma_50+ma_50_rising,3543,3104,0.49097938144329895,0.47171290658864135,0.0192664748546576,0.0018937306543748576,0.14292853573213393,False
validate-2026-09-24T07:46:01+00:00,2026-09-24T07:46:01+00:00,0106fab4dc2f35a2,ca09aadca6c719d7,5,validate,k3:inverted_hammer_shape+above_ma_50+market_up,3602,3189,0.46503606146127313,0.47086438438746586,-0.0058283229261927305,-0.0009017448093212625,0.7086456771614192,False
validate-2026-09-24T07:46:01+00:00,2026-09-24T07:46:01+00:00,0106fab4dc2f35a2,ca09aadca6c719d7,5,validate,k3:inverted_hammer_shape+breadth_positive+ma_50_rising,2423,2157,0.4918868799258229,0.4766909134750633,0.015195966450759602,0.004878062004419768,0.4107946026986507,False
validate-2026-09-24T07:46:01+00:00,2026-09-24T07:46:01+00:00,0106fab4dc2f35a2,ca09aadca6c719d7,5,validate,k3:marubozu_red,15775,13012,0.4844758684291423,0.46890259960121894,0.01557326882792337,-0.0019414893445505723,0.12293853073463268,False
validate-2026-09-24T07:46:01+00:00,2026-09-24T07:46:01+00:00,0106fab4dc2f35a2,ca09aadca6c719d7,5,validate,k3:marubozu_red+ma_50_rising,7334,6170,0.5090761750405186,0.47171290658864135,0.03736326845187726,0.002808346887539478,0.005997001499250375,True
validate-2026-09-24T07:46:01+00:00,2026-09-24T07:46:01+00:00,0106fab4dc2f35a2,ca09aadca6c719d7,5,validate,k3:marubozu_red+rvol_high,2362,2227,0.4943870678042209,0.4692197722991888,0.025167295505032106,0.0004115784067054334,0.24087956021989004,False
validate-2026-09-24T07:46:01+00:00,2026-09-24T07:46:01+00:00,0106fab4dc2f35a2,ca09aadca6c719d7,5,validate,k3:marubozu_red+breadth_positive+rvol_high,1040,1001,0.5304695304695305,0.4738085142276145,0.056661016241915996,0.009581687652818503,0.09895052473763119,True
validate-2026-09-24T07:46:01+00:00,2026-09-24T07:46:01+00:00,0106fab4dc2f35a2,ca09aadca6c719d7,5,validate,k3:marubozu_red+market_up+rvol_high,1269,1216,0.5304276315789473,0.4692197722991888,0.061207859279758525,0.007108051042593454,0.06096951524237881,True
validate-2026-09-24T07:46:01+00:00,2026-09-24T07:46:01+00:00,0106fab4dc2f35a2,ca09aadca6c719d7,5,validate,k3:bearish_harami,9651,8825,0.4661756373937677,0.4693362611039026,-0.003160623710134869,-0.0015248462800109969,0.7456271864067966,False
validate-2026-09-24T07:46:01+00:00,2026-09-24T07:46:01+00:00,0106fab4dc2f35a2,ca09aadca6c719d7,5,validate,k3:bearish_harami+ma_50_rising,5042,4625,0.4810810810810811,0.47171290658864135,0.009368174492439763,0.00010100221849892648,0.5037481259370314,False
validate-2026-09-24T07:46:01+00:00,2026-09-24T07:46:01+00:00,0106fab4dc2f35a2,ca09aadca6c719d7,5,validate,k3:bearish_harami+above_ma_50+ma_50_rising,4149,3815,0.4867627785058978,0.47171290658864135,0.01504987191725643,0.0010566412656601546,0.22688655672163918,False
validate-2026-09-24T07:46:01+00:00,2026-09-24T07:46:01+00:00,0106fab4dc2f35a2,ca09aadca6c719d7,5,validate,k3:bearish_harami+at_resistance+ma_50_rising,1591,1500,0.486,0.47181272752083175,0.014187272479168234,0.0013236006112753176,0.3808095952023988,False
validate-2026-09-24T07:46:01+00:00,2026-09-24T07:46:01+00:00,0106fab4dc2f35a2,ca09aadca6c719d7,5,validate,k3:evening_star+at_resistance+breadth_positive,70,70,0.5428571428571428,0.47679759345063244,0.06605954940651038,0.014369703526813916,0.26286856571714146,False
validate-2026-09-24T07:46:01+00:00,2026-09-24T07:46:01+00:00,0106fab4dc2f35a2,ca09aadca6c719d7,5,validate,k3:evening_star+at_support+breadth_positive,66,66,0.5,0.47679759345063244,0.02320240654936756,-0.0014409814428520103,0.657671164417791,False
validate-2026-09-24T07:46:01+00:00,2026-09-24T07:46:01+00:00,0106fab4dc2f35a2,ca09aadca6c719d7,5,validate,k3:three_black_crows+rvol_high,162,151,0.5761589403973509,0.4692197722991888,0.10693916809816212,0.015182729453887192,0.026986506746626688,True
validate-2026-09-24T07:46:01+00:00,2026-09-24T07:46:01+00:00,0106fab4dc2f35a2,ca09aadca6c719d7,5,validate,k3:three_black_crows+breadth_positive+rvol_high,58,52,0.6153846153846154,0.4738085142276145,0.14157610115700092,0.01926239077080065,0.10594702648675662,True
validate-2026-09-24T07:46:01+00:00,2026-09-24T07:46:01+00:00,0106fab4dc2f35a2,ca09aadca6c719d7,5,validate,k3:three_black_crows+market_up+rvol_high,79,72,0.5555555555555556,0.4692197722991888,0.08633578325636676,0.007998722989473666,0.26186906546726635,True
validate-2026-09-24T07:46:01+00:00,2026-09-24T07:46:01+00:00,0106fab4dc2f35a2,ca09aadca6c719d7,5,validate,k3:tight_range,22338,8728,0.48327222731439046,0.46985726415587864,0.013414963158511817,1.615277620182428e-05,0.37881059470264866,False
validate-2026-09-24T07:46:01+00:00,2026-09-24T07:46:01+00:00,0106fab4dc2f35a2,ca09aadca6c719d7,5,validate,k3:tight_range+above_ma_50,7836,3409,0.49017307128190085,0.47086438438746586,0.01930868689443499,0.004226735596574491,0.17791104447776113,False
validate-2026-09-24T07:46:01+00:00,2026-09-24T07:46:01+00:00,0106fab4dc2f35a2,ca09aadca6c719d7,5,validate,k3:tight_range+at_resistance,7324,3421,0.48085355159310145,0.47181272752083175,0.009040824072269693,0.0022240158797605645,0.5637181409295352,False
validate-2026-09-24T07:46:01+00:00,2026-09-24T07:46:01+00:00,0106fab4dc2f35a2,ca09aadca6c719d7,5,validate,k3:tight_range+breadth_positive,13544,5633,0.4961832061068702,0.47449294878298487,0.021690257323885354,0.003165849834154133,0.28285857071464265,False
validate-2026-09-24T07:46:01+00:00,2026-09-24T07:46:01+00:00,0106fab4dc2f35a2,ca09aadca6c719d7,5,validate,k3:tight_range+ma_50_rising,9465,3803,0.4953983697081252,0.47171290658864135,0.02368546311948383,0.003931264194754763,0.09995002498750624,False
validate-2026-09-24T07:46:01+00:00,2026-09-24T07:46:01+00:00,0106fab4dc2f35a2,ca09aadca6c719d7,5,validate,k3:tight_range+above_ma_50+at_resistance,3832,1880,0.4702127659574468,0.47181272752083175,-0.001599961563384933,0.002767875147985246,0.8935532233883059,False
validate-2026-09-24T07:46:01+00:00,2026-09-24T07:46:01+00:00,0106fab4dc2f35a2,ca09aadca6c719d7,5,validate,k3:tight_range+above_ma_50+at_support,2754,1424,0.48946629213483145,0.47181272752083175,0.017653564613999695,0.003766688953472107,0.30884557721139433,False
validate-2026-09-24T07:46:01+00:00,2026-09-24T07:46:01+00:00,0106fab4dc2f35a2,ca09aadca6c719d7,5,validate,k3:tight_range+above_ma_50+breadth_positive,5083,2342,0.4918872758326217,0.47567445646311207,0.016212819369509635,0.00477679341711616,0.3658170914542729,False
validate-2026-09-24T07:46:01+00:00,2026-09-24T07:46:01+00:00,0106fab4dc2f35a2,ca09aadca6c719d7,5,validate,k3:tight_range+above_ma_50+ma_50_rising,6331,2712,0.5,0.47171290658864135,0.028287093411358655,0.0053937507655723756,0.05997001499250375,False
validate-2026-09-24T07:46:01+00:00,2026-09-24T07:46:01+00:00,0106fab4dc2f35a2,ca09aadca6c719d7,5,validate,k3:tight_range+above_ma_50+volume_dry,2251,1171,0.49701110162254486,0.47082896790609163,0.026182133716453226,0.0036145703255967003,0.2518740629685157,False
validate-2026-09-24T07:46:01+00:00,2026-09-24T07:46:01+00:00,0106fab4dc2f35a2,ca09aadca6c719d7,5,validate,k3:tight_range+at_resistance+breadth_positive,4999,2435,0.4862422997946612,0.47679759345063244,0.009444706344028775,0.0029849976369001065,0.688655672163918,False
validate-2026-09-24T07:46:01+00:00,2026-09-24T07:46:01+00:00,0106fab4dc2f35a2,ca09aadca6c719d7,5,validate,k3:tight_range+at_resistance+ma_50_rising,4398,2056,0.47324902723735407,0.47181272752083175,0.0014362997165223157,0.0026821914824829633,0.9545227386306847,False
validate-2026-09-24T07:46:01+00:00,2026-09-24T07:46:01+00:00,0106fab4dc2f35a2,ca09aadca6c719d7,5,validate,k3:tight_range+at_resistance+rvol_high,584,488,0.48155737704918034,0.47178134782091863,0.009776029228261707,0.0026828544435357335,0.7386306846576711,False
validate-2026-09-24T07:46:01+00:00,2026-09-24T07:46:01+00:00,0106fab4dc2f35a2,ca09aadca6c719d7,5,validate,k3:tight_range+at_support+ma_50_rising,4028,1848,0.48268398268398266,0.47181272752083175,0.010871255163150906,0.002008566395713403,0.5527236381809095,False
validate-2026-09-24T07:46:01+00:00,2026-09-24T07:46:01+00:00,0106fab4dc2f35a2,ca09aadca6c719d7,5,validate,k3:tight_range+breadth_positive+ma_50_rising,5623,2439,0.4969249692496925,0.4766909134750633,0.020234055774629167,0.0037073796615837264,0.32283858070964516,False
validate-2026-09-24T07:46:01+00:00,2026-09-24T07:46:01+00:00,0106fab4dc2f35a2,ca09aadca6c719d7,5,validate,k3:tight_range+breadth_positive+volume_dry,3478,1797,0.5075125208681135,0.4744576723847655,0.033054848483348,0.004169296535735088,0.3058470764617691,True
validate-2026-09-24T07:46:01+00:00,2026-09-24T07:46:01+00:00,0106fab4dc2f35a2,ca09aadca6c719d7,5,validate,k3:inside_day_run+above_ma_50,2767,2459,0.49816998779991867,0.47086438438746586,0.027305603412452806,0.006047939293067192,0.04397801099450275,False
validate-2026-09-24T07:46:01+00:00,2026-09-24T07:46:01+00:00,0106fab4dc2f35a2,ca09aadca6c719d7,5,validate,k3:inside_day_run+above_ma_50+ma_50_rising,2183,1944,0.5066872427983539,0.47171290658864135,0.03497433620971252,0.007004184622231719,0.021989005497251374,True
validate-2026-09-24T07:46:01+00:00,2026-09-24T07:46:01+00:00,0106fab4dc2f35a2,ca09aadca6c719d7,5,validate,k3:inside_day_run+above_ma_50+market_up,2328,2083,0.49927988478156504,0.47086438438746586,0.02841550039409918,0.006626165933902203,0.0769615192403798,False
validate-2026-09-24T07:46:01+00:00,2026-09-24T07:46:01+00:00,0106fab4dc2f35a2,ca09aadca6c719d7,5,validate,k3:higher_lows+ma_50_rising,1627,1306,0.4992343032159265,0.47171290658864135,0.027521396627285144,0.002703518074630705,0.22288855572213892,False
validate-2026-09-24T07:46:01+00:00,2026-09-24T07:46:01+00:00,0106fab4dc2f35a2,ca09aadca6c719d7,5,validate,k3:higher_lows+above_ma_50+ma_50_rising,1302,1052,0.5009505703422054,0.47171290658864135,0.029237663753564014,0.003348236699040067,0.19990004997501248,False
validate-2026-09-24T07:46:01+00:00,2026-09-24T07:46:01+00:00,0106fab4dc2f35a2,ca09aadca6c719d7,5,validate,k3:higher_lows+breadth_positive+ma_50_rising,947,781,0.5147247119078106,0.4766909134750633,0.038033798432747234,0.005933770490759899,0.1359320339830085,True
validate-2026-09-24T07:46:01+00:00,2026-09-24T07:46:01+00:00,0106fab4dc2f35a2,ca09aadca6c719d7,5,validate,k3:higher_lows+ma_50_rising+market_up,1334,1077,0.49675023212627667,0.47171290658864135,0.025037325537635324,0.0037395837774460323,0.3618190904547726,False
validate-2026-09-24T07:46:01+00:00,2026-09-24T07:46:01+00:00,0106fab4dc2f35a2,ca09aadca6c719d7,5,validate,k3:higher_lows+market_up+rvol_high,157,148,0.4391891891891892,0.4692197722991888,-0.03003058310999962,0.003784098043390004,0.3828085957021489,False
validate-2026-09-24T07:46:01+00:00,2026-09-24T07:46:01+00:00,0106fab4dc2f35a2,ca09aadca6c719d7,5,validate,k3:breakout+volume_dry,139,104,0.5192307692307693,0.4694239563062089,0.04980681292456035,0.01500587696140401,0.3248375812093953,True
validate-2026-09-24T07:46:01+00:00,2026-09-24T07:46:01+00:00,0106fab4dc2f35a2,ca09aadca6c719d7,5,validate,k3:breakout+above_ma_50+volume_dry,124,95,0.5052631578947369,0.47082896790609163,0.034434189988645225,0.006176653594755138,0.4607696151924038,True
validate-2026-09-24T07:46:01+00:00,2026-09-24T07:46:01+00:00,0106fab4dc2f35a2,ca09aadca6c719d7,5,validate,k3:breakout+ma_50_rising+volume_dry,87,65,0.5538461538461539,0.47167678679389113,0.08216936705226274,0.013841359426437796,0.18990504747626186,True
validate-2026-09-24T07:46:01+00:00,2026-09-24T07:46:01+00:00,0106fab4dc2f35a2,ca09aadca6c719d7,5,validate,k5:hammer_shape+at_support,4434,3130,0.4645367412140575,0.4854645108977398,-0.020927769683682262,-0.0007949089858144407,0.07096451774112944,False
validate-2026-09-24T07:46:01+00:00,2026-09-24T07:46:01+00:00,0106fab4dc2f35a2,ca09aadca6c719d7,5,validate,k5:inverted_hammer_shape+ma_50_rising,4865,3913,0.5072834142601584,0.4854128363512912,0.02187057790886726,0.005949760801254937,0.14392803598200898,False
validate-2026-09-24T07:46:01+00:00,2026-09-24T07:46:01+00:00,0106fab4dc2f35a2,ca09aadca6c719d7,5,validate,k5:inverted_hammer_shape+above_ma_50+ma_50_rising,3518,2890,0.5069204152249135,0.4854128363512912,0.021507578873622313,0.0062035586651776635,0.18190904547726136,False
validate-2026-09-24T07:46:01+00:00,2026-09-24T07:46:01+00:00,0106fab4dc2f35a2,ca09aadca6c719d7,5,validate,k5:inverted_hammer_shape+at_resistance+ma_50_rising,1584,1358,0.49410898379970547,0.4854645108977398,0.008644472901965683,0.004222946270595438,0.6146926536731634,False
validate-2026-09-24T07:46:01+00:00,2026-09-24T07:46:01+00:00,0106fab4dc2f35a2,ca09aadca6c719d7,5,validate,k5:marubozu_red,15671,11662,0.4933116103584291,0.48235249478277364,0.010959115575655431,-0.0005771463903763136,0.3268365817091454,False
validate-2026-09-24T07:46:01+00:00,2026-09-24T07:46:01+00:00,0106fab4dc2f35a2,ca09aadca6c719d7,5,validate,k5:marubozu_red+ma_50_rising,7308,5637,0.5075394713500089,0.4854128363512912,0.022126634998717698,0.003659235003809798,0.1329335332333833,False
validate-2026-09-24T07:46:01+00:00,2026-09-24T07:46:01+00:00,0106fab4dc2f35a2,ca09aadca6c719d7,5,validate,k5:marubozu_red+rvol_high,2352,2173,0.51449608835711,0.48314859257237797,0.03134749578473206,0.002024822722170112,0.19790104947526238,True
validate-2026-09-24T07:46:01+00:00,2026-09-24T07:46:01+00:00,0106fab4dc2f35a2,ca09aadca6c719d7,5,validate,k5:marubozu_red+above_ma_50+rvol_high,995,954,0.5482180293501048,0.48459505526669194,0.06362297408341283,0.013636729622651705,0.07296351824087956,True
validate-2026-09-24T07:46:01+00:00,2026-09-24T07:46:01+00:00,0106fab4dc2f35a2,ca09aadca6c719d7,5,validate,k5:marubozu_red+ma_50_rising+rvol_high,1144,1076,0.5492565055762082,0.4853529362478998,0.06390356932830837,0.010291151606475903,0.0769615192403798,True
validate-2026-09-24T07:46:01+00:00,2026-09-24T07:46:01+00:00,0106fab4dc2f35a2,ca09aadca6c719d7,5,validate,k5:marubozu_red+market_up+rvol_high,1261,1192,0.5369127516778524,0.48314859257237797,0.053764159105474385,0.009050733660496291,0.1489255372313843,True
validate-2026-09-24T07:46:01+00:00,2026-09-24T07:46:01+00:00,0106fab4dc2f35a2,ca09aadca6c719d7,5,validate,k5:dark_cloud_cover+at_support+rvol_high,51,51,0.47058823529411764,0.4854043226426884,-0.014816087348570761,0.003751357034913404,0.7976011994002998,False
validate-2026-09-24T07:46:01+00:00,2026-09-24T07:46:01+00:00,0106fab4dc2f35a2,ca09aadca6c719d7,5,validate,k5:evening_star+at_resistance+breadth_positive,70,70,0.6142857142857143,0.49423609875162083,0.12004961553409349,0.02181314565343062,0.051974012993503245,False
validate-2026-09-24T07:46:01+00:00,2026-09-24T07:46:01+00:00,0106fab4dc2f35a2,ca09aadca6c719d7,5,validate,k5:tight_range,22106,7198,0.4972214504028897,0.48389959997243986,0.013321850430449811,0.0012774875839655499,0.4197901049475262,False
validate-2026-09-24T07:46:01+00:00,2026-09-24T07:46:01+00:00,0106fab4dc2f35a2,ca09aadca6c719d7,5,validate,k5:tight_range+above_ma_50,7728,2940,0.507482993197279,0.484653652826551,0.02282934037072798,0.007655445266135364,0.191904047976012,False
validate-2026-09-24T07:46:01+00:00,2026-09-24T07:46:01+00:00,0106fab4dc2f35a2,ca09aadca6c719d7,5,validate,k5:tight_range+at_resistance,7244,2973,0.4944500504540868,0.4854645108977398,0.00898553955634701,0.0039043611572740777,0.6096951524237881,False
validate-2026-09-24T07:46:01+00:00,2026-09-24T07:46:01+00:00,0106fab4dc2f35a2,ca09aadca6c719d7,5,validate,k5:tight_range+ma_50_rising,9382,3220,0.5083850931677019,0.4854128363512912,0.022972256816410686,0.007387880136030297,0.2098950524737631,False
validate-2026-09-24T07:46:01+00:00,2026-09-24T07:46:01+00:00,0106fab4dc2f35a2,ca09aadca6c719d7,5,validate,k5:tight_range+above_ma_50+at_resistance,3775,1667,0.49610077984403117,0.4854645108977398,0.010636268946291383,0.004773866836479363,0.6446776611694153,False
validate-2026-09-24T07:46:01+00:00,2026-09-24T07:46:01+00:00,0106fab4dc2f35a2,ca09aadca6c719d7,5,validate,k5:tight_range+above_ma_50+at_support,2709,1261,0.514670896114195,0.4854645108977398,0.029206385216455244,0.006369592173024671,0.15992003998001,False
validate-2026-09-24T07:46:01+00:00,2026-09-24T07:46:01+00:00,0106fab4dc2f35a2,ca09aadca6c719d7,5,validate,k5:tight_range+above_ma_50+breadth_positive,5055,2084,0.517274472168906,0.49312876041059484,0.02414571175831115,0.008480187650603927,0.2608695652173913,False
validate-2026-09-24T07:46:01+00:00,2026-09-24T07:46:01+00:00,0106fab4dc2f35a2,ca09aadca6c719d7,5,validate,k5:tight_range+above_ma_50+ma_50_rising,6263,2335,0.5139186295503212,0.4854128363512912,0.028505793199030016,0.010050624743688268,0.15692153923038482,False
validate-2026-09-24T07:46:01+00:00,2026-09-24T07:46:01+00:00,0106fab4dc2f35a2,ca09aadca6c719d7,5,validate,k5:tight_range+above_ma_50+volume_dry,2208,1062,0.512241054613936,0.4845990943682099,0.02764196024572607,0.007089005690291765,0.2538730634682659,False
validate-2026-09-24T07:46:01+00:00,2026-09-24T07:46:01+00:00,0106fab4dc2f35a2,ca09aadca6c719d7,5,validate,k5:tight_range+at_resistance+breadth_positive,4986,2168,0.503690036900369,0.49423609875162083,0.00945393814874812,0.0059214148643906145,0.7086456771614192,False
validate-2026-09-24T07:46:01+00:00,2026-09-24T07:46:01+00:00,0106fab4dc2f35a2,ca09aadca6c719d7,5,validate,k5:tight_range+at_resistance+ma_50_rising,4352,1798,0.5038932146829811,0.4854645108977398,0.018428703785241307,0.004702249067113926,0.42278860569715143,False
validate-2026-09-24T07:46:01+00:00,2026-09-24T07:46:01+00:00,0106fab4dc2f35a2,ca09aadca6c719d7,5,validate,k5:tight_range+breadth_positive+ma_50_rising,5605,2120,0.5099056603773585,0.4941038929489645,0.01580176742839401,0.007528563246762071,0.5177411294352824,False
validate-2026-09-24T07:46:01+00:00,2026-09-24T07:46:01+00:00,0106fab4dc2f35a2,ca09aadca6c719d7,5,validate,k5:inside_day_run+above_ma_50,2743,2349,0.5125585355470413,0.484653652826551,0.027904882720490354,0.010256287653598265,0.07196401799100449,False
validate-2026-09-24T07:46:01+00:00,2026-09-24T07:46:01+00:00,0106fab4dc2f35a2,ca09aadca6c719d7,5,validate,k5:inside_day_run+at_support,2156,1818,0.47084708470847086,0.4854645108977398,-0.014617426189268923,0.001168782773038204,0.3428285857071464,False
validate-2026-09-24T07:46:01+00:00,2026-09-24T07:46:01+00:00,0106fab4dc2f35a2,ca09aadca6c719d7,5,validate,k5:higher_lows+above_ma_50,1670,1291,0.4972889233152595,0.484653652826551,0.012635270488708494,0.004855034765423828,0.5287356321839081,False
validate-2026-09-24T07:46:01+00:00,2026-09-24T07:46:01+00:00,0106fab4dc2f35a2,ca09aadca6c719d7,5,validate,k5:higher_lows+breadth_positive,1784,1408,0.5078125,0.4910943840411362,0.0167181159588638,0.008267150345003913,0.44177911044477763,False
validate-2026-09-24T07:46:01+00:00,2026-09-24T07:46:01+00:00,0106fab4dc2f35a2,ca09aadca6c719d7,5,validate,k5:higher_lows+ma_50_rising,1615,1254,0.5063795853269537,0.4854128363512912,0.02096674897566253,0.004283780180030881,0.384807596201899,False
validate-2026-09-24T07:46:01+00:00,2026-09-24T07:46:01+00:00,0106fab4dc2f35a2,ca09aadca6c719d7,5,validate,k5:higher_lows+above_ma_50+breadth_positive,1112,890,0.503370786516854,0.49312876041059484,0.010242026106259128,0.007835135484625482,0.6686656671664168,False
validate-2026-09-24T07:46:01+00:00,2026-09-24T07:46:01+00:00,0106fab4dc2f35a2,ca09aadca6c719d7,5,validate,k5:higher_lows+above_ma_50+ma_50_rising,1291,1009,0.4975222993062438,0.4854128363512912,0.012109462954952632,0.005029686225758115,0.6126936531734133,False
validate-2026-09-24T07:46:01+00:00,2026-09-24T07:46:01+00:00,0106fab4dc2f35a2,ca09aadca6c719d7,5,validate,k5:higher_lows+breadth_positive+ma_50_rising,942,756,0.5145502645502645,0.4941038929489645,0.02044637160130003,0.008861395726832809,0.463768115942029,False
validate-2026-09-24T07:46:01+00:00,2026-09-24T07:46:01+00:00,0106fab4dc2f35a2,ca09aadca6c719d7,5,validate,k5:higher_lows+breadth_positive+market_up,1402,1119,0.5102770330652369,0.4910943840411362,0.019182649024100662,0.008670431670983345,0.431784107946027,False
validate-2026-09-24T07:46:01+00:00,2026-09-24T07:46:01+00:00,0106fab4dc2f35a2,ca09aadca6c719d7,5,validate,k5:higher_lows+ma_50_rising+market_up,1321,1035,0.5101449275362319,0.4854128363512912,0.024732091184940685,0.005748433373867144,0.39280359820089955,False
validate-2026-09-24T07:46:01+00:00,2026-09-24T07:46:01+00:00,0106fab4dc2f35a2,ca09aadca6c719d7,5,validate,k5:breakout,15809,8241,0.4413299356874166,0.483205803637706,-0.041875867950289414,-0.002420915409432221,0.0029985007496251873,False
validate-2026-09-24T07:46:01+00:00,2026-09-24T07:46:01+00:00,0106fab4dc2f35a2,ca09aadca6c719d7,5,validate,k5:breakout+rvol_high,9774,6122,0.44495262985952305,0.48314859257237797,-0.038195962712854914,-0.0017854872388465015,0.008995502248875561,False
holdout-2026-09-24T08:46:45+00:00,2026-09-24T08:46:45+00:00,0106fab4dc2f35a2,e578e531d4fd14c3,5,holdout,k3:marubozu_red+ma_50_rising,4628,3943,0.44762870910474256,0.40371212985251126,0.0439165792522313,-0.002882871326547397,0.0029985007496251873,False
holdout-2026-09-24T08:46:45+00:00,2026-09-24T08:46:45+00:00,0106fab4dc2f35a2,e578e531d4fd14c3,5,holdout,k3:marubozu_red+breadth_positive+rvol_high,518,501,0.5289421157684631,0.40514693614891434,0.12379517961954872,0.007707208019274658,0.021989005497251374,True
holdout-2026-09-24T08:46:45+00:00,2026-09-24T08:46:45+00:00,0106fab4dc2f35a2,e578e531d4fd14c3,5,holdout,k3:marubozu_red+market_up+rvol_high,922,885,0.4497175141242938,0.40504298255096177,0.04467453157333201,-0.0035894004460226944,0.3598200899550225,False
holdout-2026-09-24T08:46:45+00:00,2026-09-24T08:46:45+00:00,0106fab4dc2f35a2,e578e531d4fd14c3,5,holdout,k3:three_black_crows+rvol_high,187,177,0.4180790960451977,0.40504298255096177,0.013036113494235946,-0.004071355410038309,0.703648175912044,False
holdout-2026-09-24T08:46:45+00:00,2026-09-24T08:46:45+00:00,0106fab4dc2f35a2,e578e531d4fd14c3,5,holdout,k3:three_black_crows+breadth_positive+rvol_high,53,49,0.4897959183673469,0.40514693614891434,0.08464898221843259,0.008131540784230763,0.31984007996002,True
holdout-2026-09-24T08:46:45+00:00,2026-09-24T08:46:45+00:00,0106fab4dc2f35a2,e578e531d4fd14c3,5,holdout,k3:three_black_crows+market_up+rvol_high,109,101,0.37623762376237624,0.40504298255096177,-0.028805358788585533,-0.00903006658856228,0.6286856571714143,False
holdout-2026-09-24T08:46:45+00:00,2026-09-24T08:46:45+00:00,0106fab4dc2f35a2,e578e531d4fd14c3,5,holdout,k3:tight_range+breadth_positive+volume_dry,1962,1196,0.41387959866220736,0.40554106323648464,0.008338535425722715,-0.0007198230752309164,0.8695652173913043,False
holdout-2026-09-24T08:46:45+00:00,2026-09-24T08:46:45+00:00,0106fab4dc2f35a2,e578e531d4fd14c3,5,holdout,k3:inside_day_run+above_ma_50+ma_50_rising,1393,1247,0.46351242983159585,0.40371212985251126,0.05980029997908459,-0.0005097363611136278,0.0009995002498750624,False
holdout-2026-09-24T08:46:45+00:00,2026-09-24T08:46:45+00:00,0106fab4dc2f35a2,e578e531d4fd14c3,5,holdout,k3:higher_lows+breadth_positive+ma_50_rising,652,508,0.43700787401574803,0.40372071918779423,0.0332871548279538,0.0017108050064703,0.3428285857071464,True
holdout-2026-09-24T08:46:45+00:00,2026-09-24T08:46:45+00:00,0106fab4dc2f35a2,e578e531d4fd14c3,5,holdout,k3:breakout+volume_dry,62,46,0.5,0.4053199563994133,0.09468004360058668,0.006668573287730727,0.08695652173913043,True
holdout-2026-09-24T08:46:45+00:00,2026-09-24T08:46:45+00:00,0106fab4dc2f35a2,e578e531d4fd14c3,5,holdout,k3:breakout+above_ma_50+volume_dry,46,34,0.4411764705882353,0.4038262698595577,0.03735020072867756,0.004352642859900926,0.63968015992004,True
holdout-2026-09-24T08:46:45+00:00,2026-09-24T08:46:45+00:00,0106fab4dc2f35a2,e578e531d4fd14c3,5,holdout,k3:breakout+ma_50_rising+volume_dry,32,24,0.3333333333333333,0.40371212985251126,-0.07037879651917794,-0.018129935163895564,1.0,False
holdout-2026-09-24T08:46:45+00:00,2026-09-24T08:46:45+00:00,0106fab4dc2f35a2,e578e531d4fd14c3,5,holdout,k5:marubozu_red+rvol_high,1599,1485,0.49023569023569025,0.4190481625199726,0.07118752771571762,-0.0001369351451905928,0.0029985007496251873,False
holdout-2026-09-24T08:46:45+00:00,2026-09-24T08:46:45+00:00,0106fab4dc2f35a2,e578e531d4fd14c3,5,holdout,k5:marubozu_red+above_ma_50+rvol_high,596,569,0.4727592267135325,0.4171842711398746,0.05557495557365788,-0.0010298554528265307,0.5947026486756621,False
holdout-2026-09-24T08:46:45+00:00,2026-09-24T08:46:45+00:00,0106fab4dc2f35a2,e578e531d4fd14c3,5,holdout,k5:marubozu_red+ma_50_rising+rvol_high,782,741,0.5141700404858299,0.4170160043784996,0.09715403610733031,0.0026579499952522623,0.0069965017491254375,True
holdout-2026-09-24T08:46:45+00:00,2026-09-24T08:46:45+00:00,0106fab4dc2f35a2,e578e531d4fd14c3,5,holdout,k5:marubozu_red+market_up+rvol_high,924,871,0.45464982778415614,0.4190481625199726,0.03560166526418351,-0.004984983159234848,0.5847076461769115,False
